index,loctype,y_loc,x_loc,demand,capacity,setup_cost,cluster,cen_x_loc,cen_y_loc,centroid_dist
0,Facility,65033.169756,65033.169756,0,8000,2141200.0,20,67619.86741065,65692.12103714999,2669.3110623344346
62,Facility,67523.970903,74141.351351,0,8000,2012772.0,20,67619.86741065,65692.12103714999,6773.878262506475
63,Facility,64509.452372,63860.755378,0,8000,1939489.0,20,67619.86741065,65692.12103714999,3940.7649569013424
69,Facility,69310.933935,62710.983606,0,8000,1380954.0,20,67619.86741065,65692.12103714999,6098.602052700319
84,Facility,63809.379107,70911.090634,0,8000,2090026.0,20,67619.86741065,65692.12103714999,3791.6839901900116
85,Facility,68453.49182,62174.625982,0,8000,1483706.0,20,67619.86741065,65692.12103714999,6105.392928932906
92,Facility,65265.21975,74843.085561,0,8000,1973427.0,20,67619.86741065,65692.12103714999,7235.8223552348245
94,Facility,71102.246721,70797.354002,0,8000,1851890.0,20,67619.86741065,65692.12103714999,6274.223533893463
20,Customer,65964.282942,67884.235353,63,0,0.0,20,67619.86741065,65692.12103714999,379.423920429328
46,Customer,70134.016362,68612.789726,44,0,0.0,20,67619.86741065,65692.12103714999,4551.519394800415
181,Customer,64875.652573,63647.121277,48,0,0.0,20,67619.86741065,65692.12103714999,4055.77768071457
344,Customer,59557.190276,67457.912407,52,0,0.0,20,67619.86741065,65692.12103714999,6137.068100266744
405,Customer,65610.710237,63444.532554,77,0,0.0,20,67619.86741065,65692.12103714999,4176.128456302264
477,Customer,55227.864671,69674.300076,83,0,0.0,20,67619.86741065,65692.12103714999,10664.021515027418
490,Customer,65686.681539,66806.234775,71,0,0.0,20,67619.86741065,65692.12103714999,813.6508181860795
685,Customer,65891.387047,71618.157861,59,0,0.0,20,67619.86741065,65692.12103714999,4003.2528608672187
758,Customer,67530.086053,63946.30906,45,0,0.0,20,67619.86741065,65692.12103714999,4107.693556622606
871,Customer,62462.41225,67064.810496,58,0,0.0,20,67619.86741065,65692.12103714999,3277.0576785120256
951,Customer,69875.666149,64053.029898,44,0,0.0,20,67619.86741065,65692.12103714999,5497.670374306856
977,Customer,66018.60628,73715.49846,47,0,0.0,20,67619.86741065,65692.12103714999,6104.368149415523
1,Facility,84711.90578,83718.417816,0,8000,2107403.0,39,86974.37640973333,85985.8511445,3496.312794335911
17,Facility,88644.81735,85452.952309,0,8000,1986043.0,39,86974.37640973333,85985.8511445,3063.467410677526
18,Facility,82877.952891,86402.546821,0,8000,2155053.0,39,86974.37640973333,85985.8511445,3160.0665550996473
39,Facility,89018.941373,90384.174763,0,8000,1909519.0,39,86974.37640973333,85985.8511445,4563.590816907473
93,Facility,84310.002815,90571.180338,0,8000,1696356.0,39,86974.37640973333,85985.8511445,3968.05571053161
18,Customer,83058.968933,92937.033757,40,0,0.0,39,86974.37640973333,85985.8511445,6642.282899794942
98,Customer,86055.91699,81888.945887,33,0,0.0,39,86974.37640973333,85985.8511445,5085.913175060454
148,Customer,83900.103623,92967.374687,38,0,0.0,39,86974.37640973333,85985.8511445,6345.578860495288
206,Customer,90638.888736,88628.544549,53,0,0.0,39,86974.37640973333,85985.8511445,4938.322697118624
216,Customer,83374.560918,87222.872907,76,0,0.0,39,86974.37640973333,85985.8511445,2623.0873329281717
303,Customer,88148.248367,91906.426077,42,0,0.0,39,86974.37640973333,85985.8511445,5385.264679499131
339,Customer,82774.48486,92639.704795,49,0,0.0,39,86974.37640973333,85985.8511445,6512.205396494461
347,Customer,87334.315955,86405.67035,36,0,0.0,39,86974.37640973333,85985.8511445,1463.4834906941037
457,Customer,86477.699927,88926.335003,49,0,0.0,39,86974.37640973333,85985.8511445,2012.9723233751395
486,Customer,86354.919175,85643.566145,35,0,0.0,39,86974.37640973333,85985.8511445,1381.038439673835
489,Customer,80463.165984,85980.428247,33,0,0.0,39,86974.37640973333,85985.8511445,5611.4155372960795
523,Customer,81982.065453,84207.153556,45,0,0.0,39,86974.37640973333,85985.8511445,4867.01368250431
551,Customer,91364.837469,90192.040303,39,0,0.0,39,86974.37640973333,85985.8511445,6267.922686918693
623,Customer,86659.445552,84582.783194,35,0,0.0,39,86974.37640973333,85985.8511445,2484.6423354996123
645,Customer,86570.466799,85616.347884,48,0,0.0,39,86974.37640973333,85985.8511445,1478.5184950455996
669,Customer,84346.096422,83032.145612,32,0,0.0,39,86974.37640973333,85985.8511445,4269.657973720882
686,Customer,84446.687923,88614.465529,39,0,0.0,39,86974.37640973333,85985.8511445,2249.2033570922717
709,Customer,86275.103768,84122.840767,46,0,0.0,39,86974.37640973333,85985.8511445,2866.1686276247297
734,Customer,87775.574168,86032.13989,44,0,0.0,39,86974.37640973333,85985.8511445,2022.6018293191478
813,Customer,87719.622965,83017.16832,52,0,0.0,39,86974.37640973333,85985.8511445,4320.354220548454
823,Customer,86388.691141,81649.455948,35,0,0.0,39,86974.37640973333,85985.8511445,5340.136513851161
832,Customer,87277.299178,91122.083881,65,0,0.0,39,86974.37640973333,85985.8511445,4344.112716128844
863,Customer,88670.309305,87942.625199,54,0,0.0,39,86974.37640973333,85985.8511445,2853.738133289634
876,Customer,84199.752901,81975.860421,26,0,0.0,39,86974.37640973333,85985.8511445,5308.041920054562
966,Customer,87754.687614,85448.007337,33,0,0.0,39,86974.37640973333,85985.8511445,2336.3614878759663
2,Facility,109445.313546,60930.988032,0,8000,1840969.0,32,65360.343707,112927.72155016667,5634.390579569251
44,Facility,108788.562431,66315.27071,0,8000,2042697.0,32,65360.343707,112927.72155016667,4247.884625886058
66,Facility,115766.306691,66711.12779,0,8000,1552478.0,32,65360.343707,112927.72155016667,3143.5940006059914
82,Facility,111607.151408,69195.176595,0,8000,1563322.0,32,65360.343707,112927.72155016667,4055.841315839227
85,Customer,115403.397118,60550.271237,77,0,0.0,32,65360.343707,112927.72155016667,5409.784347256254
177,Customer,110373.19021,64613.543876,46,0,0.0,32,65360.343707,112927.72155016667,2661.4545563423244
263,Customer,119954.593511,66169.990458,77,0,0.0,32,65360.343707,112927.72155016667,7073.3625253729615
304,Customer,111959.840126,65648.201876,62,0,0.0,32,65360.343707,112927.72155016667,1009.7805586893307
362,Customer,107686.625742,63815.516465,57,0,0.0,32,65360.343707,112927.72155016667,5464.025665936011
430,Customer,117304.725866,67786.557003,78,0,0.0,32,65360.343707,112927.72155016667,5004.46577953239
438,Customer,107783.184978,66600.022689,82,0,0.0,32,65360.343707,112927.72155016667,5291.791806257391
497,Customer,117809.982684,69239.344777,65,0,0.0,32,65360.343707,112927.72155016667,6235.633334313426
556,Customer,110683.70082,65171.910396,47,0,0.0,32,65360.343707,112927.72155016667,2251.918326696633
604,Customer,111406.443955,65308.492526,49,0,0.0,32,65360.343707,112927.72155016667,1522.1609857459823
627,Customer,113564.496763,66726.369901,89,0,0.0,32,65360.343707,112927.72155016667,1507.153022878919
659,Customer,112628.034796,65317.013472,68,0,0.0,32,65360.343707,112927.72155016667,302.8030050843323
793,Customer,110434.937105,65691.707366,73,0,0.0,32,65360.343707,112927.72155016667,2514.711944651062
824,Customer,120098.500153,60694.681557,84,0,0.0,32,65360.343707,112927.72155016667,8555.025953718376
3,Facility,117468.244424,79127.643466,0,8000,2217151.0,15,79455.0298887857,121290.47157707142,3836.2223970334258
16,Facility,116417.619487,80074.430748,0,8000,1853838.0,15,79455.0298887857,121290.47157707142,4912.061167789833
26,Customer,115108.757156,74353.638144,77,0,0.0,15,79455.0298887857,121290.47157707142,8014.848153112454
86,Customer,122709.791913,72112.868668,72,0,0.0,15,79455.0298887857,121290.47157707142,7478.088098437321
164,Customer,117563.48605,80339.533964,64,0,0.0,15,79455.0298887857,121290.47157707142,3830.5050030081557
221,Customer,126006.983021,78450.116053,65,0,0.0,15,79455.0298887857,121290.47157707142,4822.378253316788
376,Customer,124597.897722,75916.474531,68,0,0.0,15,79455.0298887857,121290.47157707142,4843.598014314461
502,Customer,122014.850057,83155.731126,82,0,0.0,15,79455.0298887857,121290.47157707142,3770.9301013547088
521,Customer,134265.556991,84084.231949,89,0,0.0,15,79455.0298887857,121290.47157707142,13776.151611137053
547,Customer,119060.307382,71965.363632,60,0,0.0,15,79455.0298887857,121290.47157707142,7814.648614941883
561,Customer,118298.355895,87065.816822,73,0,0.0,15,79455.0298887857,121290.47157707142,8177.825750019566
639,Customer,116522.399346,85975.657381,59,0,0.0,15,79455.0298887857,121290.47157707142,8077.938827011209
696,Customer,122262.992845,78487.474372,78,0,0.0,15,79455.0298887857,121290.47157707142,1371.8459442065155
915,Customer,125769.35979,81261.437587,94,0,0.0,15,79455.0298887857,121290.47157707142,4829.4459719597635
4,Facility,59030.55297,91917.231873,0,8000,2164343.0,28,93057.30249113333,56735.16253193333,2562.923775202611
23,Facility,52441.183016,98724.942302,0,8000,1666265.0,28,93057.30249113333,56735.16253193333,7110.583738975002
26,Facility,58356.318556,90940.200963,0,8000,2061436.0,28,93057.30249113333,56735.16253193333,2666.508153895682
58,Facility,60176.405768,87775.497631,0,8000,1562645.0,28,93057.30249113333,56735.16253193333,6303.936674039692
73,Facility,59754.592872,96892.208267,0,8000,1708404.0,28,93057.30249113333,56735.16253193333,4880.928383851846
115,Customer,59315.37736,88916.783437,78,0,0.0,28,93057.30249113333,56735.16253193333,4878.668527028276
180,Customer,51509.880398,98558.042333,60,0,0.0,28,93057.30249113333,56735.16253193333,7586.943533933954
261,Customer,57770.297871,88469.536693,44,0,0.0,28,93057.30249113333,56735.16253193333,4703.0947458781475
321,Customer,51871.590543,98343.556495,77,0,0.0,28,93057.30249113333,56735.16253193333,7183.231437517051
618,Customer,59876.486536,93706.470275,68,0,0.0,28,93057.30249113333,56735.16253193333,3207.6993796388992
710,Customer,53081.530046,95334.834822,53,0,0.0,28,93057.30249113333,56735.16253193333,4305.366867110206
714,Customer,60348.570421,90109.790086,56,0,0.0,28,93057.30249113333,56735.16253193333,4663.104754472511
807,Customer,51637.677693,94708.761492,54,0,0.0,28,93057.30249113333,56735.16253193333,5358.327025732821
842,Customer,53159.017598,91989.440394,70,0,0.0,28,93057.30249113333,56735.16253193333,3732.1765830398544
924,Customer,62697.956331,89472.240304,62,0,0.0,28,93057.30249113333,56735.16253193333,6957.5556609919495
5,Facility,112718.7009,92347.056597,0,8000,2158091.0,43,95858.02078181818,119585.67851518182,7712.473732498815
215,Customer,114520.153355,97839.244622,77,0,0.0,43,95858.02078181818,119585.67851518182,5439.190477758598
320,Customer,115392.43685,91894.874428,98,0,0.0,43,95858.02078181818,119585.67851518182,5769.73176884326
353,Customer,119434.132015,97017.336675,100,0,0.0,43,95858.02078181818,119585.67851518182,1169.179063232538
382,Customer,116916.04628,89461.882732,61,0,0.0,43,95858.02078181818,119585.67851518182,6930.910345939691
677,Customer,121100.747717,102585.16675,75,0,0.0,43,95858.02078181818,119585.67851518182,6895.6455508910085
689,Customer,120070.246567,95607.011704,74,0,0.0,43,95858.02078181818,119585.67851518182,545.7213153157884
819,Customer,120750.624856,105669.336049,75,0,0.0,43,95858.02078181818,119585.67851518182,9880.23315762441
841,Customer,125478.632099,96337.633308,73,0,0.0,43,95858.02078181818,119585.67851518182,5912.4385930262315
956,Customer,127746.477401,95237.483965,80,0,0.0,43,95858.02078181818,119585.67851518182,8184.357298884137
985,Customer,121314.265627,90441.20177,89,0,0.0,43,95858.02078181818,119585.67851518182,5685.942455735796
6,Facility,88676.328787,62035.45319,0,8000,2223692.0,24,69931.11176947059,88946.38378779411,7900.275571587452
79,Facility,87018.288465,67468.085786,0,8000,1990010.0,24,69931.11176947059,88946.38378779411,3127.94638205833
99,Facility,89200.309378,68972.37003,0,8000,1730312.0,24,69931.11176947059,88946.38378779411,991.7983304908784
8,Customer,86057.745732,65134.914477,51,0,0.0,24,69931.11176947059,88946.38378779411,5598.90509704212
29,Customer,86113.816467,69892.382324,35,0,0.0,24,69931.11176947059,88946.38378779411,2832.83208058247
39,Customer,93907.275473,67421.35974,47,0,0.0,24,69931.11176947059,88946.38378779411,5559.613436361981
64,Customer,89482.332957,74283.715588,44,0,0.0,24,69931.11176947059,88946.38378779411,4385.476201400407
97,Customer,86928.148635,73276.29017,33,0,0.0,24,69931.11176947059,88946.38378779411,3906.8518865375872
160,Customer,89157.60008,73255.66171,28,0,0.0,24,69931.11176947059,88946.38378779411,3331.252711693802
161,Customer,84998.602813,69586.966177,39,0,0.0,24,69931.11176947059,88946.38378779411,3962.7529337271635
184,Customer,83835.136945,71226.242668,32,0,0.0,24,69931.11176947059,88946.38378779411,5272.779943473683
196,Customer,88212.548279,74266.786192,27,0,0.0,24,69931.11176947059,88946.38378779411,4397.338655612375
208,Customer,88973.697553,75154.1154,30,0,0.0,24,69931.11176947059,88946.38378779411,5223.075048885768
249,Customer,94240.544134,70682.663999,39,0,0.0,24,69931.11176947059,88946.38378779411,5347.23896277784
274,Customer,86244.489259,72287.274078,29,0,0.0,24,69931.11176947059,88946.38378779411,3584.9316407516385
317,Customer,91823.920966,72918.362013,71,0,0.0,24,69931.11176947059,88946.38378779411,4147.756529670431
329,Customer,90508.729212,66106.731927,67,0,0.0,24,69931.11176947059,88946.38378779411,4131.198906374815
351,Customer,93262.674149,70129.257713,62,0,0.0,24,69931.11176947059,88946.38378779411,4320.836064603239
370,Customer,89980.916991,67947.775406,41,0,0.0,24,69931.11176947059,88946.38378779411,2236.9358683699875
391,Customer,88428.897524,71261.083694,43,0,0.0,24,69931.11176947059,88946.38378779411,1427.1010311999826
513,Customer,85799.928271,70997.539853,43,0,0.0,24,69931.11176947059,88946.38378779411,3322.2659701631833
615,Customer,90465.140603,71075.565933,33,0,0.0,24,69931.11176947059,88946.38378779411,1901.6828326916582
638,Customer,93714.237858,69803.982789,35,0,0.0,24,69931.11176947059,88946.38378779411,4769.548638231325
700,Customer,86116.544071,69809.186412,32,0,0.0,24,69931.11176947059,88946.38378779411,2832.4651128548303
712,Customer,92005.486871,72756.504801,36,0,0.0,24,69931.11176947059,88946.38378779411,4164.24752581961
724,Customer,91990.780548,72080.30389,32,0,0.0,24,69931.11176947059,88946.38378779411,3726.577304242831
727,Customer,92240.75691,70814.558815,31,0,0.0,24,69931.11176947059,88946.38378779411,3410.7730722766046
774,Customer,90891.08671,69801.251254,49,0,0.0,24,69931.11176947059,88946.38378779411,1949.0339168712333
784,Customer,87613.613798,61417.342529,69,0,0.0,24,69931.11176947059,88946.38378779411,8617.455687479856
795,Customer,85106.969932,68636.627768,35,0,0.0,24,69931.11176947059,88946.38378779411,4051.7635155728235
884,Customer,84848.004977,70424.815481,56,0,0.0,24,69931.11176947059,88946.38378779411,4128.008264471382
910,Customer,89439.689311,64937.170382,41,0,0.0,24,69931.11176947059,88946.38378779411,5018.246797509778
919,Customer,89351.07771,71609.867469,30,0,0.0,24,69931.11176947059,88946.38378779411,1726.846220534092
968,Customer,87541.727416,70185.590504,62,0,0.0,24,69931.11176947059,88946.38378779411,1427.5219610042805
7,Facility,118582.516079,55592.006846,0,8000,2113995.0,44,55547.90276070588,112197.09589247059,6385.572498130204
56,Facility,110575.79133,56550.677569,0,8000,1396759.0,44,55547.90276070588,112197.09589247059,1906.3540595695454
87,Facility,111397.953042,54609.389264,0,8000,1513649.0,44,55547.90276070588,112197.09589247059,1232.6544036985297
3,Customer,105420.599696,53234.223819,61,0,0.0,44,55547.90276070588,112197.09589247059,7160.587332480038
222,Customer,107711.524091,56654.042763,62,0,0.0,44,55547.90276070588,112197.09589247059,4619.945896958466
237,Customer,113165.808355,59155.026539,89,0,0.0,44,55547.90276070588,112197.09589247059,3734.9358477749815
270,Customer,110703.608319,60420.363557,64,0,0.0,44,55547.90276070588,112197.09589247059,5096.21225456065
288,Customer,120760.486066,51614.890362,85,0,0.0,44,55547.90276070588,112197.09589247059,9423.387808663834
314,Customer,120857.460156,53668.015368,83,0,0.0,44,55547.90276070588,112197.09589247059,8862.047494020318
366,Customer,120443.915059,54624.0228,77,0,0.0,44,55547.90276070588,112197.09589247059,8298.408314082335
481,Customer,111831.229765,59549.369711,66,0,0.0,44,55547.90276070588,112197.09589247059,4018.1582569040806
524,Customer,113683.954406,58182.444513,69,0,0.0,44,55547.90276070588,112197.09589247059,3025.15429091408
708,Customer,106709.835698,56253.827201,76,0,0.0,44,55547.90276070588,112197.09589247059,5532.48169967385
756,Customer,105268.451441,57260.088025,62,0,0.0,44,55547.90276070588,112197.09589247059,7137.06468473981
820,Customer,113412.252718,55242.278376,68,0,0.0,44,55547.90276070588,112197.09589247059,1253.0013468299082
851,Customer,109559.909471,53347.904334,90,0,0.0,44,55547.90276070588,112197.09589247059,3434.347871008001
964,Customer,107265.33448,48355.775885,75,0,0.0,44,55547.90276070588,112197.09589247059,8720.60546211011
8,Facility,88301.311834,80869.900369,0,8000,1669402.0,5,79954.06500977419,92544.97815519354,4341.365942977011
12,Facility,93502.627658,79623.107699,0,8000,1686024.0,5,79954.06500977419,92544.97815519354,1013.2252028943661
37,Facility,89016.363861,76485.786854,0,8000,1859829.0,5,79954.06500977419,92544.97815519354,4947.734047319777
47,Facility,90868.844033,76497.644456,0,8000,1714556.0,5,79954.06500977419,92544.97815519354,3841.388894675236
49,Facility,97887.173593,81204.313557,0,8000,1504878.0,5,79954.06500977419,92544.97815519354,5486.544771125116
57,Facility,93741.34126,82021.201807,0,8000,1703038.0,5,79954.06500977419,92544.97815519354,2388.3758533755
59,Facility,97396.194535,82182.717197,0,8000,1444648.0,5,79954.06500977419,92544.97815519354,5338.650666163585
71,Facility,95786.273199,85066.449768,0,8000,1940815.0,5,79954.06500977419,92544.97815519354,6053.302526484526
90,Facility,88967.850485,79175.210816,0,8000,1759941.0,5,79954.06500977419,92544.97815519354,3660.936522807233
145,Customer,96564.366025,76621.134122,41,0,0.0,5,79954.06500977419,92544.97815519354,5221.485147984859
192,Customer,94917.600425,82550.716362,41,0,0.0,5,79954.06500977419,92544.97815519354,3517.376107298974
204,Customer,95049.944275,79213.661296,48,0,0.0,5,79954.06500977419,92544.97815519354,2612.097417928516
228,Customer,93343.326932,81974.213525,44,0,0.0,5,79954.06500977419,92544.97815519354,2172.1788123903157
231,Customer,90862.262758,84105.819423,41,0,0.0,5,79954.06500977419,92544.97815519354,4479.798635618814
276,Customer,92160.956734,80652.413695,36,0,0.0,5,79954.06500977419,92544.97815519354,796.9713533698168
285,Customer,92972.773177,77172.975623,57,0,0.0,5,79954.06500977419,92544.97815519354,2813.7993457086427
307,Customer,90336.292611,77341.709149,32,0,0.0,5,79954.06500977419,92544.97815519354,3420.92019439957
363,Customer,93197.788529,85537.25085,40,0,0.0,5,79954.06500977419,92544.97815519354,5621.220998203796
439,Customer,87413.476241,81639.226575,55,0,0.0,5,79954.06500977419,92544.97815519354,5401.118531960425
478,Customer,94383.977989,80968.470608,66,0,0.0,5,79954.06500977419,92544.97815519354,2100.2235848718738
501,Customer,97798.391599,74424.196325,62,0,0.0,5,79954.06500977419,92544.97815519354,7627.437347000144
528,Customer,88279.312476,77238.709836,37,0,0.0,5,79954.06500977419,92544.97815519354,5056.585548212544
601,Customer,94102.626392,76639.985355,49,0,0.0,5,79954.06500977419,92544.97815519354,3661.8836666140155
631,Customer,93417.964946,84019.522586,49,0,0.0,5,79954.06500977419,92544.97815519354,4158.130738807336
661,Customer,94784.220018,78384.032417,38,0,0.0,5,79954.06500977419,92544.97815519354,2734.8137893681564
683,Customer,89835.036394,77256.443534,40,0,0.0,5,79954.06500977419,92544.97815519354,3823.7345587290547
743,Customer,95952.029729,79253.377157,39,0,0.0,5,79954.06500977419,92544.97815519354,3478.3564931735164
760,Customer,89679.268553,80062.980467,41,0,0.0,5,79954.06500977419,92544.97815519354,2867.77860040258
883,Customer,89286.507525,82623.389873,34,0,0.0,5,79954.06500977419,92544.97815519354,4212.235282278213
975,Customer,88950.121092,80979.729375,40,0,0.0,5,79954.06500977419,92544.97815519354,3738.3130814428273
980,Customer,90138.097933,76789.724627,33,0,0.0,5,79954.06500977419,92544.97815519354,3975.6914445215616
9,Facility,84622.220315,110655.809446,0,8000,1846084.0,33,109946.60755,81902.7718194,2810.4034318067334
19,Facility,78179.239527,102699.900384,0,8000,1435703.0,33,109946.60755,81902.7718194,8147.358926811897
22,Facility,75151.360976,108233.121204,0,8000,1687608.0,33,109946.60755,81902.7718194,6965.456469916932
77,Facility,84041.762506,105671.58507,0,8000,2228610.0,33,109946.60755,81902.7718194,4780.28224709241
10,Customer,86874.748773,114946.840786,60,0,0.0,33,109946.60755,81902.7718194,7051.445755412752
211,Customer,85798.252092,112446.335618,73,0,0.0,33,109946.60755,81902.7718194,4628.5426397693145
367,Customer,84356.224824,104828.922838,57,0,0.0,33,109946.60755,81902.7718194,5675.39676650182
401,Customer,85018.080795,112232.315296,64,0,0.0,33,109946.60755,81902.7718194,3863.8853390827094
485,Customer,72998.576829,111141.120384,60,0,0.0,33,109946.60755,81902.7718194,8983.960670976652
498,Customer,76630.031517,109953.343897,76,0,0.0,33,109946.60755,81902.7718194,5272.744605508998
583,Customer,82156.018509,103601.493425,58,0,0.0,33,109946.60755,81902.7718194,6350.16591476695
745,Customer,89600.144239,113403.971621,59,0,0.0,33,109946.60755,81902.7718194,8438.181586423727
748,Customer,84596.125019,109983.636682,73,0,0.0,33,109946.60755,81902.7718194,2693.6077320968993
806,Customer,77566.529802,115272.143322,65,0,0.0,33,109946.60755,81902.7718194,6867.628855166598
859,Customer,80952.261568,114128.573277,61,0,0.0,33,109946.60755,81902.7718194,4288.6253135263705
10,Facility,95542.124714,53830.731248,0,8000,1485698.0,42,50959.00142983334,86701.21036625,9295.622553266638
13,Facility,80829.173955,56961.381447,0,8000,2244889.0,42,50959.00142983334,86701.21036625,8396.986214441902
25,Facility,87554.674743,50767.483858,0,8000,1566314.0,42,50959.00142983334,86701.21036625,874.6887576173572
30,Facility,86952.849378,47031.693038,0,8000,1723130.0,42,50959.00142983334,86701.21036625,3935.3619143350866
36,Facility,82683.875107,49867.321623,0,8000,1898083.0,42,50959.00142983334,86701.21036625,4163.02142510232
38,Facility,80051.253107,45474.478217,0,8000,2013552.0,42,50959.00142983334,86701.21036625,8619.856519801217
45,Facility,83057.170294,47729.418153,0,8000,1936576.0,42,50959.00142983334,86701.21036625,4869.213097633478
70,Facility,87853.543749,50854.149527,0,8000,1369874.0,42,50959.00142983334,86701.21036625,1157.0938365265959
75,Facility,93096.294803,48206.909474,0,8000,2143143.0,42,50959.00142983334,86701.21036625,6962.120013797851
86,Facility,93263.332925,47774.682656,0,8000,1947339.0,42,50959.00142983334,86701.21036625,7293.924768562057
88,Facility,87383.063737,56642.18301,0,8000,1365939.0,42,50959.00142983334,86701.21036625,5723.9389315705275
77,Customer,78936.493004,52607.584071,69,0,0.0,42,50959.00142983334,86701.21036625,7937.799470910221
123,Customer,91450.646916,53054.751134,71,0,0.0,42,50959.00142983334,86701.21036625,5191.2729038854995
209,Customer,85022.516443,42477.498174,71,0,0.0,42,50959.00142983334,86701.21036625,8646.034395413197
275,Customer,96156.924073,51944.02869,55,0,0.0,42,50959.00142983334,86701.21036625,9506.881739418624
300,Customer,82824.022564,50059.418641,54,0,0.0,42,50959.00142983334,86701.21036625,3980.1802029407386
313,Customer,88505.726105,50740.595592,66,0,0.0,42,50959.00142983334,86701.21036625,1817.6848355521147
364,Customer,85304.701433,56975.942323,81,0,0.0,42,50959.00142983334,86701.21036625,6176.877440301718
397,Customer,85659.821041,49171.184591,61,0,0.0,42,50959.00142983334,86701.21036625,2069.0047791053303
463,Customer,87553.781701,58111.229496,62,0,0.0,42,50959.00142983334,86701.21036625,7202.863610488502
535,Customer,83316.288726,51493.993786,62,0,0.0,42,50959.00142983334,86701.21036625,3426.939061580979
587,Customer,84587.311982,47412.154099,58,0,0.0,42,50959.00142983334,86701.21036625,4129.006220287682
697,Customer,85931.230837,52120.014561,62,0,0.0,42,50959.00142983334,86701.21036625,1393.133147335702
825,Customer,87312.227453,51707.206907,76,0,0.0,42,50959.00142983334,86701.21036625,965.9986109527501
11,Facility,86876.695121,100574.692964,0,8000,1628333.0,10,97747.08551343478,88747.51313678261,3390.47547442372
54,Facility,88289.458375,97300.948189,0,8000,1812125.0,10,97747.08551343478,88747.51313678261,639.4158873890643
74,Facility,91961.634923,93235.465164,0,8000,1849153.0,10,97747.08551343478,88747.51313678261,5539.431111050246
78,Facility,93284.374956,101770.2339,0,8000,1479404.0,10,97747.08551343478,88747.51313678261,6063.731368307381
97,Facility,88333.603129,95783.099852,0,8000,2106843.0,10,97747.08551343478,88747.51313678261,2007.1275925720363
98,Facility,80524.466754,97887.700245,0,8000,2095496.0,10,97747.08551343478,88747.51313678261,8224.248556319746
31,Customer,92272.934896,94908.719679,60,0,0.0,10,97747.08551343478,88747.51313678261,4526.026865855981
83,Customer,85782.324502,93574.435667,44,0,0.0,10,97747.08551343478,88747.51313678261,5118.9208218916765
93,Customer,90097.075726,105484.095548,56,0,0.0,10,97747.08551343478,88747.51313678261,7853.829859194684
227,Customer,89823.795093,97432.471229,50,0,0.0,10,97747.08551343478,88747.51313678261,1121.3228782333497
260,Customer,91347.911767,99004.524588,51,0,0.0,10,97747.08551343478,88747.51313678261,2888.4643086387446
282,Customer,89985.266042,93958.624529,51,0,0.0,10,97747.08551343478,88747.51313678261,3985.532446858097
283,Customer,92788.434049,97868.184033,45,0,0.0,10,97747.08551343478,88747.51313678261,4042.7350482361235
293,Customer,85559.034236,95530.745373,71,0,0.0,10,97747.08551343478,88747.51313678261,3883.1123237473203
328,Customer,87520.907826,97615.615414,72,0,0.0,10,97747.08551343478,88747.51313678261,1233.630810042254
346,Customer,82923.553107,97155.202957,77,0,0.0,10,97747.08551343478,88747.51313678261,5853.9589500710745
555,Customer,87003.41693,93899.93512,59,0,0.0,10,97747.08551343478,88747.51313678261,4224.0309809729015
573,Customer,94437.412557,99281.886673,42,0,0.0,10,97747.08551343478,88747.51313678261,5893.2648007359185
585,Customer,92181.726198,103419.100713,88,0,0.0,10,97747.08551343478,88747.51313678261,6630.654249313193
650,Customer,92845.260778,91831.437612,56,0,0.0,10,97747.08551343478,88747.51313678261,7196.278609451724
651,Customer,85689.656152,101934.13096,51,0,0.0,10,97747.08551343478,88747.51313678261,5184.769899521706
668,Customer,86948.008212,98467.752815,44,0,0.0,10,97747.08551343478,88747.51313678261,1938.4476608518896
715,Customer,84715.850817,100263.963585,48,0,0.0,10,97747.08551343478,88747.51313678261,4752.786160546338
14,Facility,78326.986132,86194.850841,0,8000,1948452.0,1,83450.9559795862,74136.66607731035,5008.766432089582
32,Facility,73031.62785,84654.632781,0,8000,1559456.0,1,83450.9559795862,74136.66607731035,1633.9973457992305
64,Facility,79247.352647,82712.982724,0,8000,1529233.0,1,83450.9559795862,74136.66607731035,5163.6926457300615
2,Customer,75316.644957,80720.794867,30,0,0.0,1,83450.9559795862,74136.66607731035,2974.244417863389
51,Customer,78727.251232,82452.990736,34,0,0.0,1,83450.9559795862,74136.66607731035,4697.808711501885
110,Customer,68056.925601,81166.555597,44,0,0.0,1,83450.9559795862,74136.66607731035,6494.746289674944
119,Customer,76381.771557,83993.551656,42,0,0.0,1,83450.9559795862,74136.66607731035,2309.7421247826423
124,Customer,68966.601131,82125.195869,32,0,0.0,1,83450.9559795862,74136.66607731035,5337.341231351856
165,Customer,73939.650635,82350.314544,32,0,0.0,1,83450.9559795862,74136.66607731035,1118.1353470121633
179,Customer,77113.066254,89804.364448,66,0,0.0,1,83450.9559795862,74136.66607731035,7016.035716721395
230,Customer,72720.212692,86360.254881,41,0,0.0,1,83450.9559795862,74136.66607731035,3235.7936106193015
247,Customer,73437.458543,85977.950769,51,0,0.0,1,83450.9559795862,74136.66607731035,2621.9446679441703
395,Customer,75486.515483,82097.624889,40,0,0.0,1,83450.9559795862,74136.66607731035,1911.4388451603484
412,Customer,73278.532777,87386.039101,44,0,0.0,1,83450.9559795862,74136.66607731035,4027.5640197937664
424,Customer,77355.084074,89508.077099,72,0,0.0,1,83450.9559795862,74136.66607731035,6859.076516315044
450,Customer,73092.878002,81647.006529,33,0,0.0,1,83450.9559795862,74136.66607731035,2084.161022193421
516,Customer,75715.64475,81102.874274,50,0,0.0,1,83450.9559795862,74136.66607731035,2829.6044502575587
554,Customer,67748.200956,80553.3462,56,0,0.0,1,83450.9559795862,74136.66607731035,7014.8862457599735
675,Customer,71757.283067,80521.423052,34,0,0.0,1,83450.9559795862,74136.66607731035,3774.072956841898
729,Customer,70934.725596,81594.133729,38,0,0.0,1,83450.9559795862,74136.66607731035,3701.379704397532
737,Customer,66210.353936,87154.81097,45,0,0.0,1,83450.9559795862,74136.66607731035,8748.997996999264
835,Customer,78883.76534,82531.454921,30,0,0.0,1,83450.9559795862,74136.66607731035,4835.331799015425
843,Customer,73953.32492,80540.149327,61,0,0.0,1,83450.9559795862,74136.66607731035,2916.5749345257605
845,Customer,75844.799388,83030.720343,44,0,0.0,1,83450.9559795862,74136.66607731035,1759.0671952329153
867,Customer,78617.017168,84574.376069,34,0,0.0,1,83450.9559795862,74136.66607731035,4619.049533523375
891,Customer,77496.775431,81662.099098,34,0,0.0,1,83450.9559795862,74136.66607731035,3806.6184221104922
902,Customer,74816.890491,81148.736078,29,0,0.0,1,83450.9559795862,74136.66607731035,2400.6086162136035
991,Customer,71114.882687,81393.180487,33,0,0.0,1,83450.9559795862,74136.66607731035,3655.9013711865705
994,Customer,72391.092945,85117.231529,65,0,0.0,1,83450.9559795862,74136.66607731035,2413.1928573609753
15,Facility,106883.470988,63456.584273,0,8000,1536462.0,0,64720.710859650004,101498.92377660002,5530.946094373977
33,Facility,100017.067293,71077.245656,0,8000,1402362.0,0,64720.710859650004,101498.92377660002,6526.977344467781
53,Facility,98465.336501,65893.38068,0,8000,1655721.0,0,64720.710859650004,101498.92377660002,3252.3539577115575
55,Facility,105982.290101,64381.304937,0,8000,2210475.0,0,64720.710859650004,101498.92377660002,4496.195055721424
81,Facility,99151.555522,54396.22418,0,8000,1680386.0,0,64720.710859650004,101498.92377660002,10587.972559511776
37,Customer,95051.830832,58338.26312,61,0,0.0,0,64720.710859650004,101498.92377660002,9071.970380555407
87,Customer,106163.396357,69036.704453,43,0,0.0,0,64720.710859650004,101498.92377660002,6354.927627529801
141,Customer,102038.313487,65417.546316,61,0,0.0,0,64720.710859650004,101498.92377660002,881.2042401803875
187,Customer,97790.646915,71500.445363,51,0,0.0,0,64720.710859650004,101498.92377660002,7727.620411109265
233,Customer,102386.012142,66886.655626,49,0,0.0,0,64720.710859650004,101498.92377660002,2340.564568412288
269,Customer,103951.076942,60825.288729,58,0,0.0,0,64720.710859650004,101498.92377660002,4602.973899832475
398,Customer,102576.205142,60953.620792,67,0,0.0,0,64720.710859650004,101498.92377660002,3918.09937572101
448,Customer,96506.833387,63180.145957,72,0,0.0,0,64720.710859650004,101498.92377660002,5224.395340823068
487,Customer,99470.502369,72622.817005,64,0,0.0,0,64720.710859650004,101498.92377660002,8158.294854881643
584,Customer,103687.937131,64302.188793,66,0,0.0,0,64720.710859650004,101498.92377660002,2228.6633182278692
775,Customer,104131.732606,58470.584134,71,0,0.0,0,64720.710859650004,101498.92377660002,6782.017872200797
796,Customer,103622.180261,67109.838742,63,0,0.0,0,64720.710859650004,101498.92377660002,3196.271286478793
896,Customer,97453.39363,66908.474225,42,0,0.0,0,64720.710859650004,101498.92377660002,4599.19805072765
918,Customer,106766.730706,68368.143609,44,0,0.0,0,64720.710859650004,101498.92377660002,6407.304855121647
972,Customer,97881.96322,61288.760603,64,0,0.0,0,64720.710859650004,101498.92377660002,4986.049160620086
20,Facility,94941.530731,89315.888243,0,8000,1740862.0,38,90277.965342125,101007.39061125,6141.6812381861055
43,Facility,99331.852708,85361.9828,0,8000,2194426.0,38,90277.965342125,101007.39061125,5193.679968933891
65,Facility,101696.284726,92513.69816,0,8000,1935370.0,38,90277.965342125,101007.39061125,2339.4606930360014
68,Facility,106901.725032,88049.223177,0,8000,1444604.0,38,90277.965342125,101007.39061125,6301.624386001146
89,Facility,99613.160667,94113.799216,0,8000,1555403.0,38,90277.965342125,101007.39061125,4081.359901480173
95,Facility,98890.664372,92758.11155,0,8000,2122850.0,38,90277.965342125,101007.39061125,3260.6219014731228
9,Customer,100068.3061,86729.316645,60,0,0.0,38,90277.965342125,101007.39061125,3670.8019961415225
62,Customer,98849.980371,84784.788426,77,0,0.0,38,90277.965342125,101007.39061125,5901.644819589205
120,Customer,98595.626695,96483.87274,67,0,0.0,38,90277.965342125,101007.39061125,6658.069676619891
193,Customer,101011.729932,96452.323131,65,0,0.0,38,90277.965342125,101007.39061125,6174.359313705832
420,Customer,99075.721989,86835.460327,69,0,0.0,38,90277.965342125,101007.39061125,3947.427573160274
427,Customer,106320.606595,90927.638799,62,0,0.0,38,90277.965342125,101007.39061125,5352.788029666826
616,Customer,102965.585208,88854.035904,47,0,0.0,38,90277.965342125,101007.39061125,2421.1776315462444
862,Customer,99174.251607,90791.67591,46,0,0.0,38,90277.965342125,101007.39061125,1903.7586917593158
875,Customer,99234.323206,88647.528484,46,0,0.0,38,90277.965342125,101007.39061125,2408.7532816568164
913,Customer,109446.899841,91828.101962,69,0,0.0,38,90277.965342125,101007.39061125,8580.689924435743
21,Facility,67957.676868,50773.109168,0,8000,1830706.0,11,50783.03044338889,70321.13035794445,2363.474313555357
31,Facility,69478.916479,56305.16207,0,8000,1888824.0,11,50783.03044338889,70321.13035794445,5585.987998510675
35,Facility,77096.893745,51081.935803,0,8000,1459359.0,11,50783.03044338889,70321.13035794445,6782.353123464353
83,Facility,68715.700802,46345.561263,0,8000,1465357.0,11,50783.03044338889,70321.13035794445,4718.955052339573
16,Customer,71816.637547,58678.268476,46,0,0.0,11,50783.03044338889,70321.13035794445,8035.628497143567
80,Customer,69798.499103,44623.8146,69,0,0.0,11,50783.03044338889,70321.13035794445,6181.349628851092
174,Customer,67369.787313,48105.744252,68,0,0.0,11,50783.03044338889,70321.13035794445,3984.7568457239217
178,Customer,65760.532197,54578.632768,52,0,0.0,11,50783.03044338889,70321.13035794445,5933.435142664261
252,Customer,70867.076827,44081.535522,69,0,0.0,11,50783.03044338889,70321.13035794445,6723.696284669268
316,Customer,64765.131533,47165.632588,64,0,0.0,11,50783.03044338889,70321.13035794445,6629.833345338044
399,Customer,73610.597169,55755.69079,39,0,0.0,11,50783.03044338889,70321.13035794445,5962.2095588627635
459,Customer,69009.915372,55331.101912,75,0,0.0,11,50783.03044338889,70321.13035794445,4733.311612704124
536,Customer,71478.02858,59652.620295,56,0,0.0,11,50783.03044338889,70321.13035794445,8944.7212160021
582,Customer,72284.221946,50934.578539,65,0,0.0,11,50783.03044338889,70321.13035794445,1968.9325555685841
586,Customer,75982.069467,41509.79815,65,0,0.0,11,50783.03044338889,70321.13035794445,10864.578627981164
657,Customer,67371.630092,47195.829565,77,0,0.0,11,50783.03044338889,70321.13035794445,4644.088926874717
702,Customer,68055.255625,50189.066573,56,0,0.0,11,50783.03044338889,70321.13035794445,2342.4306573991494
952,Customer,74361.775778,51786.465647,84,0,0.0,11,50783.03044338889,70321.13035794445,4163.375747931229
24,Facility,55405.040315,62994.321209,0,8000,2237235.0,25,61746.12743575001,47477.36178208333,8025.339532807806
28,Customer,49384.517495,58685.495602,72,0,0.0,25,61746.12743575001,47477.36178208333,3606.2043945226683
170,Customer,46818.508831,62454.730858,89,0,0.0,25,61746.12743575001,47477.36178208333,967.5773980285093
442,Customer,44256.929194,64945.824455,73,0,0.0,25,61746.12743575001,47477.36178208333,4539.740859276708
455,Customer,57446.609541,61396.785518,76,0,0.0,25,61746.12743575001,47477.36178208333,9975.366692716725
488,Customer,43954.082538,55097.936391,87,0,0.0,25,61746.12743575001,47477.36178208333,7524.0906958437545
517,Customer,42485.214773,67619.047667,75,0,0.0,25,61746.12743575001,47477.36178208333,7707.96495859479
545,Customer,54462.587081,65557.669346,96,0,0.0,25,61746.12743575001,47477.36178208333,7957.463428142008
655,Customer,46184.702666,55455.128425,84,0,0.0,25,61746.12743575001,47477.36178208333,6422.432260728866
769,Customer,34515.690152,55844.696043,83,0,0.0,25,61746.12743575001,47477.36178208333,14241.903802843293
812,Customer,50975.100562,70183.29268,79,0,0.0,25,61746.12743575001,47477.36178208333,9133.451370172885
909,Customer,43839.358237,60718.601035,72,0,0.0,25,61746.12743575001,47477.36178208333,3780.3280675461424
27,Facility,44308.6205,94541.418282,0,8000,1592113.0,19,88775.24092966666,45982.92190646667,6004.338969300301
29,Facility,48359.403786,92121.207343,0,8000,1479013.0,19,88775.24092966666,45982.92190646667,4104.041588837165
41,Facility,45395.416753,84957.60703,0,8000,1544585.0,19,88775.24092966666,45982.92190646667,3862.5756817483802
48,Facility,45297.351524,88662.747555,0,8000,1374042.0,19,88775.24092966666,45982.92190646667,694.7384462223116
52,Facility,47585.26797,84232.772236,0,8000,1557988.0,19,88775.24092966666,45982.92190646667,4816.797145434133
67,Facility,48198.412476,85889.02231,0,8000,1497012.0,19,88775.24092966666,45982.92190646667,3638.4964455392324
67,Customer,41423.724324,87056.248259,70,0,0.0,19,88775.24092966666,45982.92190646667,4872.496115727091
272,Customer,43046.650719,91592.678489,72,0,0.0,19,88775.24092966666,45982.92190646667,4069.3541117834825
470,Customer,48607.457342,79886.443647,82,0,0.0,19,88775.24092966666,45982.92190646667,9268.166128458879
493,Customer,45524.387289,89620.745025,72,0,0.0,19,88775.24092966666,45982.92190646667,961.8373930352005
682,Customer,46605.852567,95922.827924,79,0,0.0,19,88775.24092966666,45982.92190646667,7174.680651387598
771,Customer,42231.855258,93327.748625,64,0,0.0,19,88775.24092966666,45982.92190646667,5898.798802918113
872,Customer,45303.939097,90903.405999,75,0,0.0,19,88775.24092966666,45982.92190646667,2233.854117412731
932,Customer,51619.159222,88777.076329,55,0,0.0,19,88775.24092966666,45982.92190646667,5636.23761437549
965,Customer,46236.32977,84136.664892,99,0,0.0,19,88775.24092966666,45982.92190646667,4645.492783603892
28,Facility,63856.169704,98208.130308,0,8000,2110304.0,9,95566.7467885,69233.66963996667,5991.1945769110025
46,Facility,78181.635055,98153.237761,0,8000,1810348.0,9,95566.7467885,69233.66963996667,9314.29120327772
61,Facility,73699.612742,92068.048334,0,8000,1627211.0,9,95566.7467885,69233.66963996667,5673.230002927756
80,Facility,72781.967258,104297.330869,0,8000,1866115.0,9,95566.7467885,69233.66963996667,9424.0922307043
96,Facility,72798.549356,93546.775558,0,8000,1777909.0,9,95566.7467885,69233.66963996667,4097.395656003163
0,Customer,65274.022251,97932.499914,56,0,0.0,9,95566.7467885,69233.66963996667,4612.5475927911675
12,Customer,67071.810757,96238.529527,49,0,0.0,9,95566.7467885,69233.66963996667,2263.8299135775355
92,Customer,64119.00808,92044.47765,71,0,0.0,9,95566.7467885,69233.66963996667,6210.164471012838
101,Customer,64155.39676,100561.670357,68,0,0.0,9,95566.7467885,69233.66963996667,7123.069345342759
168,Customer,70087.103285,89740.72376,66,0,0.0,9,95566.7467885,69233.66963996667,5888.199496882489
202,Customer,66828.162053,94891.886541,70,0,0.0,9,95566.7467885,69233.66963996667,2498.3800961042725
271,Customer,68545.397727,94673.276801,54,0,0.0,9,95566.7467885,69233.66963996667,1127.8328088604408
385,Customer,66262.450239,91308.977805,71,0,0.0,9,95566.7467885,69233.66963996667,5191.988197746147
393,Customer,67320.77584,92717.135899,54,0,0.0,9,95566.7467885,69233.66963996667,3432.1195945811464
400,Customer,66980.450851,91335.335724,53,0,0.0,9,95566.7467885,69233.66963996667,4793.937265726925
404,Customer,73028.552961,90406.872404,64,0,0.0,9,95566.7467885,69233.66963996667,6405.110700376393
436,Customer,66366.3917,95549.452558,68,0,0.0,9,95566.7467885,69233.66963996667,2867.33009530262
507,Customer,73007.400944,100598.271122,75,0,0.0,9,95566.7467885,69233.66963996667,6289.458249614492
590,Customer,78403.350994,97792.913785,69,0,0.0,9,95566.7467885,69233.66963996667,9436.041311419332
613,Customer,65969.316741,97129.732425,52,0,0.0,9,95566.7467885,69233.66963996667,3619.243560317182
670,Customer,71364.387975,95384.568588,63,0,0.0,9,95566.7467885,69233.66963996667,2138.492347422513
676,Customer,68360.304484,88887.989555,43,0,0.0,9,95566.7467885,69233.66963996667,6735.619116286585
692,Customer,73143.964591,91788.676348,47,0,0.0,9,95566.7467885,69233.66963996667,5437.299224565133
711,Customer,68983.754664,90843.312729,73,0,0.0,9,95566.7467885,69233.66963996667,4730.040888793355
739,Customer,66139.075852,101364.117081,73,0,0.0,9,95566.7467885,69233.66963996667,6571.606578370588
897,Customer,71915.939936,98475.063858,76,0,0.0,9,95566.7467885,69233.66963996667,3956.3723431608128
969,Customer,62440.662461,102017.065783,55,0,0.0,9,95566.7467885,69233.66963996667,9367.580352700492
979,Customer,68743.559613,92261.672601,45,0,0.0,9,95566.7467885,69233.66963996667,3341.2158301151417
986,Customer,69514.096949,100749.534594,65,0,0.0,9,95566.7467885,69233.66963996667,5190.368860928019
989,Customer,71666.817376,96035.123416,49,0,0.0,9,95566.7467885,69233.66963996667,2477.818510414441
34,Facility,65984.439057,42007.869156,0,8000,1479901.0,30,33868.53532677778,65199.54852933333,8177.090455898238
71,Customer,56486.838585,36020.312771,79,0,0.0,30,33868.53532677778,65199.54852933333,8974.489441943117
135,Customer,62736.293271,31413.91303,74,0,0.0,30,33868.53532677778,65199.54852933333,3477.469926188499
153,Customer,69750.911479,36027.394115,69,0,0.0,30,33868.53532677778,65199.54852933333,5037.4175891107925
188,Customer,70026.57901,27751.141358,68,0,0.0,30,33868.53532677778,65199.54852933333,7792.479209502189
241,Customer,62230.329894,21031.035424,78,0,0.0,30,33868.53532677778,65199.54852933333,13176.405543934594
312,Customer,64046.930699,34849.150856,68,0,0.0,30,33868.53532677778,65199.54852933333,1513.3190935668847
335,Customer,71514.872556,32242.200028,81,0,0.0,30,33868.53532677778,65199.54852933333,6521.371333227693
441,Customer,68619.744309,31683.732905,62,0,0.0,30,33868.53532677778,65199.54852933333,4058.4603969308055
514,Customer,60285.153855,31829.36705,76,0,0.0,30,33868.53532677778,65199.54852933333,5320.665585820323
634,Customer,65551.788452,38921.753238,88,0,0.0,30,33868.53532677778,65199.54852933333,5065.479663508405
666,Customer,56753.235761,31844.625091,76,0,0.0,30,33868.53532677778,65199.54852933333,8685.413750823658
680,Customer,66092.617483,29999.401799,64,0,0.0,30,33868.53532677778,65199.54852933333,3970.8646932094553
706,Customer,66181.925287,32117.49531,75,0,0.0,30,33868.53532677778,65199.54852933333,2007.7861525473343
725,Customer,63521.70962,42380.922854,66,0,0.0,30,33868.53532677778,65199.54852933333,8676.167634346468
801,Customer,71993.614206,34933.365473,83,0,0.0,30,33868.53532677778,65199.54852933333,6877.004555703283
939,Customer,69220.690929,32923.038515,73,0,0.0,30,33868.53532677778,65199.54852933333,4130.80505706563
945,Customer,62594.199075,41656.916909,59,0,0.0,30,33868.53532677778,65199.54852933333,8212.596023760894
40,Facility,109829.262661,80686.691016,0,8000,1891834.0,47,79684.26744516667,105763.11145811112,4187.891906450899
42,Facility,104371.051108,84145.741787,0,8000,2116415.0,47,79684.26744516667,105763.11145811112,4673.605173866178
60,Facility,113121.563619,82972.12403,0,8000,1898165.0,47,79684.26744516667,105763.11145811112,8059.579339303144
76,Facility,102244.132068,81472.976822,0,8000,1781490.0,47,79684.26744516667,105763.11145811112,3947.492518396741
117,Customer,105702.037815,83042.7728,50,0,0.0,47,79684.26744516667,105763.11145811112,3359.0606139703805
220,Customer,107191.368723,78461.231573,50,0,0.0,47,79684.26744516667,105763.11145811112,1880.3551683962207
242,Customer,105505.329527,76984.311511,72,0,0.0,47,79684.26744516667,105763.11145811112,2712.234055248394
343,Customer,106611.949345,72317.334716,68,0,0.0,47,79684.26744516667,105763.11145811112,7415.674183395942
449,Customer,102358.302826,77040.155812,66,0,0.0,47,79684.26744516667,105763.11145811112,4310.921960549241
464,Customer,112610.595186,82128.623465,58,0,0.0,47,79684.26744516667,105763.11145811112,7270.688396252348
577,Customer,100382.027165,81238.709339,51,0,0.0,47,79684.26744516667,105763.11145811112,5601.103263721465
580,Customer,109420.134614,75890.988693,62,0,0.0,47,79684.26744516667,105763.11145811112,5269.039955660472
673,Customer,104193.848255,80430.160632,51,0,0.0,47,79684.26744516667,105763.11145811112,1737.5107616365815
730,Customer,106339.16964,82336.455807,57,0,0.0,47,79684.26744516667,105763.11145811112,2714.0276593220856
732,Customer,104395.960282,76156.335647,45,0,0.0,47,79684.26744516667,105763.11145811112,3783.570418382287
744,Customer,107334.097887,77401.908345,61,0,0.0,47,79684.26744516667,105763.11145811112,2770.7691029507705
901,Customer,99985.748861,78042.379612,54,0,0.0,47,79684.26744516667,105763.11145811112,6006.139711595064
903,Customer,102139.426664,83567.912406,59,0,0.0,47,79684.26744516667,105763.11145811112,5311.665432694185
50,Facility,62386.574199,79412.581202,0,8000,1843254.0,48,80068.81724447059,59613.49878570589,2849.665417422505
35,Customer,59310.991135,79881.954437,67,0,0.0,48,80068.81724447059,59613.49878570589,355.567978804882
88,Customer,57308.464065,78459.659022,94,0,0.0,48,80068.81724447059,59613.49878570589,2811.151943350686
100,Customer,60964.945124,77124.90009,51,0,0.0,48,80068.81724447059,59613.49878570589,3239.2985996469624
130,Customer,57774.425806,84599.055183,77,0,0.0,48,80068.81724447059,59613.49878570589,4889.299050413625
244,Customer,63005.804718,85224.908761,61,0,0.0,48,80068.81724447059,59613.49878570589,6171.954250081931
290,Customer,59494.98827,85480.415141,43,0,0.0,48,80068.81724447059,59613.49878570589,5412.895393045622
443,Customer,56590.65884,80526.219397,78,0,0.0,48,80068.81724447059,59613.49878570589,3057.250082425992
532,Customer,53702.17395,80762.562393,73,0,0.0,48,80068.81724447059,59613.49878570589,5951.894122406865
572,Customer,62385.37387,76443.871259,57,0,0.0,48,80068.81724447059,59613.49878570589,4563.2800572077285
600,Customer,61226.975596,77699.549376,58,0,0.0,48,80068.81724447059,59613.49878570589,2866.4852432768644
606,Customer,56801.2488,81255.757709,59,0,0.0,48,80068.81724447059,59613.49878570589,3052.470744895036
754,Customer,65781.047829,81284.152711,41,0,0.0,48,80068.81724447059,59613.49878570589,6286.151564959473
768,Customer,59779.800593,83085.50378,65,0,0.0,48,80068.81724447059,59613.49878570589,3021.266943643634
848,Customer,55120.175526,80742.512981,69,0,0.0,48,80068.81724447059,59613.49878570589,4543.54705727055
882,Customer,65105.698187,76732.050658,48,0,0.0,48,80068.81724447059,59613.49878570589,6426.372656184983
900,Customer,56690.132849,72454.239056,96,0,0.0,48,80068.81724447059,59613.49878570589,8156.461817983591
51,Facility,79891.274654,75656.039762,0,8000,1578148.0,8,76564.14884129608,82989.78178255892,3228.840120791121
4,Customer,84161.203295,80674.591427,32,0,0.0,8,76564.14884129608,82989.78178255892,4274.104188034982
6,Customer,83688.911886,76697.563512,14,0,0.0,8,76564.14884129608,82989.78178255892,711.7460051848404
7,Customer,84780.232388,74896.736699,23,0,0.0,8,76564.14884129608,82989.78178255892,2446.625558355987
11,Customer,85505.58041,79331.749418,49,0,0.0,8,76564.14884129608,82989.78178255892,3740.1678686933765
13,Customer,85592.73367,80725.650387,27,0,0.0,8,76564.14884129608,82989.78178255892,4908.508291042125
14,Customer,82943.473046,78208.856685,20,0,0.0,8,76564.14884129608,82989.78178255892,1645.3596537605135
17,Customer,83118.927744,76822.672995,12,0,0.0,8,76564.14884129608,82989.78178255892,288.98688102554615
21,Customer,83581.684306,76846.470397,13,0,0.0,8,76564.14884129608,82989.78178255892,655.7850700275214
24,Customer,83336.120499,77425.958021,16,0,0.0,8,76564.14884129608,82989.78178255892,928.7979159795767
25,Customer,82997.847997,77286.744719,14,0,0.0,8,76564.14884129608,82989.78178255892,722.6408971889894
27,Customer,82760.766566,76682.811436,5,0,0.0,8,76564.14884129608,82989.78178255892,257.93173670061054
38,Customer,82538.80877,76754.107066,7,0,0.0,8,76564.14884129608,82989.78178255892,489.34730528442304
45,Customer,81994.782315,75944.897139,27,0,0.0,8,76564.14884129608,82989.78178255892,1171.962717512427
50,Customer,82838.150335,76676.700163,3,0,0.0,8,76564.14884129608,82989.78178255892,188.83827976899508
52,Customer,80951.5571,75255.962366,21,0,0.0,8,76564.14884129608,82989.78178255892,2421.923143029093
54,Customer,86348.793452,79859.922073,46,0,0.0,8,76564.14884129608,82989.78178255892,4705.855989111595
55,Customer,83257.500718,79112.395668,24,0,0.0,8,76564.14884129608,82989.78178255892,2562.27151531611
56,Customer,82702.923239,76824.373404,7,0,0.0,8,76564.14884129608,82989.78178255892,387.3043338864056
59,Customer,82798.682327,76660.334627,2,0,0.0,8,76564.14884129608,82989.78178255892,213.9408967130761
60,Customer,81605.734938,78282.881103,31,0,0.0,8,76564.14884129608,82989.78178255892,2206.722967514368
66,Customer,82381.303365,74594.65218,22,0,0.0,8,76564.14884129608,82989.78178255892,2061.349820746438
68,Customer,82779.981341,76791.396744,9,0,0.0,8,76564.14884129608,82989.78178255892,309.28600770426846
70,Customer,83081.675033,77621.770074,14,0,0.0,8,76564.14884129608,82989.78178255892,1061.6058785362854
72,Customer,82994.195909,76464.398665,13,0,0.0,8,76564.14884129608,82989.78178255892,99.8477950849986
78,Customer,82880.244628,76197.811119,12,0,0.0,8,76564.14884129608,82989.78178255892,382.3633285318246
79,Customer,82659.72999,79261.360553,23,0,0.0,8,76564.14884129608,82989.78178255892,2717.3305289427335
84,Customer,82980.336196,76167.51974,42,0,0.0,8,76564.14884129608,82989.78178255892,396.7415570624932
89,Customer,82557.245606,74566.939291,19,0,0.0,8,76564.14884129608,82989.78178255892,2043.510100739913
90,Customer,81814.136477,77537.100133,22,0,0.0,8,76564.14884129608,82989.78178255892,1526.0327979801314
99,Customer,79382.499381,74913.797214,31,0,0.0,8,76564.14884129608,82989.78178255892,3966.8812458044963
102,Customer,82847.989773,76751.339943,5,0,0.0,8,76564.14884129608,82989.78178255892,234.8307529517504
104,Customer,81765.620115,75991.750342,19,0,0.0,8,76564.14884129608,82989.78178255892,1351.3740527022967
105,Customer,83771.044979,74960.63858,26,0,0.0,8,76564.14884129608,82989.78178255892,1783.7088720402635
111,Customer,82795.252446,76613.882401,3,0,0.0,8,76564.14884129608,82989.78178255892,200.78617916299848
112,Customer,83948.246553,76262.220168,21,0,0.0,8,76564.14884129608,82989.78178255892,1004.8958353655456
114,Customer,83070.229081,76711.122723,8,0,0.0,8,76564.14884129608,82989.78178255892,167.55026030891685
116,Customer,82880.146681,76624.3421,7,0,0.0,8,76564.14884129608,82989.78178255892,125.0723146313004
118,Customer,82782.147372,76648.973393,3,0,0.0,8,76564.14884129608,82989.78178255892,224.29278414589282
122,Customer,82893.347074,76386.113833,9,0,0.0,8,76564.14884129608,82989.78178255892,202.4749791797177
128,Customer,81233.57259,75857.830473,29,0,0.0,8,76564.14884129608,82989.78178255892,1892.9227045552836
129,Customer,85276.846115,77169.388288,23,0,0.0,8,76564.14884129608,82989.78178255892,2365.7933232999508
132,Customer,82561.475882,77641.187015,15,0,0.0,8,76564.14884129608,82989.78178255892,1159.0759992636708
133,Customer,85232.099027,77948.88706,24,0,0.0,8,76564.14884129608,82989.78178255892,2635.4291034017924
134,Customer,83129.668723,73712.668608,28,0,0.0,8,76564.14884129608,82989.78178255892,2854.909434112432
136,Customer,80946.108764,74813.415484,29,0,0.0,8,76564.14884129608,82989.78178255892,2691.034502776746
140,Customer,80821.797788,78043.177122,22,0,0.0,8,76564.14884129608,82989.78178255892,2624.438845884132
147,Customer,83084.890866,76011.589554,13,0,0.0,8,76564.14884129608,82989.78178255892,560.6848524172416
149,Customer,81947.924967,77353.387023,23,0,0.0,8,76564.14884129608,82989.78178255892,1307.0434314076515
151,Customer,82938.240185,76547.855255,6,0,0.0,8,76564.14884129608,82989.78178255892,54.05568641052051
152,Customer,83869.270787,75933.174045,19,0,0.0,8,76564.14884129608,82989.78178255892,1082.4186355073703
154,Customer,82786.027671,75214.380876,17,0,0.0,8,76564.14884129608,82989.78178255892,1365.0601811336674
157,Customer,82783.940671,76762.823072,5,0,0.0,8,76564.14884129608,82989.78178255892,286.0804312664609
158,Customer,82879.035977,77312.981611,21,0,0.0,8,76564.14884129608,82989.78178255892,756.9776419626514
159,Customer,86216.868424,76840.402133,24,0,0.0,8,76564.14884129608,82989.78178255892,3238.8893269984933
162,Customer,82988.653591,75785.576019,14,0,0.0,8,76564.14884129608,82989.78178255892,778.5736396990778
172,Customer,85369.207244,75459.936964,20,0,0.0,8,76564.14884129608,82989.78178255892,2623.1563804919974
175,Customer,82936.121479,75020.741582,29,0,0.0,8,76564.14884129608,82989.78178255892,1544.3397929943562
176,Customer,85550.477679,75201.929006,24,0,0.0,8,76564.14884129608,82989.78178255892,2900.483813732508
186,Customer,83106.922889,71638.726724,31,0,0.0,8,76564.14884129608,82989.78178255892,4926.814901370627
190,Customer,83176.677541,74417.930625,25,0,0.0,8,76564.14884129608,82989.78178255892,2154.340422608368
195,Customer,82776.108886,76553.395128,4,0,0.0,8,76564.14884129608,82989.78178255892,213.94333145375273
198,Customer,85151.370494,75558.807581,19,0,0.0,8,76564.14884129608,82989.78178255892,2383.941443719463
199,Customer,81621.956927,77214.24058,19,0,0.0,8,76564.14884129608,82989.78178255892,1514.4517503756397
200,Customer,82835.663637,75798.784127,12,0,0.0,8,76564.14884129608,82989.78178255892,780.727576482361
201,Customer,81496.620575,77161.85015,13,0,0.0,8,76564.14884129608,82989.78178255892,1608.3461213884282
203,Customer,82947.154799,76064.622714,31,0,0.0,8,76564.14884129608,82989.78178255892,501.3416116569118
210,Customer,82918.927878,76746.168986,6,0,0.0,8,76564.14884129608,82989.78178255892,195.32436834476854
212,Customer,82621.547262,76503.916193,7,0,0.0,8,76564.14884129608,82989.78178255892,373.1281737580515
213,Customer,81609.692442,77439.625459,16,0,0.0,8,76564.14884129608,82989.78178255892,1634.3518275055258
214,Customer,83452.549731,78754.187789,22,0,0.0,8,76564.14884129608,82989.78178255892,2238.397812401653
225,Customer,82799.214791,75861.139028,14,0,0.0,8,76564.14884129608,82989.78178255892,728.3807904265385
226,Customer,82224.628745,75680.001283,21,0,0.0,8,76564.14884129608,82989.78178255892,1169.2630481318336
229,Customer,84363.681831,77237.524611,20,0,0.0,8,76564.14884129608,82989.78178255892,1530.0445321397522
234,Customer,81939.889687,76969.720905,26,0,0.0,8,76564.14884129608,82989.78178255892,1125.5052692787099
236,Customer,87418.668275,75586.981154,33,0,0.0,8,76564.14884129608,82989.78178255892,4535.404309653407
238,Customer,83004.581047,76503.354031,7,0,0.0,8,76564.14884129608,82989.78178255892,62.57017809574694
239,Customer,82516.379764,77919.686293,20,0,0.0,8,76564.14884129608,82989.78178255892,1435.824242081058
248,Customer,81190.5945,79610.620988,29,0,0.0,8,76564.14884129608,82989.78178255892,3538.0881021201976
251,Customer,85284.98585,75137.937723,24,0,0.0,8,76564.14884129608,82989.78178255892,2702.2286848358044
253,Customer,82158.545349,76684.743173,18,0,0.0,8,76564.14884129608,82989.78178255892,839.9386890213168
255,Customer,82761.371388,76695.656484,4,0,0.0,8,76564.14884129608,82989.78178255892,263.56321524845697
256,Customer,82791.859446,76699.243675,6,0,0.0,8,76564.14884129608,82989.78178255892,239.6327719708475
257,Customer,82206.322402,77564.35492,46,0,0.0,8,76564.14884129608,82989.78178255892,1270.5198939261159
259,Customer,82802.430234,76660.372373,3,0,0.0,8,76564.14884129608,82989.78178255892,210.61711896472502
262,Customer,80789.830307,78020.038514,24,0,0.0,8,76564.14884129608,82989.78178255892,2638.0677083615205
273,Customer,82496.929911,76675.317167,12,0,0.0,8,76564.14884129608,82989.78178255892,505.2339695021907
279,Customer,82979.586422,76167.995423,10,0,0.0,8,76564.14884129608,82989.78178255892,396.2845899156203
286,Customer,81789.093148,76309.585259,25,0,0.0,8,76564.14884129608,82989.78178255892,1227.3776169502048
291,Customer,82765.559984,76641.533251,11,0,0.0,8,76564.14884129608,82989.78178255892,237.19983519011305
292,Customer,83204.757508,76538.588248,10,0,0.0,8,76564.14884129608,82989.78178255892,216.4899684940756
296,Customer,81928.488411,77400.55796,16,0,0.0,8,76564.14884129608,82989.78178255892,1351.2674917890902
298,Customer,83178.260223,76091.016198,16,0,0.0,8,76564.14884129608,82989.78178255892,509.29227430174
310,Customer,82618.949013,72887.116642,25,0,0.0,8,76564.14884129608,82989.78178255892,3695.684339555925
315,Customer,82813.611083,76636.961415,2,0,0.0,8,76564.14884129608,82989.78178255892,190.6247262882446
319,Customer,82481.010718,76500.325308,11,0,0.0,8,76564.14884129608,82989.78178255892,512.7586562261063
322,Customer,83367.800018,76315.121319,12,0,0.0,8,76564.14884129608,82989.78178255892,452.6726114830787
323,Customer,82815.637713,76651.544653,1,0,0.0,8,76564.14884129608,82989.78178255892,194.84400135987696
326,Customer,82046.204186,80595.125013,26,0,0.0,8,76564.14884129608,82989.78178255892,4139.940528265195
327,Customer,80600.076766,73464.851165,47,0,0.0,8,76564.14884129608,82989.78178255892,3913.60909551032
332,Customer,82913.236971,74864.581596,20,0,0.0,8,76564.14884129608,82989.78178255892,1701.2900779878387
333,Customer,83633.047544,76040.927872,16,0,0.0,8,76564.14884129608,82989.78178255892,829.1869647754381
334,Customer,81512.468321,77027.348852,14,0,0.0,8,76564.14884129608,82989.78178255892,1548.2277977156068
336,Customer,82177.742919,75964.665374,14,0,0.0,8,76564.14884129608,82989.78178255892,1009.3500599352934
340,Customer,81455.241551,77209.142302,26,0,0.0,8,76564.14884129608,82989.78178255892,1664.5811144620466
341,Customer,82519.787129,76833.447954,8,0,0.0,8,76564.14884129608,82989.78178255892,541.6797822303173
342,Customer,82866.274366,73381.941589,27,0,0.0,8,76564.14884129608,82989.78178255892,3184.6031273159974
348,Customer,82788.237622,76656.782915,4,0,0.0,8,76564.14884129608,82989.78178255892,221.81325538926308
350,Customer,82931.712508,76740.134882,8,0,0.0,8,76564.14884129608,82989.78178255892,185.31898761444273
354,Customer,82388.106613,74236.027191,22,0,0.0,8,76564.14884129608,82989.78178255892,2404.6129476988744
355,Customer,85450.7784,76083.587159,32,0,0.0,8,76564.14884129608,82989.78178255892,2507.4775934288364
357,Customer,82812.106267,76651.37172,1,0,0.0,8,76564.14884129608,82989.78178255892,197.93033976257095
359,Customer,83175.917279,77793.700658,14,0,0.0,8,76564.14884129608,82989.78178255892,1243.5610531836767
361,Customer,82352.584682,76443.867724,12,0,0.0,8,76564.14884129608,82989.78178255892,648.4502233315068
365,Customer,82819.792316,76650.188366,1,0,0.0,8,76564.14884129608,82989.78178255892,190.5235380530713
368,Customer,84682.698084,75513.788857,17,0,0.0,8,76564.14884129608,82989.78178255892,1992.290566231595
369,Customer,83043.613874,76233.494136,30,0,0.0,8,76564.14884129608,82989.78178255892,335.00810169809324
371,Customer,81989.57944,78964.164043,21,0,0.0,8,76564.14884129608,82989.78178255892,2600.0918626983653
372,Customer,82793.334883,76657.094218,3,0,0.0,8,76564.14884129608,82989.78178255892,217.32516512577078
374,Customer,81744.825267,77216.097654,15,0,0.0,8,76564.14884129608,82989.78178255892,1405.3305589855604
375,Customer,79312.253987,75761.208378,26,0,0.0,8,76564.14884129608,82989.78178255892,3764.163130724612
377,Customer,82615.496422,77014.326499,13,0,0.0,8,76564.14884129608,82989.78178255892,585.4480802125106
380,Customer,80864.831068,75355.366533,26,0,0.0,8,76564.14884129608,82989.78178255892,2444.7024784529613
383,Customer,86810.53339,79868.097108,32,0,0.0,8,76564.14884129608,82989.78178255892,5051.159965277232
386,Customer,85584.434547,72933.956062,30,0,0.0,8,76564.14884129608,82989.78178255892,4462.120861527075
388,Customer,82214.046534,75695.503961,13,0,0.0,8,76564.14884129608,82989.78178255892,1164.6068452148836
390,Customer,80850.843695,73236.073354,23,0,0.0,8,76564.14884129608,82989.78178255892,3956.1524985206565
394,Customer,82739.435249,76877.653866,11,0,0.0,8,76564.14884129608,82989.78178255892,401.1966941284143
402,Customer,85270.532514,75312.222387,19,0,0.0,8,76564.14884129608,82989.78178255892,2601.757818463396
403,Customer,82821.447704,73202.340142,30,0,0.0,8,76564.14884129608,82989.78178255892,3366.020512811388
407,Customer,81008.539734,77205.965343,28,0,0.0,8,76564.14884129608,82989.78178255892,2082.606174205141
408,Customer,82725.049618,75628.987169,21,0,0.0,8,76564.14884129608,82989.78178255892,971.9107326723162
411,Customer,82820.886325,76875.806106,11,0,0.0,8,76564.14884129608,82989.78178255892,354.4797966411768
414,Customer,83177.629089,76852.860332,16,0,0.0,8,76564.14884129608,82989.78178255892,344.44293489872763
415,Customer,82465.94373,77282.685913,17,0,0.0,8,76564.14884129608,82989.78178255892,889.2141635857811
418,Customer,82115.645437,76269.266779,13,0,0.0,8,76564.14884129608,82989.78178255892,922.5344336614676
421,Customer,82808.237647,76781.29739,5,0,0.0,8,76564.14884129608,82989.78178255892,283.04021862635886
422,Customer,83369.116409,72733.504633,25,0,0.0,8,76564.14884129608,82989.78178255892,3849.3804448728406
428,Customer,82833.059397,76649.852978,5,0,0.0,8,76564.14884129608,82989.78178255892,178.6256005824477
429,Customer,86562.015406,75835.566619,23,0,0.0,8,76564.14884129608,82989.78178255892,3645.776339147664
431,Customer,83756.289453,75106.559859,26,0,0.0,8,76564.14884129608,82989.78178255892,1646.8453631582813
432,Customer,83002.827048,77166.789631,11,0,0.0,8,76564.14884129608,82989.78178255892,602.7819675184444
435,Customer,81679.530944,77628.28624,28,0,0.0,8,76564.14884129608,82989.78178255892,1687.941249944649
437,Customer,82817.285476,76646.265144,1,0,0.0,8,76564.14884129608,82989.78178255892,191.04466217675147
440,Customer,82816.987594,76654.249215,1,0,0.0,8,76564.14884129608,82989.78178255892,194.8740848376705
444,Customer,83092.21371,76743.660431,12,0,0.0,8,76564.14884129608,82989.78178255892,206.68021336674653
446,Customer,82625.305807,76019.349845,14,0,0.0,8,76564.14884129608,82989.78178255892,655.4759210869853
451,Customer,84535.155956,73099.152961,50,0,0.0,8,76564.14884129608,82989.78178255892,3793.9923281956562
453,Customer,80841.579929,79228.177807,23,0,0.0,8,76564.14884129608,82989.78178255892,3422.2538675182304
456,Customer,81982.550869,74107.831645,20,0,0.0,8,76564.14884129608,82989.78178255892,2654.8085207879963
458,Customer,82666.077015,76983.411455,13,0,0.0,8,76564.14884129608,82989.78178255892,529.6847324496065
461,Customer,82819.963168,76493.224962,11,0,0.0,8,76564.14884129608,82989.78178255892,184.03412320848014
465,Customer,82817.333374,76666.686807,2,0,0.0,8,76564.14884129608,82989.78178255892,200.63022709752622
468,Customer,82785.754775,76171.566061,11,0,0.0,8,76564.14884129608,82989.78178255892,442.43446881819773
473,Customer,84406.579401,73848.738662,41,0,0.0,8,76564.14884129608,82989.78178255892,3062.8039332358576
475,Customer,82320.769514,79734.401905,23,0,0.0,8,76564.14884129608,82989.78178255892,3240.0743669561825
480,Customer,82052.986082,76640.691396,12,0,0.0,8,76564.14884129608,82989.78178255892,939.9175215231738
484,Customer,82812.068123,76652.812713,1,0,0.0,8,76564.14884129608,82989.78178255892,198.6036931664456
492,Customer,83348.955777,73911.49073,21,0,0.0,8,76564.14884129608,82989.78178255892,2676.8640260027396
499,Customer,87570.112663,75255.279267,27,0,0.0,8,76564.14884129608,82989.78178255892,4763.67195940697
504,Customer,82427.323829,76909.216154,21,0,0.0,8,76564.14884129608,82989.78178255892,659.8715025051365
506,Customer,87073.394913,74645.675528,38,0,0.0,8,76564.14884129608,82989.78178255892,4511.810728847122
508,Customer,82788.979408,76541.678297,5,0,0.0,8,76564.14884129608,82989.78178255892,202.05573238455992
509,Customer,82767.111287,76682.585774,4,0,0.0,8,76564.14884129608,82989.78178255892,252.20915253171404
515,Customer,83118.804008,76176.452494,17,0,0.0,8,76564.14884129608,82989.78178255892,408.60150803012556
519,Customer,82085.729732,77170.832313,32,0,0.0,8,76564.14884129608,82989.78178255892,1088.749257156349
522,Customer,83403.854139,77672.556791,15,0,0.0,8,76564.14884129608,82989.78178255892,1183.2261404040746
525,Customer,82380.472874,79462.950467,25,0,0.0,8,76564.14884129608,82989.78178255892,2962.1458794652553
526,Customer,82357.324781,76830.474187,15,0,0.0,8,76564.14884129608,82989.78178255892,686.2441610572764
527,Customer,82748.437415,76726.573267,11,0,0.0,8,76564.14884129608,82989.78178255892,290.9102917011805
531,Customer,82586.331215,76842.541825,7,0,0.0,8,76564.14884129608,82989.78178255892,490.17855301836914
533,Customer,83246.276283,76516.942559,12,0,0.0,8,76564.14884129608,82989.78178255892,260.80234248322546
538,Customer,80705.395318,73883.319103,28,0,0.0,8,76564.14884129608,82989.78178255892,3522.1115265125545
539,Customer,82528.690535,76795.898258,16,0,0.0,8,76564.14884129608,82989.78178255892,516.0551624759173
540,Customer,81454.372282,76828.156815,48,0,0.0,8,76564.14884129608,82989.78178255892,1557.941765466809
541,Customer,79940.345074,77653.229525,22,0,0.0,8,76564.14884129608,82989.78178255892,3238.0798284050475
543,Customer,81774.210143,77055.084081,15,0,0.0,8,76564.14884129608,82989.78178255892,1310.9659875386105
546,Customer,82967.338559,76653.694582,6,0,0.0,8,76564.14884129608,82989.78178255892,92.31542645695527
548,Customer,82440.821211,76819.075413,8,0,0.0,8,76564.14884129608,82989.78178255892,605.2646248435508
549,Customer,81570.991449,73699.738885,26,0,0.0,8,76564.14884129608,82989.78178255892,3196.530995990548
550,Customer,82043.814819,77299.036307,13,0,0.0,8,76564.14884129608,82989.78178255892,1197.8785762311647
557,Customer,83884.39071,75432.594813,18,0,0.0,8,76564.14884129608,82989.78178255892,1442.4769155901135
558,Customer,83424.741483,76774.721205,15,0,0.0,8,76564.14884129608,82989.78178255892,483.2501022903753
560,Customer,85189.484139,74668.743778,23,0,0.0,8,76564.14884129608,82989.78178255892,2903.661621281105
562,Customer,82745.810944,76597.82687,5,0,0.0,8,76564.14884129608,82989.78178255892,246.284347217854
565,Customer,82895.009554,75009.852678,34,0,0.0,8,76564.14884129608,82989.78178255892,1557.1828211687077
566,Customer,82705.543727,74709.792932,45,0,0.0,8,76564.14884129608,82989.78178255892,1876.0136221704793
568,Customer,82859.653623,76654.009232,4,0,0.0,8,76564.14884129608,82989.78178255892,158.13989922739458
569,Customer,80363.821406,76602.113752,21,0,0.0,8,76564.14884129608,82989.78178255892,2626.2348017079858
574,Customer,83804.511166,77243.624812,24,0,0.0,8,76564.14884129608,82989.78178255892,1060.882445422827
579,Customer,82240.542011,76092.499543,13,0,0.0,8,76564.14884129608,82989.78178255892,885.332308158265
581,Customer,82001.504169,78760.525669,25,0,0.0,8,76564.14884129608,82989.78178255892,2408.477488110783
589,Customer,83660.655826,75409.926899,22,0,0.0,8,76564.14884129608,82989.78178255892,1335.028192301841
591,Customer,82731.267215,76603.947631,7,0,0.0,8,76564.14884129608,82989.78178255892,261.5601752982869
592,Customer,83853.24471,76828.547986,15,0,0.0,8,76564.14884129608,82989.78178255892,903.0366187399576
593,Customer,84757.506272,77068.466879,40,0,0.0,8,76564.14884129608,82989.78178255892,1838.2563895505098
594,Customer,85339.238511,75433.637658,20,0,0.0,8,76564.14884129608,82989.78178255892,2607.297922059268
597,Customer,83376.933913,74070.291223,36,0,0.0,8,76564.14884129608,82989.78178255892,2523.7298968864475
599,Customer,82836.578534,75967.639876,12,0,0.0,8,76564.14884129608,82989.78178255892,615.8686394415596
603,Customer,83919.174805,75280.386616,18,0,0.0,8,76564.14884129608,82989.78178255892,1584.8712380692955
605,Customer,82860.071022,76631.418036,4,0,0.0,8,76564.14884129608,82989.78178255892,146.11648079832145
609,Customer,82670.748458,72702.510246,31,0,0.0,8,76564.14884129608,82989.78178255892,3874.794820743328
614,Customer,82875.455264,76598.146921,6,0,0.0,8,76564.14884129608,82989.78178255892,119.27456673304687
620,Customer,83928.783537,78062.414464,41,0,0.0,8,76564.14884129608,82989.78178255892,1768.198001079011
624,Customer,83068.996453,77044.419575,11,0,0.0,8,76564.14884129608,82989.78178255892,486.75963438395615
626,Customer,82837.855812,76684.312907,3,0,0.0,8,76564.14884129608,82989.78178255892,193.7031316648422
628,Customer,82725.804382,76206.199104,9,0,0.0,8,76564.14884129608,82989.78178255892,444.76070244140357
629,Customer,82999.579142,78235.440944,21,0,0.0,8,76564.14884129608,82989.78178255892,1671.32081923625
630,Customer,83991.660142,75432.533455,17,0,0.0,8,76564.14884129608,82989.78178255892,1511.394597588058
633,Customer,82719.159415,76702.58876,6,0,0.0,8,76564.14884129608,82989.78178255892,303.977099324835
636,Customer,87311.883569,77961.042884,28,0,0.0,8,76564.14884129608,82989.78178255892,4542.232580890029
637,Customer,84028.985233,76241.937859,18,0,0.0,8,76564.14884129608,82989.78178255892,1088.00906637806
641,Customer,85478.063199,78132.017909,25,0,0.0,8,76564.14884129608,82989.78178255892,2941.0470619948965
642,Customer,83352.104237,77008.812955,12,0,0.0,8,76564.14884129608,82989.78178255892,573.5884718230612
643,Customer,85338.058134,78327.797661,30,0,0.0,8,76564.14884129608,82989.78178255892,2936.811022517544
644,Customer,85407.448808,76913.066198,31,0,0.0,8,76564.14884129608,82989.78178255892,2442.715122095575
648,Customer,83386.624408,78438.777026,19,0,0.0,8,76564.14884129608,82989.78178255892,1916.1719391154054
649,Customer,82781.09819,76313.39471,15,0,0.0,8,76564.14884129608,82989.78178255892,326.2307100279592
654,Customer,82883.661122,76982.660452,9,0,0.0,8,76564.14884129608,82989.78178255892,431.75636983309226
656,Customer,82614.115855,76686.939366,7,0,0.0,8,76564.14884129608,82989.78178255892,395.22449580683843
658,Customer,81686.083596,77017.665558,14,0,0.0,8,76564.14884129608,82989.78178255892,1380.3283573001445
662,Customer,82773.469973,76980.602335,8,0,0.0,8,76564.14884129608,82989.78178255892,469.28063178961514
663,Customer,83742.116186,75329.80104,24,0,0.0,8,76564.14884129608,82989.78178255892,1445.5523335962253
664,Customer,82071.502539,76235.056369,16,0,0.0,8,76564.14884129608,82989.78178255892,975.4684128525587
667,Customer,83502.465146,76905.909511,28,0,0.0,8,76564.14884129608,82989.78178255892,616.153054448117
671,Customer,82657.360102,76697.220674,5,0,0.0,8,76564.14884129608,82989.78178255892,358.0674327061734
672,Customer,82723.503109,76439.053055,28,0,0.0,8,76564.14884129608,82989.78178255892,294.1994013272817
678,Customer,83164.857921,77992.374012,27,0,0.0,8,76564.14884129608,82989.78178255892,1438.9158392636098
684,Customer,81119.12403,78419.651247,21,0,0.0,8,76564.14884129608,82989.78178255892,2634.8149090176726
688,Customer,85311.523029,75428.976199,21,0,0.0,8,76564.14884129608,82989.78178255892,2584.3953535098453
690,Customer,81064.175851,74303.545676,24,0,0.0,8,76564.14884129608,82989.78178255892,2969.5597105634215
691,Customer,82211.505089,77181.411267,12,0,0.0,8,76564.14884129608,82989.78178255892,993.3415897479061
694,Customer,82983.562966,76946.798993,11,0,0.0,8,76564.14884129608,82989.78178255892,382.70068235950816
695,Customer,84716.895286,75128.9462,20,0,0.0,8,76564.14884129608,82989.78178255892,2245.601851475846
701,Customer,83014.391509,76930.091417,9,0,0.0,8,76564.14884129608,82989.78178255892,366.769147214334
703,Customer,82747.634961,76050.066019,15,0,0.0,8,76564.14884129608,82989.78178255892,568.2571876984717
705,Customer,82429.578649,76449.588567,11,0,0.0,8,76564.14884129608,82989.78178255892,571.7968234399499
707,Customer,82735.445134,77652.473022,15,0,0.0,8,76564.14884129608,82989.78178255892,1117.6478215900863
716,Customer,82844.384424,77054.368591,13,0,0.0,8,76564.14884129608,82989.78178255892,511.32748300447645
717,Customer,85631.538447,73972.713436,30,0,0.0,8,76564.14884129608,82989.78178255892,3700.596672692241
718,Customer,83211.179492,75859.465982,26,0,0.0,8,76564.14884129608,82989.78178255892,738.6439453021037
719,Customer,81749.131023,73083.966339,28,0,0.0,8,76564.14884129608,82989.78178255892,3694.7103481168665
723,Customer,82463.957135,76671.877471,11,0,0.0,8,76564.14884129608,82989.78178255892,536.7466978364548
726,Customer,82591.461939,77313.604078,16,0,0.0,8,76564.14884129608,82989.78178255892,848.7295503255085
731,Customer,82816.298191,76653.944731,1,0,0.0,8,76564.14884129608,82989.78178255892,195.345484585391
733,Customer,79913.668479,75612.320303,32,0,0.0,8,76564.14884129608,82989.78178255892,3220.0078606498755
740,Customer,82807.32707,75476.556566,22,0,0.0,8,76564.14884129608,82989.78178255892,1102.7904059333541
741,Customer,82393.086749,77563.993875,25,0,0.0,8,76564.14884129608,82989.78178255892,1164.3603628156895
751,Customer,83762.05169,81470.502702,64,0,0.0,8,76564.14884129608,82989.78178255892,4966.7604146348085
752,Customer,83102.997784,76495.115595,8,0,0.0,8,76564.14884129608,82989.78178255892,132.60260961415625
762,Customer,83177.25577,76496.143171,29,0,0.0,8,76564.14884129608,82989.78178255892,199.42734807312473
765,Customer,82305.170238,78961.865753,24,0,0.0,8,76564.14884129608,82989.78178255892,2493.539523571738
767,Customer,82844.085543,76611.883118,4,0,0.0,8,76564.14884129608,82989.78178255892,153.31652029072842
773,Customer,82832.99706,76669.85183,3,0,0.0,8,76564.14884129608,82989.78178255892,189.08879144153377
777,Customer,83822.631891,75361.885181,18,0,0.0,8,76564.14884129608,82989.78178255892,1462.5584473787112
779,Customer,85305.97779,76227.396538,22,0,0.0,8,76564.14884129608,82989.78178255892,2340.548238909263
781,Customer,82519.928579,76720.521264,11,0,0.0,8,76564.14884129608,82989.78178255892,495.1912433362182
782,Customer,81364.114266,79026.214292,24,0,0.0,8,76564.14884129608,82989.78178255892,2950.3493281211227
783,Customer,82563.414955,77228.040601,20,0,0.0,8,76564.14884129608,82989.78178255892,789.0126363027581
787,Customer,82845.54762,76689.637879,4,0,0.0,8,76564.14884129608,82989.78178255892,191.18313794090164
789,Customer,83009.900554,78132.351145,17,0,0.0,8,76564.14884129608,82989.78178255892,1568.3313522041744
791,Customer,82784.715089,76919.363817,17,0,0.0,8,76564.14884129608,82989.78178255892,410.15853980080374
794,Customer,82733.018809,76448.198329,6,0,0.0,8,76564.14884129608,82989.78178255892,281.729916573545
800,Customer,82926.64162,76524.707105,8,0,0.0,8,76564.14884129608,82989.78178255892,74.44683129600966
802,Customer,82677.569779,76323.656896,13,0,0.0,8,76564.14884129608,82989.78178255892,394.09733685799495
803,Customer,82863.379026,76565.786897,8,0,0.0,8,76564.14884129608,82989.78178255892,126.41336991071333
805,Customer,83474.819842,81501.497219,30,0,0.0,8,76564.14884129608,82989.78178255892,4961.115894828695
809,Customer,82824.199288,76202.76785,10,0,0.0,8,76564.14884129608,82989.78178255892,397.5094758298013
814,Customer,82611.293659,79353.769538,27,0,0.0,8,76564.14884129608,82989.78178255892,2815.17972626154
816,Customer,85900.155891,74277.387639,31,0,0.0,8,76564.14884129608,82989.78178255892,3701.2908893264353
818,Customer,82211.813614,79347.918686,27,0,0.0,8,76564.14884129608,82989.78178255892,2890.434053835834
821,Customer,82556.247976,77024.133835,11,0,0.0,8,76564.14884129608,82989.78178255892,632.0899903196256
827,Customer,82814.801377,76654.50808,1,0,0.0,8,76564.14884129608,82989.78178255892,196.93383241260668
831,Customer,82821.017105,76649.763043,1,0,0.0,8,76564.14884129608,82989.78178255892,189.23875904518798
834,Customer,83151.41744,76398.203941,9,0,0.0,8,76564.14884129608,82989.78178255892,231.65447479098606
836,Customer,83895.977514,79995.754085,27,0,0.0,8,76564.14884129608,82989.78178255892,3549.240095048272
838,Customer,80287.79122,78952.074107,28,0,0.0,8,76564.14884129608,82989.78178255892,3605.958967423863
839,Customer,82817.097618,77187.045666,17,0,0.0,8,76564.14884129608,82989.78178255892,646.3901878243894
840,Customer,82501.796245,76885.410065,9,0,0.0,8,76564.14884129608,82989.78178255892,584.241952210216
846,Customer,82770.742038,76686.882756,3,0,0.0,8,76564.14884129608,82989.78178255892,251.08170685055535
852,Customer,83400.306938,77913.44887,16,0,0.0,8,76564.14884129608,82989.78178255892,1410.3692675006482
853,Customer,83860.141224,76195.836041,13,0,0.0,8,76564.14884129608,82989.78178255892,945.0819415096147
855,Customer,82209.592959,75963.791498,17,0,0.0,8,76564.14884129608,82989.78178255892,984.4407245008491
856,Customer,82109.077513,76097.464436,14,0,0.0,8,76564.14884129608,82989.78178255892,996.7117660416502
858,Customer,82756.069229,76679.637261,4,0,0.0,8,76564.14884129608,82989.78178255892,260.68972510771806
860,Customer,82773.178477,76765.461047,5,0,0.0,8,76564.14884129608,82989.78178255892,295.708633868598
864,Customer,86513.997683,79430.381092,27,0,0.0,8,76564.14884129608,82989.78178255892,4542.618741199506
869,Customer,82988.786998,76522.245644,12,0,0.0,8,76564.14884129608,82989.78178255892,41.915003757042484
870,Customer,84583.202306,74686.608539,25,0,0.0,8,76564.14884129608,82989.78178255892,2462.5487916525317
873,Customer,82842.045976,76683.801005,3,0,0.0,8,76564.14884129608,82989.78178255892,190.11183240042203
874,Customer,83389.43085,76265.978313,14,0,0.0,8,76564.14884129608,82989.78178255892,498.62314532208876
877,Customer,80967.207693,80386.879815,36,0,0.0,8,76564.14884129608,82989.78178255892,4324.821157582168
881,Customer,85438.301233,76573.12384,42,0,0.0,8,76564.14884129608,82989.78178255892,2448.535899224284
886,Customer,81981.169258,76646.92364,17,0,0.0,8,76564.14884129608,82989.78178255892,1012.0034051314226
887,Customer,82836.621233,76692.742819,3,0,0.0,8,76564.14884129608,82989.78178255892,199.9864121456974
888,Customer,82548.10242,75681.652082,17,0,0.0,8,76564.14884129608,82989.78178255892,986.8541885600566
892,Customer,81324.01096,76418.848159,21,0,0.0,8,76564.14884129608,82989.78178255892,1672.0959068080729
894,Customer,81432.543845,74765.730847,31,0,0.0,8,76564.14884129608,82989.78178255892,2378.9277577052835
895,Customer,83394.15296,72325.405342,27,0,0.0,8,76564.14884129608,82989.78178255892,4257.988081473438
898,Customer,82806.41313,76563.822225,4,0,0.0,8,76564.14884129608,82989.78178255892,183.36894344320365
899,Customer,82036.525937,77028.585118,14,0,0.0,8,76564.14884129608,82989.78178255892,1060.376236159059
904,Customer,82849.347272,76646.09213,4,0,0.0,8,76564.14884129608,82989.78178255892,162.5932173232878
906,Customer,83231.542943,75836.842565,16,0,0.0,8,76564.14884129608,82989.78178255892,766.4351754959325
907,Customer,85868.272545,74480.710866,27,0,0.0,8,76564.14884129608,82989.78178255892,3553.367820302943
908,Customer,82884.540824,76640.816961,6,0,0.0,8,76564.14884129608,82989.78178255892,130.20622080890047
911,Customer,83267.496018,76470.892453,10,0,0.0,8,76564.14884129608,82989.78178255892,292.9538368491847
914,Customer,81944.442504,76351.089817,14,0,0.0,8,76564.14884129608,82989.78178255892,1066.8309871446634
923,Customer,83255.23574,79331.072633,27,0,0.0,8,76564.14884129608,82989.78178255892,2779.6282256119034
926,Customer,81907.54756,74824.693996,23,0,0.0,8,76564.14884129608,82989.78178255892,2048.6420066233322
927,Customer,83622.571967,77766.840841,42,0,0.0,8,76564.14884129608,82989.78178255892,1359.0038497652597
930,Customer,83411.342454,78399.110566,17,0,0.0,8,76564.14884129608,82989.78178255892,1882.7633762197174
935,Customer,84137.158109,76908.553423,18,0,0.0,8,76564.14884129608,82989.78178255892,1197.9511469071217
936,Customer,84677.416679,76395.921809,19,0,0.0,8,76564.14884129608,82989.78178255892,1695.9987848111384
937,Customer,85250.694476,78200.482108,34,0,0.0,8,76564.14884129608,82989.78178255892,2790.934031302955
940,Customer,83025.076522,78735.588856,23,0,0.0,8,76564.14884129608,82989.78178255892,2171.7268373553807
942,Customer,84369.946339,76125.648373,27,0,0.0,8,76564.14884129608,82989.78178255892,1448.1494617449177
944,Customer,80534.020522,78104.727315,19,0,0.0,8,76564.14884129608,82989.78178255892,2898.9904109020067
946,Customer,84191.076841,72652.833128,51,0,0.0,8,76564.14884129608,82989.78178255892,4091.6378660032674
948,Customer,82600.487489,76084.353888,14,0,0.0,8,76564.14884129608,82989.78178255892,617.8618326178719
953,Customer,82879.487852,76639.694359,4,0,0.0,8,76564.14884129608,82989.78178255892,133.68573732185408
957,Customer,82819.170634,76659.413621,2,0,0.0,8,76564.14884129608,82989.78178255892,195.4060957714252
971,Customer,83622.487851,75929.676367,16,0,0.0,8,76564.14884129608,82989.78178255892,896.031411102069
981,Customer,82792.526988,78626.879766,21,0,0.0,8,76564.14884129608,82989.78178255892,2072.140999475273
982,Customer,82777.448679,76655.8779,4,0,0.0,8,76564.14884129608,82989.78178255892,231.29973427929633
983,Customer,83257.272828,77207.725222,18,0,0.0,8,76564.14884129608,82989.78178255892,696.9519475481218
984,Customer,82817.261842,76602.642925,4,0,0.0,8,76564.14884129608,82989.78178255892,176.7623386659428
988,Customer,82821.353394,76694.435489,3,0,0.0,8,76564.14884129608,82989.78178255892,212.93833060883324
992,Customer,83269.922187,73357.175052,26,0,0.0,8,76564.14884129608,82989.78178255892,3219.186159797598
993,Customer,83380.036854,77315.343182,14,0,0.0,8,76564.14884129608,82989.78178255892,846.5175475387912
997,Customer,83177.644779,77298.613934,12,0,0.0,8,76564.14884129608,82989.78178255892,758.1104654549998
999,Customer,84327.652742,77598.900991,20,0,0.0,8,76564.14884129608,82989.78178255892,1691.33400469355
72,Facility,83706.495652,66086.916723,0,8000,2253906.0,29,68013.64573738462,79539.44437946154,4590.925941772088
53,Customer,78047.147304,68343.47574,30,0,0.0,29,68013.64573738462,79539.44437946154,1528.312269157163
121,Customer,78150.084966,65890.394804,55,0,0.0,29,68013.64573738462,79539.44437946154,2537.422729048685
142,Customer,80490.857336,70912.051893,38,0,0.0,29,68013.64573738462,79539.44437946154,3050.5646783470047
156,Customer,79450.167744,69591.572513,30,0,0.0,29,68013.64573738462,79539.44437946154,1580.4503240669412
169,Customer,78225.913101,64939.909893,36,0,0.0,29,68013.64573738462,79539.44437946154,3342.636154377509
265,Customer,80749.564266,68546.979172,35,0,0.0,29,68013.64573738462,79539.44437946154,1322.435137265534
294,Customer,78050.450756,63248.041648,45,0,0.0,29,68013.64573738462,79539.44437946154,4992.803255433618
325,Customer,77127.444976,69365.693723,47,0,0.0,29,68013.64573738462,79539.44437946154,2765.0994336018784
381,Customer,77869.622476,71804.648251,31,0,0.0,29,68013.64573738462,79539.44437946154,4142.463668822947
510,Customer,74772.02572,69436.350169,37,0,0.0,29,68013.64573738462,79539.44437946154,4975.175230513998
588,Customer,82506.811972,68461.396901,36,0,0.0,29,68013.64573738462,79539.44437946154,3000.9584358611864
612,Customer,84383.270437,67885.48216,34,0,0.0,29,68013.64573738462,79539.44437946154,4845.521311299398
621,Customer,80782.457028,71875.454244,33,0,0.0,29,68013.64573738462,79539.44437946154,4056.9256076730653
679,Customer,75328.539097,69052.134705,37,0,0.0,29,68013.64573738462,79539.44437946154,4337.070743453619
738,Customer,78740.525876,71400.19774,37,0,0.0,29,68013.64573738462,79539.44437946154,3479.512213168892
759,Customer,81323.341526,71063.411183,27,0,0.0,29,68013.64573738462,79539.44437946154,3533.179630686456
761,Customer,81822.184628,70052.296046,39,0,0.0,29,68013.64573738462,79539.44437946154,3060.555198508116
770,Customer,76776.332157,62104.199334,41,0,0.0,29,68013.64573738462,79539.44437946154,6523.52251075995
778,Customer,81179.850267,71115.531637,30,0,0.0,29,68013.64573738462,79539.44437946154,3508.935395544285
780,Customer,80650.317007,68442.036295,56,0,0.0,29,68013.64573738462,79539.44437946154,1190.611802590683
837,Customer,78493.677053,65059.713294,37,0,0.0,29,68013.64573738462,79539.44437946154,3133.5836004764137
893,Customer,77214.884967,63348.9115,35,0,0.0,29,68013.64573738462,79539.44437946154,5211.844392102642
934,Customer,80506.025569,63961.4911,39,0,0.0,29,68013.64573738462,79539.44437946154,4165.841619798728
938,Customer,80394.876123,71321.406451,33,0,0.0,29,68013.64573738462,79539.44437946154,3416.583733262012
950,Customer,81282.685862,65045.092053,36,0,0.0,29,68013.64573738462,79539.44437946154,3442.557456821367
91,Facility,97017.126941,109949.012377,0,8000,1899775.0,21,111138.41313722223,97764.80179855555,1404.8814402069406
1,Customer,101062.631701,107086.281571,84,0,0.0,21,111138.41313722223,97764.80179855555,5224.50498089833
19,Customer,106564.403821,113160.140512,68,0,0.0,21,111138.41313722223,97764.80179855555,9028.863568098384
57,Customer,91239.516405,110235.379407,87,0,0.0,21,111138.41313722223,97764.80179855555,6587.4744314698055
58,Customer,94223.529456,110662.189444,64,0,0.0,21,111138.41313722223,97764.80179855555,3573.1497044113694
185,Customer,95699.894523,116803.040317,90,0,0.0,21,111138.41313722223,97764.80179855555,6029.248970022664
311,Customer,104336.959017,113243.680301,80,0,0.0,21,111138.41313722223,97764.80179855555,6901.115876061814
413,Customer,103855.837926,116188.063603,64,0,0.0,21,111138.41313722223,97764.80179855555,7911.996646382192
495,Customer,90790.379501,116675.365336,97,0,0.0,21,111138.41313722223,97764.80179855555,8905.077542401861
544,Customer,98194.304285,106224.443566,56,0,0.0,21,111138.41313722223,97764.80179855555,4932.704058907241
552,Customer,102379.519813,111669.338775,67,0,0.0,21,111138.41313722223,97764.80179855555,4645.159242231413
578,Customer,93043.805996,110266.504224,72,0,0.0,21,111138.41313722223,97764.80179855555,4800.8360231009265
610,Customer,94790.722786,104424.065266,67,0,0.0,21,111138.41313722223,97764.80179855555,7343.542286166115
652,Customer,91987.440401,110484.582066,73,0,0.0,21,111138.41313722223,97764.80179855555,5814.24111880997
766,Customer,97106.097526,110979.477964,56,0,0.0,21,111138.41313722223,97764.80179855555,677.6073405521205
792,Customer,100900.399327,113136.327014,90,0,0.0,21,111138.41313722223,97764.80179855555,3718.014486175133
996,Customer,96984.635381,106747.004125,64,0,0.0,21,111138.41313722223,97764.80179855555,4460.171829841093
998,Customer,99589.227568,112556.540602,57,0,0.0,21,111138.41313722223,97764.80179855555,2310.7606744468335
5,Customer,52291.07116,15328.903598,86,0,0.0,26,7236.955768555563,61641.08792222223,12365.372340867347
91,Customer,62977.133958,6316.242545,92,0,0.0,26,7236.955768555563,61641.08792222223,1622.5695207748636
284,Customer,62399.549556,0.0,99,0,0.0,26,7236.955768555563,61641.08792222223,7276.592117601651
287,Customer,64612.639738,2984.486807,97,0,0.0,26,7236.955768555563,61641.08792222223,5187.833118253286
305,Customer,71156.121062,11060.165311,99,0,0.0,26,7236.955768555563,61641.08792222223,10254.40329109927
308,Customer,74680.191999,9508.712924,99,0,0.0,26,7236.955768555563,61641.08792222223,13235.524760973996
826,Customer,46155.233745,8736.638531,99,0,0.0,26,7236.955768555563,61641.08792222223,15558.300935068848
854,Customer,57785.555086,2580.034319,97,0,0.0,26,7236.955768555563,61641.08792222223,6045.829210167824
912,Customer,62712.294996,8617.417882,86,0,0.0,26,7236.955768555563,61641.08792222223,1747.3294599379394
15,Customer,139731.543605,99181.999144,91,0,0.0,22,99663.89515375,138015.92331025001,1782.014803521856
107,Customer,139603.168791,108265.107462,93,0,0.0,22,99663.89515375,138015.92331025001,8746.43935483192
245,Customer,138366.512386,90105.231712,98,0,0.0,22,99663.89515375,138015.92331025001,9565.09066829391
454,Customer,144873.880251,93726.248561,99,0,0.0,22,99663.89515375,138015.92331025001,9071.230371982429
570,Customer,134496.398295,100265.034639,86,0,0.0,22,99663.89515375,138015.92331025001,3570.493665264976
736,Customer,133947.650933,91144.478636,83,0,0.0,22,99663.89515375,138015.92331025001,9440.937344268681
928,Customer,135295.647949,108363.235694,99,0,0.0,22,99663.89515375,138015.92331025001,9114.736632303819
978,Customer,137812.584272,106259.825382,96,0,0.0,22,99663.89515375,138015.92331025001,6599.063747261313
22,Customer,127157.611529,71707.550968,62,0,0.0,49,67169.1987235,134422.22734530002,8565.70394384458
44,Customer,130250.164093,65772.792436,67,0,0.0,49,67169.1987235,134422.22734530002,4399.552511444973
126,Customer,143519.985594,62142.033813,89,0,0.0,49,67169.1987235,134422.22734530002,10394.305757921058
258,Customer,135770.396584,71446.014383,75,0,0.0,49,67169.1987235,134422.22734530002,4484.273907950019
301,Customer,132754.817335,70835.137107,75,0,0.0,49,67169.1987235,134422.22734530002,4027.3267031701503
396,Customer,132910.549371,59877.068767,70,0,0.0,49,67169.1987235,134422.22734530002,7447.169234042458
462,Customer,139135.732268,70561.099576,85,0,0.0,49,67169.1987235,134422.22734530002,5807.074999473232
471,Customer,134707.437853,64392.926937,85,0,0.0,49,67169.1987235,134422.22734530002,2790.8833845609515
776,Customer,131068.713867,61092.604947,63,0,0.0,49,67169.1987235,134422.22734530002,6940.536331850619
920,Customer,136946.864959,73864.758301,84,0,0.0,49,67169.1987235,134422.22734530002,7155.71891121784
23,Customer,78668.874478,80502.262914,34,0,0.0,41,76952.2232439,75560.139825,4718.793574850111
42,Customer,70463.192282,75073.873285,39,0,0.0,41,76952.2232439,75560.139825,5432.04131282094
73,Customer,78593.352259,80130.927001,37,0,0.0,41,76952.2232439,75560.139825,4393.692666217546
75,Customer,78991.927647,75040.59855,44,0,0.0,41,76952.2232439,75560.139825,3928.2918203152635
182,Customer,74942.055179,76918.977684,45,0,0.0,41,76952.2232439,75560.139825,618.9781069424137
194,Customer,78938.069559,74135.501977,47,0,0.0,41,76952.2232439,75560.139825,4398.218728445413
277,Customer,69396.966568,76617.225699,47,0,0.0,41,76952.2232439,75560.139825,6172.270890919244
337,Customer,77114.559725,78049.193921,27,0,0.0,41,76952.2232439,75560.139825,1902.5156745565073
410,Customer,72704.771431,79440.084977,31,0,0.0,41,76952.2232439,75560.139825,3787.16050207507
419,Customer,78599.122889,78694.306061,22,0,0.0,41,76952.2232439,75560.139825,3502.8946037404353
425,Customer,77831.070843,78423.700267,49,0,0.0,41,76952.2232439,75560.139825,2705.9882331646713
445,Customer,69846.325088,75567.512942,64,0,0.0,41,76952.2232439,75560.139825,5879.209255414072
447,Customer,78021.092127,75913.984211,28,0,0.0,41,76952.2232439,75560.139825,2670.997289806972
460,Customer,76017.406115,72727.830188,45,0,0.0,41,76952.2232439,75560.139825,4249.069209921921
466,Customer,79236.110607,77138.328862,27,0,0.0,41,76952.2232439,75560.139825,3680.6788084816626
476,Customer,72823.85607,78352.240544,40,0,0.0,41,76952.2232439,75560.139825,3073.6455925262817
482,Customer,74510.629884,71191.246061,49,0,0.0,41,76952.2232439,75560.139825,5855.7944993102665
520,Customer,74554.41018,78933.582556,35,0,0.0,41,76952.2232439,75560.139825,2221.9983893957165
537,Customer,78411.676679,80270.690289,30,0,0.0,41,76952.2232439,75560.139825,4375.326954541212
553,Customer,78424.96518,75406.237938,35,0,0.0,41,76952.2232439,75560.139825,3255.348657319145
571,Customer,68891.584085,77017.911988,43,0,0.0,41,76952.2232439,75560.139825,6668.879266307685
607,Customer,78552.921198,79217.421958,28,0,0.0,41,76952.2232439,75560.139825,3753.3805510414204
647,Customer,73775.187836,79565.498477,37,0,0.0,41,76952.2232439,75560.139825,3164.689723648894
747,Customer,72867.107621,74740.016954,61,0,0.0,41,76952.2232439,75560.139825,3485.1512335699636
757,Customer,78523.024071,80180.195426,29,0,0.0,41,76952.2232439,75560.139825,4381.607862829172
786,Customer,73806.654966,73655.706782,40,0,0.0,41,76952.2232439,75560.139825,3733.862602496247
830,Customer,77106.170498,77503.585886,45,0,0.0,41,76952.2232439,75560.139825,1641.405374963882
844,Customer,75609.024285,78652.764478,41,0,0.0,41,76952.2232439,75560.139825,1701.2437154340378
850,Customer,78189.95431,75776.575112,42,0,0.0,41,76952.2232439,75560.139825,2880.6375606028178
866,Customer,71392.13109,73728.714329,50,0,0.0,41,76952.2232439,75560.139825,5269.089725889686
30,Customer,138311.507074,46013.573015,86,0,0.0,12,50312.09415009091,131422.02666972726,8120.481770786831
113,Customer,126638.026738,52973.168044,86,0,0.0,12,50312.09415009091,131422.02666972726,5474.300833495625
131,Customer,130797.704953,45580.283878,81,0,0.0,12,50312.09415009091,131422.02666972726,4772.819508114917
183,Customer,131839.556766,50593.686746,77,0,0.0,12,50312.09415009091,131422.02666972726,503.6127196212763
250,Customer,127571.267285,46597.104957,87,0,0.0,12,50312.09415009091,131422.02666972726,5350.653468862222
299,Customer,134595.884706,52136.12708,87,0,0.0,12,50312.09415009091,131422.02666972726,3660.6653717331033
389,Customer,125989.079372,58586.811145,72,0,0.0,12,50312.09415009091,131422.02666972726,9898.88163813061
433,Customer,130335.020715,57987.92249,83,0,0.0,12,50312.09415009091,131422.02666972726,7752.413988517641
503,Customer,128943.891059,50182.290138,94,0,0.0,12,50312.09415009091,131422.02666972726,2481.532830068839
822,Customer,133481.986844,40290.571402,91,0,0.0,12,50312.09415009091,131422.02666972726,10231.04853424581
949,Customer,137138.367855,52491.496756,85,0,0.0,12,50312.09415009091,131422.02666972726,6117.708089234772
32,Customer,112527.89139,141532.283911,89,0,0.0,35,141304.48661114284,112889.29400742857,427.20423886758743
94,Customer,100207.541884,147232.851788,100,0,0.0,35,141304.48661114284,112889.29400742857,13999.012486252648
103,Customer,117440.945704,139545.764956,92,0,0.0,35,141304.48661114284,112889.29400742857,4879.614229339233
494,Customer,123596.237443,148202.165917,99,0,0.0,35,141304.48661114284,112889.29400742857,12736.428759231387
530,Customer,108468.864652,137127.015674,79,0,0.0,35,141304.48661114284,112889.29400742857,6082.060433521503
788,Customer,109258.402916,141391.37932,91,0,0.0,35,141304.48661114284,112889.29400742857,3631.9306794964937
970,Customer,118725.174063,134099.944712,87,0,0.0,35,141304.48661114284,112889.29400742857,9271.61906031094
33,Customer,83816.927639,121215.464506,66,0,0.0,23,124205.41798116667,82270.69538116668,3366.1039762350724
109,Customer,78641.179621,126474.216847,82,0,0.0,23,124205.41798116667,82270.69538116668,4280.284213332671
125,Customer,86746.167809,122450.830189,72,0,0.0,23,124205.41798116667,82270.69538116668,4807.12302450402
217,Customer,77758.308107,128810.136078,78,0,0.0,23,124205.41798116667,82270.69538116668,6447.097615467417
218,Customer,74932.063662,122132.426647,77,0,0.0,23,124205.41798116667,82270.69538116668,7625.798881500175
306,Customer,88620.381831,127538.458877,97,0,0.0,23,124205.41798116667,82270.69538116668,7171.309477668248
409,Customer,74617.826542,118574.041873,71,0,0.0,23,124205.41798116667,82270.69538116668,9501.515581270118
567,Customer,87441.350831,138041.983527,87,0,0.0,23,124205.41798116667,82270.69538116668,14771.128050525906
699,Customer,81706.005724,125311.144259,84,0,0.0,23,124205.41798116667,82270.69538116668,1241.5736024908683
755,Customer,84644.366253,122537.985445,97,0,0.0,23,124205.41798116667,82270.69538116668,2900.8006947146837
772,Customer,79213.018774,117914.6288,75,0,0.0,23,124205.41798116667,82270.69538116668,6994.527486249366
865,Customer,89110.747781,119463.698726,81,0,0.0,23,124205.41798116667,82270.69538116668,8322.873201442151
34,Customer,34282.195348,106011.446322,77,0,0.0,4,102201.23227521052,40291.105279105264,7115.105736564096
36,Customer,36191.518549,93714.988396,77,0,0.0,4,102201.23227521052,40291.105279105264,9424.592645578548
267,Customer,45172.368673,107317.527844,92,0,0.0,4,102201.23227521052,40291.105279105264,7071.294978134593
330,Customer,42321.520791,101562.747559,81,0,0.0,4,102201.23227521052,40291.105279105264,2128.4383673898596
331,Customer,47576.757495,102271.094148,94,0,0.0,4,102201.23227521052,40291.105279105264,7285.987159763699
345,Customer,44870.147863,102250.62364,79,0,0.0,4,102201.23227521052,40291.105279105264,4579.308953547154
384,Customer,36265.314701,105208.801761,83,0,0.0,4,102201.23227521052,40291.105279105264,5025.182980809061
505,Customer,42445.482145,107912.369157,87,0,0.0,4,102201.23227521052,40291.105279105264,6103.96790316253
563,Customer,36693.208791,101758.545219,75,0,0.0,4,102201.23227521052,40291.105279105264,3625.0284093861314
575,Customer,39191.103469,98800.284938,96,0,0.0,4,102201.23227521052,40291.105279105264,3574.4155847794523
674,Customer,39291.801803,94005.633975,82,0,0.0,4,102201.23227521052,40291.105279105264,8256.29692633263
693,Customer,42642.043212,102073.058841,97,0,0.0,4,102201.23227521052,40291.105279105264,2354.42935624764
704,Customer,39846.929828,96147.083802,94,0,0.0,4,102201.23227521052,40291.105279105264,6070.420542848903
722,Customer,39301.236637,101958.846222,82,0,0.0,4,102201.23227521052,40291.105279105264,1019.1128138799429
815,Customer,31320.384506,104164.22917,80,0,0.0,4,102201.23227521052,40291.105279105264,9182.983610895508
868,Customer,44695.159973,99304.01438,67,0,0.0,4,102201.23227521052,40291.105279105264,5271.581288299025
885,Customer,44842.491335,109716.012113,89,0,0.0,4,102201.23227521052,40291.105279105264,8785.615006374926
941,Customer,42350.397062,113218.555731,97,0,0.0,4,102201.23227521052,40291.105279105264,11208.126461482612
976,Customer,36230.938122,94427.550011,75,0,0.0,4,102201.23227521052,40291.105279105264,8770.12504406508
40,Customer,24068.914726,75695.645577,86,0,0.0,18,75065.1167058,22777.997650799996,1436.6744768595565
171,Customer,17252.002984,84848.259311,98,0,0.0,18,75065.1167058,22777.997650799996,11235.946613044292
266,Customer,27047.709938,74259.21187,89,0,0.0,18,75065.1167058,22777.997650799996,4345.103637409873
785,Customer,20656.240219,75630.577209,92,0,0.0,18,75065.1167058,22777.997650799996,2195.8142407949067
817,Customer,24865.120387,64891.889562,98,0,0.0,18,75065.1167058,22777.997650799996,10385.115879724797
41,Customer,69925.576292,127663.766541,99,0,0.0,13,125716.23318784616,66287.78802730769,4126.3045961707385
65,Customer,55749.683499,125963.221123,87,0,0.0,13,125716.23318784616,66287.78802730769,10540.998533803644
155,Customer,63486.486797,123667.021792,77,0,0.0,13,125716.23318784616,66287.78802730769,3470.814879504398
264,Customer,71778.879354,136529.157927,91,0,0.0,13,125716.23318784616,66287.78802730769,12127.300827994688
289,Customer,61559.578158,137603.400336,95,0,0.0,13,125716.23318784616,66287.78802730769,12792.994621134116
358,Customer,70154.626021,121150.907647,86,0,0.0,13,125716.23318784616,66287.78802730769,5982.861636655543
434,Customer,62676.012385,121094.155056,86,0,0.0,13,125716.23318784616,66287.78802730769,5865.8784122463285
625,Customer,70359.734403,119010.960821,88,0,0.0,13,125716.23318784616,66287.78802730769,7844.8342748654895
632,Customer,62736.109561,125444.705,83,0,0.0,13,125716.23318784616,66287.78802730769,3562.042600086187
653,Customer,70801.878644,132696.335002,97,0,0.0,13,125716.23318784616,66287.78802730769,8312.570927917755
798,Customer,57958.510484,129924.870082,90,0,0.0,13,125716.23318784616,66287.78802730769,9332.174928722814
880,Customer,71557.397394,115822.185239,85,0,0.0,13,125716.23318784616,66287.78802730769,11209.86028867435
921,Customer,72996.771363,117740.344876,79,0,0.0,13,125716.23318784616,66287.78802730769,10422.34387082106
43,Customer,153868.849366,77556.850457,98,0,0.0,6,76029.37130283333,148797.45716816664,5296.433837088768
143,Customer,152343.189101,73527.273063,100,0,0.0,6,76029.37130283333,148797.45716816664,4339.667100284444
240,Customer,148098.03363,84920.628055,93,0,0.0,6,76029.37130283333,148797.45716816664,8918.724119440563
373,Customer,145737.437978,72182.22908,89,0,0.0,6,76029.37130283333,148797.45716816664,4915.711619582157
808,Customer,148078.531969,75425.402912,100,0,0.0,6,76029.37130283333,148797.45716816664,938.9522134393137
990,Customer,144658.700965,72563.84425,100,0,0.0,6,76029.37130283333,148797.45716816664,5398.0719394215275
47,Customer,52767.884737,121704.261789,89,0,0.0,45,112130.30102090909,58386.619942772726,11100.94185650631
81,Customer,62414.880223,118478.51574,99,0,0.0,45,112130.30102090909,58386.619942772726,7518.424768855461
95,Customer,56917.920058,119693.385394,90,0,0.0,45,112130.30102090909,58386.619942772726,7704.370486030857
106,Customer,55623.524309,114241.231117,74,0,0.0,45,112130.30102090909,58386.619942772726,3477.1717461115304
139,Customer,61656.010468,113646.60006,86,0,0.0,45,112130.30102090909,58386.619942772726,3603.897498874502
167,Customer,62568.599388,112374.163821,67,0,0.0,45,112130.30102090909,58386.619942772726,4189.083568702302
191,Customer,54722.723377,109566.455924,73,0,0.0,45,112130.30102090909,58386.619942772726,4471.849698461024
324,Customer,57107.861462,106531.086721,72,0,0.0,45,112130.30102090909,58386.619942772726,5743.380888331765
469,Customer,54433.416137,114630.354232,88,0,0.0,45,112130.30102090909,58386.619942772726,4677.4016706139255
474,Customer,65786.375014,112638.527744,78,0,0.0,45,112130.30102090909,58386.619942772726,7417.187439738702
595,Customer,51094.348011,106822.42866,86,0,0.0,45,112130.30102090909,58386.619942772726,9019.464447882858
635,Customer,51917.252708,107242.972269,93,0,0.0,45,112130.30102090909,58386.619942772726,8107.940228417331
746,Customer,61885.231675,113557.38278,81,0,0.0,45,112130.30102090909,58386.619942772726,3778.4714369713533
763,Customer,67886.916534,111254.045404,62,0,0.0,45,112130.30102090909,58386.619942772726,9540.621532554855
799,Customer,63798.020077,116093.740785,67,0,0.0,45,112130.30102090909,58386.619942772726,6707.615535813902
804,Customer,56028.97918,120716.924974,82,0,0.0,45,112130.30102090909,58386.619942772726,8904.413561716576
810,Customer,55453.157175,105691.36062,70,0,0.0,45,112130.30102090909,58386.619942772726,7075.673628451782
878,Customer,47027.669821,112729.14162,93,0,0.0,45,112130.30102090909,58386.619942772726,11374.724521149517
889,Customer,59588.733691,107337.843835,64,0,0.0,45,112130.30102090909,58386.619942772726,4940.923328938489
905,Customer,58584.092372,105734.30078,81,0,0.0,45,112130.30102090909,58386.619942772726,6399.047932467294
922,Customer,59660.777734,103005.714115,80,0,0.0,45,112130.30102090909,58386.619942772726,9213.119139598315
925,Customer,67581.26459,113176.184076,78,0,0.0,45,112130.30102090909,58386.619942772726,9253.937624260905
48,Customer,28712.164161,102026.286283,71,0,0.0,37,105613.34007238463,20647.315608307697,8826.592607898123
127,Customer,25147.705111,101051.717344,83,0,0.0,37,105613.34007238463,20647.315608307697,6407.956584751354
138,Customer,13437.925551,109811.971915,99,0,0.0,37,105613.34007238463,20647.315608307697,8342.890047713134
207,Customer,24800.247953,107200.191019,100,0,0.0,37,105613.34007238463,20647.315608307697,4445.778108089247
426,Customer,17072.67624,94319.227637,89,0,0.0,37,105613.34007238463,20647.315608307697,11846.308383482377
483,Customer,25205.025056,110429.323246,84,0,0.0,37,105613.34007238463,20647.315608307697,6630.717105873999
576,Customer,23972.881089,92287.565482,91,0,0.0,37,105613.34007238463,20647.315608307697,13734.469563842378
617,Customer,23260.330667,109818.110447,80,0,0.0,37,105613.34007238463,20647.315608307697,4950.549626071414
660,Customer,7741.835023,115830.838565,96,0,0.0,37,105613.34007238463,20647.315608307697,16460.51957212625
797,Customer,29615.224349,106367.770593,91,0,0.0,37,105613.34007238463,20647.315608307697,8999.58624559048
933,Customer,10949.162381,113476.297645,97,0,0.0,37,105613.34007238463,20647.315608307697,12485.202353549907
947,Customer,14866.323309,108681.93313,92,0,0.0,37,105613.34007238463,20647.315608307697,6544.93203310013
967,Customer,23633.602018,101672.187635,87,0,0.0,37,105613.34007238463,20647.315608307697,4944.75369006544
49,Customer,93429.012057,42748.209522,82,0,0.0,14,39606.79031623077,99089.27716430768,6473.570553518409
61,Customer,98444.425204,32909.143914,75,0,0.0,14,39606.79031623077,99089.27716430768,6728.618088435949
189,Customer,99588.312834,42540.337872,85,0,0.0,14,39606.79031623077,99089.27716430768,2975.6911569557847
224,Customer,91071.815687,37442.510595,74,0,0.0,14,39606.79031623077,99089.27716430768,8304.444307227519
302,Customer,100755.273059,32678.604814,81,0,0.0,14,39606.79031623077,99089.27716430768,7125.6786816732265
423,Customer,107420.355507,41557.697974,84,0,0.0,14,39606.79031623077,99089.27716430768,8556.454116117235
611,Customer,100899.711202,43564.543304,85,0,0.0,14,39606.79031623077,99089.27716430768,4352.181075855091
619,Customer,100092.066545,44154.33421,68,0,0.0,14,39606.79031623077,99089.27716430768,4656.7952507907285
622,Customer,98051.498404,35119.128871,96,0,0.0,14,39606.79031623077,99089.27716430768,4606.092704490052
764,Customer,100489.835486,44820.493767,75,0,0.0,14,39606.79031623077,99089.27716430768,5398.543070590857
916,Customer,95940.040576,37826.332211,73,0,0.0,14,39606.79031623077,99089.27716430768,3617.6956966579946
973,Customer,106477.479889,41539.653042,87,0,0.0,14,39606.79031623077,99089.27716430768,7636.851302586618
995,Customer,95500.776686,37987.284015,88,0,0.0,14,39606.79031623077,99089.27716430768,3937.0212524878093
63,Customer,76136.784675,35459.590254,84,0,0.0,31,30822.620934699997,80858.3551413,6617.757334351713
197,Customer,82898.661468,30589.181192,77,0,0.0,31,30822.620934699997,80858.3551413,2053.6173013110138
246,Customer,83434.281358,30329.407348,83,0,0.0,31,30822.620934699997,80858.3551413,2622.7191073364756
472,Customer,77727.923343,24074.236082,96,0,0.0,31,30822.620934699997,80858.3551413,7439.106220774004
500,Customer,84564.945545,28151.882714,85,0,0.0,31,30822.620934699997,80858.3551413,4568.550652483643
534,Customer,82871.784682,25305.246156,82,0,0.0,31,30822.620934699997,80858.3551413,5873.271912996899
542,Customer,78110.785044,30365.296566,92,0,0.0,31,30822.620934699997,80858.3551413,2785.3701760778463
602,Customer,84967.923977,35331.970073,80,0,0.0,31,30822.620934699997,80858.3551413,6101.047915435809
753,Customer,81904.744865,36826.003922,71,0,0.0,31,30822.620934699997,80858.3551413,6093.893562088866
890,Customer,75965.716456,31793.39504,88,0,0.0,31,30822.620934699997,80858.3551413,4988.017208111369
69,Customer,99018.254383,127188.002374,77,0,0.0,3,130576.44902592308,103732.95910692308,5806.0323239464715
144,Customer,111442.202554,130915.171787,89,0,0.0,3,130576.44902592308,103732.95910692308,7716.681128255205
173,Customer,95266.025842,142352.514099,93,0,0.0,3,130576.44902592308,103732.95910692308,14503.95351337017
232,Customer,105692.81861,137774.616108,97,0,0.0,3,130576.44902592308,103732.95910692308,7460.20499807455
268,Customer,106265.329608,128057.908672,75,0,0.0,3,130576.44902592308,103732.95910692308,3571.5467054293913
387,Customer,105921.96266,129032.536575,73,0,0.0,3,130576.44902592308,103732.95910692308,2678.694124288679
392,Customer,109667.25638,132910.832553,100,0,0.0,3,130576.44902592308,103732.95910692308,6376.929557140822
491,Customer,107856.917951,133104.303613,85,0,0.0,3,130576.44902592308,103732.95910692308,4837.053375873168
512,Customer,103582.244536,123781.388921,62,0,0.0,3,130576.44902592308,103732.95910692308,6796.73132552742
829,Customer,97539.516361,130861.885838,87,0,0.0,3,130576.44902592308,103732.95910692308,6200.01671132553
857,Customer,101077.09478,127450.913512,84,0,0.0,3,130576.44902592308,103732.95910692308,4101.534782470705
959,Customer,96843.074384,128545.10911,73,0,0.0,3,130576.44902592308,103732.95910692308,7183.094970080177
963,Customer,108355.770341,125518.654175,71,0,0.0,3,130576.44902592308,103732.95910692308,6852.129045773418
74,Customer,38331.306895,86524.731889,69,0,0.0,46,80532.60557508333,36830.79251866667,6177.145065118318
137,Customer,40256.821975,74367.831632,76,0,0.0,46,80532.60557508333,36830.79251866667,7052.809057743082
278,Customer,34337.770096,82302.046962,73,0,0.0,46,80532.60557508333,36830.79251866667,3057.136506872459
295,Customer,42323.731968,79418.695155,69,0,0.0,46,80532.60557508333,36830.79251866667,5604.746222445098
309,Customer,37908.230228,84436.02283,76,0,0.0,46,80532.60557508333,36830.79251866667,4049.387396072971
356,Customer,39212.41327,80340.29965,80,0,0.0,46,80532.60557508333,36830.79251866667,2389.372087391096
360,Customer,33289.028931,87073.091101,73,0,0.0,46,80532.60557508333,36830.79251866667,7437.878745021786
417,Customer,32664.747789,73683.228834,94,0,0.0,46,80532.60557508333,36830.79251866667,8016.850405918576
564,Customer,34199.161907,83625.627805,75,0,0.0,46,80532.60557508333,36830.79251866667,4061.067124663138
665,Customer,28889.79301,85380.923286,91,0,0.0,46,80532.60557508333,36830.79251866667,9304.066735714685
681,Customer,41028.440989,73179.328656,78,0,0.0,46,80532.60557508333,36830.79251866667,8467.049907093702
833,Customer,39528.063166,76059.439101,71,0,0.0,46,80532.60557508333,36830.79251866667,5223.455489408244
76,Customer,110079.259951,98927.21686,82,0,0.0,16,101262.3145105,107057.1418535,3819.146348676318
146,Customer,109142.222124,96172.700082,71,0,0.0,16,101262.3145105,107057.1418535,5500.1577036684885
150,Customer,101792.327184,100274.20611,58,0,0.0,16,101262.3145105,107057.1418535,5356.73703996389
379,Customer,105524.739739,107286.119226,60,0,0.0,16,101262.3145105,107057.1418535,6215.664042642914
479,Customer,106524.902083,97232.815225,57,0,0.0,16,101262.3145105,107057.1418535,4064.4979597912115
811,Customer,114275.168771,104745.333132,85,0,0.0,16,101262.3145105,107057.1418535,8014.445164792775
849,Customer,103741.027204,100396.209998,53,0,0.0,16,101262.3145105,107057.1418535,3427.3537015022766
879,Customer,112308.853794,106804.458733,64,0,0.0,16,101262.3145105,107057.1418535,7635.171307114232
954,Customer,106445.351584,102309.557089,63,0,0.0,16,101262.3145105,107057.1418535,1212.8496823919243
974,Customer,100737.566101,98474.52865,77,0,0.0,16,101262.3145105,107057.1418535,6907.154819141499
82,Customer,40607.870164,29763.601593,96,0,0.0,36,29053.596331199995,43931.860036,3398.972806737685
166,Customer,48036.332785,15963.962787,97,0,0.0,36,29053.596331199995,43931.860036,13718.061192046394
735,Customer,41298.209892,25592.609145,98,0,0.0,36,29053.596331199995,43931.860036,4349.08558021474
790,Customer,37394.54648,40900.796422,93,0,0.0,36,29053.596331199995,43931.860036,13531.172104474654
958,Customer,52322.340859,33047.011709,76,0,0.0,36,29053.596331199995,43931.860036,9292.337425038999
96,Customer,116606.346326,45099.789528,72,0,0.0,27,41077.45014114286,118428.17496199999,4415.684966345753
687,Customer,116527.664792,38495.184592,78,0,0.0,27,41077.45014114286,118428.17496199999,3206.2492530312547
742,Customer,113138.077779,42781.036965,78,0,0.0,27,41077.45014114286,118428.17496199999,5557.637652096806
847,Customer,117039.95113,40238.376254,79,0,0.0,27,41077.45014114286,118428.17496199999,1622.1006121131184
861,Customer,123606.263078,26921.108958,96,0,0.0,27,41077.45014114286,118428.17496199999,15073.638984353018
917,Customer,120927.628494,45981.811596,79,0,0.0,27,41077.45014114286,118428.17496199999,5504.546233661391
929,Customer,121151.293135,48024.843095,80,0,0.0,27,41077.45014114286,118428.17496199999,7462.013229646992
108,Customer,118899.246676,114052.158569,88,0,0.0,34,120520.800103,119670.52841163636,6514.460745995485
219,Customer,121871.327171,109528.067571,99,0,0.0,34,120520.800103,119670.52841163636,11210.873458357628
280,Customer,122223.891272,128317.079446,98,0,0.0,34,120520.800103,119670.52841163636,8203.757278879775
297,Customer,112793.134342,124458.868214,69,0,0.0,34,120520.800103,119670.52841163636,7925.082310988602
338,Customer,117324.255099,109369.897446,94,0,0.0,34,120520.800103,119670.52841163636,11395.070360619948
378,Customer,113723.874636,125656.629513,75,0,0.0,34,120520.800103,119670.52841163636,7857.444549973693
720,Customer,127254.379458,126583.00514,88,0,0.0,34,120520.800103,119670.52841163636,9709.022947962316
721,Customer,116336.18158,118733.928288,83,0,0.0,34,120520.800103,119670.52841163636,3782.9591164701787
828,Customer,121865.187404,129841.091018,98,0,0.0,34,120520.800103,119670.52841163636,9575.194558493013
943,Customer,124806.582882,118427.048365,96,0,0.0,34,120520.800103,119670.52841163636,5546.426945603844
987,Customer,119277.752008,120761.027563,87,0,0.0,34,120520.800103,119670.52841163636,460.4156120197995
163,Customer,34641.42836,112263.811508,81,0,0.0,17,118525.69408944444,30066.311178444448,7755.1834722824005
223,Customer,23458.888971,120780.720156,93,0,0.0,17,118525.69408944444,30066.311178444448,6981.63095474654
235,Customer,34497.784074,113671.952453,82,0,0.0,17,118525.69408944444,30066.311178444448,6572.4242024840305
281,Customer,25399.532665,115474.856408,89,0,0.0,17,118525.69408944444,30066.311178444448,5575.52080545558
406,Customer,35081.745839,119835.678082,95,0,0.0,17,118525.69408944444,30066.311178444448,5183.6900847807065
416,Customer,29271.170719,113162.540653,89,0,0.0,17,118525.69408944444,30066.311178444448,5421.776750576448
529,Customer,28299.187614,122113.571936,100,0,0.0,17,118525.69408944444,30066.311178444448,3999.449103791541
750,Customer,22802.220235,123274.612058,100,0,0.0,17,118525.69408944444,30066.311178444448,8678.665744611984
955,Customer,37144.842129,126153.503551,96,0,0.0,17,118525.69408944444,30066.311178444448,10406.203803489982
205,Customer,144923.011074,38494.435349,98,0,0.0,40,48172.28173185715,147256.334071,9955.154786265764
318,Customer,147698.544938,51733.258462,98,0,0.0,40,48172.28173185715,147256.334071,3588.329099108912
352,Customer,144925.517193,48816.539773,94,0,0.0,40,48172.28173185715,147256.334071,2418.2174720952644
452,Customer,147529.020186,55380.919687,86,0,0.0,40,48172.28173185715,147256.334071,7213.793654218282
496,Customer,141684.439983,49652.036,91,0,0.0,40,48172.28173185715,147256.334071,5765.039151816434
511,Customer,155706.319402,55243.266737,97,0,0.0,40,48172.28173185715,147256.334071,11018.215873591798
559,Customer,148327.485721,37885.516115,98,0,0.0,40,48172.28173185715,147256.334071,10342.384285717302
243,Customer,42277.03716,49188.864553,92,0,0.0,2,49267.8472126923,51223.49819576922,8946.809673010204
254,Customer,43242.882708,49610.487771,96,0,0.0,2,49267.8472126923,51223.49819576922,7987.9675835483595
349,Customer,45945.055918,47595.09666,83,0,0.0,2,49267.8472126923,51223.49819576922,5537.151550325667
467,Customer,57033.798222,55299.334085,78,0,0.0,2,49267.8472126923,51223.49819576922,8374.868374227592
596,Customer,53614.092538,43359.826971,87,0,0.0,2,49267.8472126923,51223.49819576922,6373.354257010332
598,Customer,54201.330334,51319.08613,73,0,0.0,2,49267.8472126923,51223.49819576922,3615.9459812554937
608,Customer,56353.476044,47188.97975,65,0,0.0,2,49267.8472126923,51223.49819576922,5535.193099683085
640,Customer,49651.070588,42898.901271,83,0,0.0,2,49267.8472126923,51223.49819576922,6560.182999724446
646,Customer,49536.862337,51432.236165,78,0,0.0,2,49267.8472126923,51223.49819576922,2743.9606514959037
698,Customer,48666.698057,47772.402324,74,0,0.0,2,49267.8472126923,51223.49819576922,2962.02335654637
713,Customer,55688.213935,53791.319358,80,0,0.0,2,49267.8472126923,51223.49819576922,6355.7444002657685
749,Customer,56867.701666,45759.182648,73,0,0.0,2,49267.8472126923,51223.49819576922,6645.8829241036565
960,Customer,52827.257038,55266.296079,71,0,0.0,2,49267.8472126923,51223.49819576922,6209.140941043417
518,Customer,87250.233232,24093.855912,92,0,0.0,7,21141.410543600003,92440.479318,5971.230031293796
728,Customer,87207.77202,21055.26082,95,0,0.0,7,21141.410543600003,92440.479318,5233.416421556644
931,Customer,100588.090418,27400.298569,87,0,0.0,7,21141.410543600003,92440.479318,10274.105603474145
961,Customer,85443.170406,19514.077299,94,0,0.0,7,21141.410543600003,92440.479318,7184.047988351337
962,Customer,101713.130514,13643.560118,99,0,0.0,7,21141.410543600003,92440.479318,11924.7566519133
