index,loctype,y_loc,x_loc,demand,capacity,setup_cost,cluster,cen_x_loc,cen_y_loc,centroid_dist
0,Facility,153388.105,39196.895,0,4463,55955.9783,142,33225.47499999999,156669.5235,6813.63076403046
5,Customer,158977.765,30581.7275,342,0,0.0,142,33225.47499999999,156669.5235,3509.612466651905
1773,Customer,159751.525,32639.725,410,0,0.0,142,33225.47499999999,156669.5235,3137.170111502107
2260,Customer,156364.2175,33282.8,410,0,0.0,142,33225.47499999999,156669.5235,310.6411261584794
2802,Customer,154866.005,30426.2275,330,0,0.0,142,33225.47499999999,156669.5235,3329.9347660424924
1,Facility,123003.6225,174572.9525,0,2976,40727.5046,172,174401.10275000002,127571.49725,4571.10621931526
327,Facility,123381.42,173517.07,0,3916,41126.2989,172,174401.10275000002,127571.49725,4282.319612551142
9,Customer,127835.66,172785.0375,209,0,0.0,172,174401.10275000002,127571.49725,1637.5130078094564
284,Customer,128298.55,171116.545,319,0,0.0,172,174401.10275000002,127571.49725,3364.063809497031
547,Customer,132069.665,171325.335,442,0,0.0,172,174401.10275000002,127571.49725,5449.207314745913
1104,Customer,127663.355,171215.0175,394,0,0.0,172,174401.10275000002,127571.49725,3187.4091463919144
2139,Customer,126818.8875,177983.495,370,0,0.0,172,174401.10275000002,127571.49725,3660.594988339321
2332,Customer,130039.01,177520.7925,375,0,0.0,172,174401.10275000002,127571.49725,3977.572539585864
2412,Customer,126848.98,178471.3275,306,0,0.0,172,174401.10275000002,127571.49725,4133.8554270874165
2573,Customer,129755.8225,175503.455,277,0,0.0,172,174401.10275000002,127571.49725,2446.7237851599693
2,Facility,97874.165,168185.68,0,3987,52559.922,215,166809.08194444445,92526.56,5521.94725097807
64,Facility,90453.0225,165665.2025,0,5082,42925.4408,215,166809.08194444445,92526.56,2368.1254078550664
205,Facility,94228.355,168049.1825,0,5512,39125.5941,215,166809.08194444445,92526.56,2105.695991807499
825,Customer,90824.115,166521.035,383,0,0.0,215,166809.08194444445,92526.56,1726.6412540619885
1078,Customer,87528.385,167257.4575,288,0,0.0,215,166809.08194444445,92526.56,5018.2461049100375
1715,Customer,87953.24,166994.0225,332,0,0.0,215,166809.08194444445,92526.56,4577.05787941218
1951,Customer,97419.73,167109.755,426,0,0.0,215,166809.08194444445,92526.56,4902.399099954746
2127,Customer,93975.1575,164001.9125,239,0,0.0,215,166809.08194444445,92526.56,3158.8977518794095
2227,Customer,92482.87,167497.49,297,0,0.0,215,166809.08194444445,92526.56,689.7930610362511
3,Facility,52563.645,63173.4325,0,6595,59180.4282,45,58503.65477272728,52604.98181818182,4669.960680205971
264,Facility,49605.965,60187.835,0,5476,52832.8753,45,58503.65477272728,52604.98181818182,3439.5588254416903
573,Customer,49784.2825,53792.4625,214,0,0.0,45,58503.65477272728,52604.98181818182,5491.054295324037
686,Customer,54293.075,60332.79,376,0,0.0,45,58503.65477272728,52604.98181818182,2489.054894965368
782,Customer,53028.5075,56942.085,292,0,0.0,45,58503.65477272728,52604.98181818182,1617.9845976569363
1071,Customer,55464.5425,60800.9525,386,0,0.0,45,58503.65477272728,52604.98181818182,3668.0599968829424
1515,Customer,54777.0225,61749.0175,356,0,0.0,45,58503.65477272728,52604.98181818182,3905.1427573194096
1527,Customer,55736.4475,55716.3125,364,0,0.0,45,58503.65477272728,52604.98181818182,4192.297014971325
1653,Customer,51232.6675,57405.0225,367,0,0.0,45,58503.65477272728,52604.98181818182,1757.9076934141697
2614,Customer,51054.3825,54856.3025,396,0,0.0,45,58503.65477272728,52604.98181818182,3963.2735014019377
2892,Customer,51114.2625,58583.99,372,0,0.0,45,58503.65477272728,52604.98181818182,1492.8823913294161
4,Facility,3587.58,184739.25,0,5217,40291.2368,161,182603.815,7104.785208333342,4114.707172661522
291,Facility,832.4775,183195.235,0,4416,60223.4296,161,182603.815,7104.785208333342,6300.128697448794
368,Facility,10255.66,180333.6475,0,3915,52690.4794,161,182603.815,7104.785208333342,3883.512898242608
378,Facility,6200.7125,187471.985,0,3997,33569.2595,161,182603.815,7104.785208333342,4951.406528538434
24,Customer,10459.455,186907.5525,245,0,0.0,161,182603.815,7104.785208333342,5456.735826483354
371,Customer,9927.2525,181489.4475,437,0,0.0,161,182603.815,7104.785208333342,3034.4911496961654
1235,Customer,4268.5625,178884.055,398,0,0.0,161,182603.815,7104.785208333342,4677.688928185134
1256,Customer,6625.1725,183906.3675,384,0,0.0,161,182603.815,7104.785208333342,1388.0458800958525
1594,Customer,9647.78,181248.4875,295,0,0.0,161,182603.815,7104.785208333342,2881.620228742858
1980,Customer,7585.3075,181538.075,259,0,0.0,161,182603.815,7104.785208333342,1169.0609138913835
2093,Customer,7446.75,177392.82,356,0,0.0,161,182603.815,7104.785208333342,5222.203443831404
2907,Customer,8420.7125,184138.8575,272,0,0.0,161,182603.815,7104.785208333342,2021.8852869931636
5,Facility,193485.015,155838.38,0,7597,45430.4052,226,161125.91791666666,195820.42583333334,5780.328795201723
596,Customer,193550.33,162946.235,344,0,0.0,226,161125.91791666666,195820.42583333334,2909.791981635906
1027,Customer,199231.58,158729.28,389,0,0.0,226,161125.91791666666,195820.42583333334,4168.91425342037
1453,Customer,194055.46,161629.9925,334,0,0.0,226,161125.91791666666,195820.42583333334,1835.5368638076334
1905,Customer,197191.4475,166687.6475,346,0,0.0,226,161125.91791666666,195820.42583333334,5728.222793205116
2932,Customer,197408.7225,160923.9725,280,0,0.0,226,161125.91791666666,195820.42583333334,1601.0834621146696
6,Facility,143293.33,154067.05,0,4339,53872.3252,339,151512.56875,147454.57645833332,4882.760135783162
72,Facility,146343.62,152863.9725,0,4103,75020.0237,339,151512.56875,147454.57645833332,1749.4331504309002
74,Facility,149961.065,151198.31,0,4056,44599.6131,339,151512.56875,147454.57645833332,2526.1123038095375
72,Customer,143058.5575,154072.2725,430,0,0.0,339,151512.56875,147454.57645833332,5086.950557042011
246,Customer,142562.65,152981.39,410,0,0.0,339,151512.56875,147454.57645833332,5107.678566452008
451,Customer,152395.825,145655.3125,316,0,0.0,339,151512.56875,147454.57645833332,7663.118681626125
463,Customer,145408.085,152801.24,353,0,0.0,339,151512.56875,147454.57645833332,2418.4294241527505
1000,Customer,147140.435,152517.74,475,0,0.0,339,151512.56875,147454.57645833332,1053.116374229515
1203,Customer,152478.93,146907.555,326,0,0.0,339,151512.56875,147454.57645833332,6815.444237124063
1703,Customer,151265.5,148962.9725,336,0,0.0,339,151512.56875,147454.57645833332,4585.147683384186
2229,Customer,150772.0975,152805.4975,302,0,0.0,339,151512.56875,147454.57645833332,3560.5632439935293
2393,Customer,144774.8225,153317.5125,224,0,0.0,339,151512.56875,147454.57645833332,3230.9291570486566
7,Facility,22022.03,101491.05,0,6881,49393.9197,143,102423.11102941177,22650.623676470583,1124.2187387901538
299,Facility,26079.4975,98651.0775,0,3136,66357.8681,143,102423.11102941177,22650.623676470583,5097.588905030677
302,Facility,26209.6825,106769.99,0,5548,61395.8673,143,102423.11102941177,22650.623676470583,5618.029591795049
316,Facility,19092.06,103899.405,0,4475,44272.5237,143,102423.11102941177,22650.623676470583,3852.637969896858
89,Customer,21906.41,107503.475,453,0,0.0,143,102423.11102941177,22650.623676470583,5134.583923736854
205,Customer,27614.7375,103546.2725,332,0,0.0,143,102423.11102941177,22650.623676470583,5089.589152571137
429,Customer,20156.98,103272.4,404,0,0.0,143,102423.11102941177,22650.623676470583,2634.30266688635
651,Customer,18787.5575,98885.3075,230,0,0.0,143,102423.11102941177,22650.623676470583,5238.256780314368
663,Customer,16602.7275,100949.63,297,0,0.0,143,102423.11102941177,22650.623676470583,6224.804776489286
1091,Customer,25521.8625,106835.3375,391,0,0.0,143,102423.11102941177,22650.623676470583,5264.19555198152
1278,Customer,23500.0275,105389.61,249,0,0.0,143,102423.11102941177,22650.623676470583,3085.7094804805324
1471,Customer,17932.21,101615.25,488,0,0.0,143,102423.11102941177,22650.623676470583,4787.072912035797
1548,Customer,28154.3675,99169.2225,494,0,0.0,143,102423.11102941177,22650.623676470583,6393.667698346206
1814,Customer,27687.62,100848.3925,385,0,0.0,143,102423.11102941177,22650.623676470583,5277.411336073929
1851,Customer,23300.79,98197.84,332,0,0.0,143,102423.11102941177,22650.623676470583,4275.000762600887
2168,Customer,22239.0925,98286.56,216,0,0.0,143,102423.11102941177,22650.623676470583,4156.971533236046
2424,Customer,18252.95,105882.0675,229,0,0.0,143,102423.11102941177,22650.623676470583,5594.990047367959
8,Facility,58429.5575,87490.2975,0,3655,53197.2004,166,90910.91426470588,58163.65338235294,3430.9363227504755
32,Facility,61087.66,90117.5225,0,4989,43521.0199,166,90910.91426470588,58163.65338235294,3029.733518372024
143,Facility,53988.5375,92293.235,0,4539,62508.4147,166,90910.91426470588,58163.65338235294,4397.999914313308
191,Customer,56597.825,92344.9325,480,0,0.0,166,90910.91426470588,58163.65338235294,2123.2585386942615
267,Customer,58682.585,91704.645,331,0,0.0,166,90910.91426470588,58163.65338235294,948.3135050943605
627,Customer,57248.1075,92717.72,403,0,0.0,166,90910.91426470588,58163.65338235294,2025.5298634641674
709,Customer,58574.845,88676.5925,490,0,0.0,166,90910.91426470588,58163.65338235294,2271.8433693064303
946,Customer,58122.84,96789.2875,416,0,0.0,166,90910.91426470588,58163.65338235294,5878.5149166776355
1444,Customer,59062.19,88997.9925,186,0,0.0,166,90910.91426470588,58163.65338235294,2113.4421523046462
1763,Customer,55526.1575,95796.345,414,0,0.0,166,90910.91426470588,58163.65338235294,5551.920208250944
2079,Customer,61773.4725,95841.145,208,0,0.0,166,90910.91426470588,58163.65338235294,6110.480272889285
2214,Customer,58561.965,85630.6175,386,0,0.0,166,90910.91426470588,58163.65338235294,5295.298487159721
2264,Customer,58779.2375,87345.45,357,0,0.0,166,90910.91426470588,58163.65338235294,3618.2149229687766
2312,Customer,56438.43,87040.9,289,0,0.0,166,90910.91426470588,58163.65338235294,4237.145988521557
2333,Customer,55208.47,89369.145,348,0,0.0,166,90910.91426470588,58163.65338235294,3333.1908569607344
2480,Customer,58359.28,93542.84,380,0,0.0,166,90910.91426470588,58163.65338235294,2639.18602027889
2521,Customer,62340.9475,89786.875,298,0,0.0,166,90910.91426470588,58163.65338235294,4325.881460919761
9,Facility,155739.8775,11770.93,0,3730,69797.2676,103,11404.614807692313,160156.00076923077,4431.290054730886
39,Customer,159950.7975,10454.47,281,0,0.0,103,11404.614807692313,160156.00076923077,972.0512009599416
59,Customer,159903.1425,6877.3475,282,0,0.0,103,11404.614807692313,160156.00076923077,4534.323166649901
74,Customer,157628.4625,8079.135,441,0,0.0,103,11404.614807692313,160156.00076923077,4176.992417253759
146,Customer,159344.145,13999.1175,245,0,0.0,103,11404.614807692313,160156.00076923077,2718.557339918572
197,Customer,164793.445,12056.915,325,0,0.0,103,11404.614807692313,160156.00076923077,4683.095614481892
341,Customer,156561.8475,13985.065,262,0,0.0,103,11404.614807692313,160156.00076923077,4424.552058423879
347,Customer,158110.4025,12199.5625,228,0,0.0,103,11404.614807692313,160156.00076923077,2194.633024581844
759,Customer,163362.7725,11285.02,372,0,0.0,103,11404.614807692313,160156.00076923077,3209.001067511133
1229,Customer,159721.4175,9008.5875,174,0,0.0,103,11404.614807692313,160156.00076923077,2435.1200128746364
1273,Customer,161222.7925,12097.19,290,0,0.0,103,11404.614807692313,160156.00076923077,1271.890323037982
1852,Customer,162728.6925,15825.515,400,0,0.0,103,11404.614807692313,160156.00076923077,5114.987903398653
2207,Customer,162960.215,10621.1375,350,0,0.0,103,11404.614807692313,160156.00076923077,2911.60679758058
10,Facility,37822.0075,25321.2425,0,5595,60511.7331,255,26896.968823529416,36893.88735294117,1828.7483298803115
318,Facility,41021.1,25273.305,0,5436,70475.261,255,26896.968823529416,36893.88735294117,4435.106362408966
419,Facility,40843.52,29023.325,0,3409,48696.525,255,26896.968823529416,36893.88735294117,4485.642499790582
75,Customer,37950.66,24553.655,387,0,0.0,255,26896.968823529416,36893.88735294117,2570.581277282589
151,Customer,40480.7175,24950.2225,393,0,0.0,255,26896.968823529416,36893.88735294117,4081.0748280355438
350,Customer,31979.505,30219.135,291,0,0.0,255,26896.968823529416,36893.88735294117,5931.942516156471
364,Customer,35636.04,28387.48,277,0,0.0,255,26896.968823529416,36893.88735294117,1950.3342099457811
771,Customer,35606.7225,23613.365,405,0,0.0,255,26896.968823529416,36893.88735294117,3526.8750230967994
1045,Customer,33275.7175,24444.64,408,0,0.0,255,26896.968823529416,36893.88735294117,4370.9346533030575
1141,Customer,34475.0675,24466.265,409,0,0.0,255,26896.968823529416,36893.88735294117,3429.1413733911427
1424,Customer,38798.66,26901.435,250,0,0.0,255,26896.968823529416,36893.88735294117,1904.7778830393254
1465,Customer,35893.54,26833.455,398,0,0.0,255,26896.968823529416,36893.88735294117,1002.3616275156057
1666,Customer,33118.775,25589.67,289,0,0.0,255,26896.968823529416,36893.88735294117,3995.0598858252956
1929,Customer,34873.195,26992.8025,361,0,0.0,255,26896.968823529416,36893.88735294117,2022.9635881005868
2190,Customer,40025.4375,31592.0925,220,0,0.0,255,26896.968823529416,36893.88735294117,5643.650650146482
2278,Customer,34225.0325,28422.1325,247,0,0.0,255,26896.968823529416,36893.88735294117,3073.908011976433
2893,Customer,41170.3875,30664.2475,409,0,0.0,255,26896.968823529416,36893.88735294117,5699.196621804175
11,Facility,23209.855,37743.4325,0,5266,52481.6353,133,37872.75736111113,22480.843194444446,740.3939035005496
38,Facility,22095.9575,35597.6275,0,3838,70068.3979,133,37872.75736111113,22480.843194444446,2307.4559329936333
198,Customer,23194.5525,38356.1425,388,0,0.0,133,37872.75736111113,22480.843194444446,861.9989358086289
508,Customer,22987.5675,35103.3975,246,0,0.0,133,37872.75736111113,22480.843194444446,2815.337202214722
604,Customer,23464.4625,38116.94,289,0,0.0,133,37872.75736111113,22480.843194444446,1013.4752584036414
1145,Customer,18550.1075,40157.105,421,0,0.0,133,37872.75736111113,22480.843194444446,4546.309188218158
1380,Customer,25912.44,38083.9875,348,0,0.0,133,37872.75736111113,22480.843194444446,3438.0917392463643
1459,Customer,21176.505,43030.51,335,0,0.0,133,37872.75736111113,22480.843194444446,5320.123157357518
1501,Customer,23015.535,32625.025,380,0,0.0,133,37872.75736111113,22480.843194444446,5274.90191954137
1914,Customer,17362.0125,36848.7475,323,0,0.0,133,37872.75736111113,22480.843194444446,5220.251322880867
1943,Customer,26377.5725,39587.6075,324,0,0.0,133,37872.75736111113,22480.843194444446,4257.371287499204
2113,Customer,22114.05,38396.45,271,0,0.0,133,37872.75736111113,22480.843194444446,639.3678342841056
2294,Customer,21183.55,36457.1975,370,0,0.0,133,37872.75736111113,22480.843194444446,1920.0987872348728
2608,Customer,19434.54,40744.8625,252,0,0.0,133,37872.75736111113,22480.843194444446,4186.759018777449
2638,Customer,25735.07,36818.4325,390,0,0.0,133,37872.75736111113,22480.843194444446,3420.7591284323576
2734,Customer,24562.655,35072.3575,321,0,0.0,133,37872.75736111113,22480.843194444446,3489.4383181053245
2853,Customer,24021.9425,40447.89,432,0,0.0,133,37872.75736111113,22480.843194444446,3001.0490128377733
2917,Customer,20256.8025,38521.92,321,0,0.0,133,37872.75736111113,22480.843194444446,2316.8446521668398
12,Facility,13120.14,131266.62,0,5788,45236.8306,264,133124.20625,15412.098571428578,2950.2035132061596
247,Facility,13555.1025,135695.1525,0,4666,61052.2153,264,133124.20625,15412.098571428578,3171.466384764353
261,Facility,18052.405,131968.25,0,3940,57145.2137,264,133124.20625,15412.098571428578,2882.2652356557346
345,Facility,16608.72,135223.1775,0,4408,39695.2465,264,133124.20625,15412.098571428578,2416.1090934895483
415,Facility,14457.8425,133266.8925,0,6111,49210.3255,264,133124.20625,15412.098571428578,964.8647655487085
849,Customer,19364.2225,132126.84,290,0,0.0,264,133124.20625,15412.098571428578,4076.030297167313
1169,Customer,14960.23,137800.825,387,0,0.0,264,133124.20625,15412.098571428578,4698.3984652960935
1238,Customer,12373.8175,139366.845,380,0,0.0,264,133124.20625,15412.098571428578,6942.743725070292
1937,Customer,15508.88,129293.4725,328,0,0.0,264,133124.20625,15412.098571428578,3831.9561203522767
2084,Customer,14422.67,128042.9925,290,0,0.0,264,133124.20625,15412.098571428578,5176.6496956186065
2314,Customer,19408.925,133004.6575,322,0,0.0,264,133124.20625,15412.098571428578,3998.613935322281
2540,Customer,16082.1325,134255.7875,337,0,0.0,264,133124.20625,15412.098571428578,1315.0747472248318
2565,Customer,14508.605,134956.2325,262,0,0.0,264,133124.20625,15412.098571428578,2042.699394013206
2902,Customer,13345.6875,127471.1425,460,0,0.0,264,133124.20625,15412.098571428578,6018.902265171492
13,Facility,163789.7875,31722.615,0,6328,45565.4576,48,31976.657884615386,167065.05653846153,3285.1065525380454
128,Customer,168554.0275,28739.2475,266,0,0.0,48,31976.657884615386,167065.05653846153,3563.4057476970415
280,Customer,164968.9125,35047.5775,335,0,0.0,48,31976.657884615386,167065.05653846153,3718.113381021588
294,Customer,170835.12,33867.12,383,0,0.0,48,31976.657884615386,167065.05653846153,4217.490428410224
552,Customer,169416.225,29659.355,296,0,0.0,48,31976.657884615386,167065.05653846153,3301.194600986131
995,Customer,165068.8725,33969.845,339,0,0.0,48,31976.657884615386,167065.05653846153,2820.9121915337682
1061,Customer,169995.1,30490.3,265,0,0.0,48,31976.657884615386,167065.05653846153,3285.485420400262
1126,Customer,170803.965,29755.8175,288,0,0.0,48,31976.657884615386,167065.05653846153,4348.743323961824
2012,Customer,169225.015,32712.8775,396,0,0.0,48,31976.657884615386,167065.05653846153,2281.9815682096882
2132,Customer,165384.175,34198.5325,395,0,0.0,48,31976.657884615386,167065.05653846153,2786.0526830681756
2231,Customer,165679.8175,33406.61,332,0,0.0,48,31976.657884615386,167065.05653846153,1990.8918217649982
2389,Customer,165607.0475,28621.8125,394,0,0.0,48,31976.657884615386,167065.05653846153,3657.9745640054307
2872,Customer,162517.67,33504.8425,288,0,0.0,48,31976.657884615386,167065.05653846153,4797.29846360212
14,Facility,163774.7375,77317.36,0,5043,47337.2756,163,72122.74375,162206.34225000002,5426.223515944271
212,Customer,164671.0775,70078.8725,343,0,0.0,163,72122.74375,162206.34225000002,3201.9259109431464
772,Customer,159845.03,68454.145,363,0,0.0,163,72122.74375,162206.34225000002,4362.844522843054
1294,Customer,162284.855,75267.1275,371,0,0.0,163,72122.74375,162206.34225000002,3145.363797587916
1408,Customer,161270.695,69993.7175,394,0,0.0,163,72122.74375,162206.34225000002,2325.551235647502
1946,Customer,161585.9825,76403.015,313,0,0.0,163,72122.74375,162206.34225000002,4324.993432711392
2078,Customer,164775.11,69622.6325,336,0,0.0,163,72122.74375,162206.34225000002,3584.567479601466
2251,Customer,162843.2375,75071.33,335,0,0.0,163,72122.74375,162206.34225000002,3016.586884736065
2403,Customer,160987.355,68896.45,390,0,0.0,163,72122.74375,162206.34225000002,3448.8985599683297
2897,Customer,160025.3425,70122.7875,291,0,0.0,163,72122.74375,162206.34225000002,2959.1527353981164
15,Facility,32804.18,88770.9275,0,5049,46588.5945,311,85187.4603125,36177.434062500004,4921.390053029934
182,Customer,38319.7725,81368.265,414,0,0.0,311,85187.4603125,36177.434062500004,4379.025783871556
790,Customer,37945.33,84709.99,335,0,0.0,311,85187.4603125,36177.434062500004,1831.2383638259214
1077,Customer,33116.2775,86372.545,420,0,0.0,311,85187.4603125,36177.434062500004,3282.5455391637497
1340,Customer,36741.7975,85456.885,252,0,0.0,311,85187.4603125,36177.434062500004,625.3764880624171
1364,Customer,37355.1125,88460.245,413,0,0.0,311,85187.4603125,36177.434062500004,3478.2245633206153
1866,Customer,34746.32,81197.1125,283,0,0.0,311,85187.4603125,36177.434062500004,4239.21727735307
2099,Customer,38390.6825,85163.7125,401,0,0.0,311,85187.4603125,36177.434062500004,2213.3758390058206
16,Facility,23989.3875,90410.5175,0,5716,60025.6026,65,90672.949375,25907.18166666667,1935.6665401656146
287,Customer,28653.1575,85276.74,336,0,0.0,65,90672.949375,25907.18166666667,6054.705516875983
601,Customer,27150.99,95297.9325,294,0,0.0,65,90672.949375,25907.18166666667,4789.313946339725
775,Customer,24381.0,90995.685,298,0,0.0,65,90672.949375,25907.18166666667,1559.9322944646021
1079,Customer,21998.6225,91145.615,308,0,0.0,65,90672.949375,25907.18166666667,3937.035376065435
1513,Customer,21079.4375,93561.4075,350,0,0.0,65,90672.949375,25907.18166666667,5625.860296760186
1649,Customer,27312.9375,86013.34,338,0,0.0,65,90672.949375,25907.18166666667,4867.04314656636
1743,Customer,26248.11,94118.3975,221,0,0.0,65,90672.949375,25907.18166666667,3462.2745284762623
1898,Customer,26708.2575,88738.685,340,0,0.0,65,90672.949375,25907.18166666667,2093.585719082174
2091,Customer,26375.62,86489.0475,365,0,0.0,65,90672.949375,25907.18166666667,4210.04386815204
2176,Customer,28503.5275,90983.455,394,0,0.0,65,90672.949375,25907.18166666667,2614.8471139674652
2988,Customer,28485.1325,95044.57,345,0,0.0,65,90672.949375,25907.18166666667,5075.125356876369
17,Facility,10123.29,18708.1025,0,3138,66865.5385,287,20345.23111111112,7237.111944444448,3318.1642300659337
513,Customer,6841.2625,18031.7325,363,0,0.0,287,20345.23111111112,7237.111944444448,2347.1200664388825
1109,Customer,8832.9275,25921.38,297,0,0.0,287,20345.23111111112,7237.111944444448,5800.00549296376
1197,Customer,5173.68,20784.335,219,0,0.0,287,20345.23111111112,7237.111944444448,2109.635896213167
1623,Customer,6085.5825,21464.1925,266,0,0.0,287,20345.23111111112,7237.111944444448,1605.6446217163605
1739,Customer,6586.5675,17816.545,296,0,0.0,287,20345.23111111112,7237.111944444448,2611.0269096131165
1869,Customer,11528.7075,16658.5725,327,0,0.0,287,20345.23111111112,7237.111944444448,5657.67126363347
2061,Customer,7734.5425,21428.3775,274,0,0.0,287,20345.23111111112,7237.111944444448,1191.9074030155714
2720,Customer,2227.4475,22293.8425,270,0,0.0,287,20345.23111111112,7237.111944444448,5375.297590909581
18,Facility,105763.785,17580.9825,0,5819,51515.0499,263,17284.864687500012,109375.7984375,3624.131182995488
315,Customer,107008.2575,15424.6,343,0,0.0,263,17284.864687500012,109375.7984375,3010.9524736033004
500,Customer,109203.9325,19555.44,417,0,0.0,263,17284.864687500012,109375.7984375,2277.070519375095
838,Customer,110990.955,13642.335,301,0,0.0,263,17284.864687500012,109375.7984375,3984.5643733921256
967,Customer,111558.47,15882.6475,349,0,0.0,263,17284.864687500012,109375.7984375,2594.276043651999
2306,Customer,110441.8125,20489.3975,316,0,0.0,263,17284.864687500012,109375.7984375,3377.1906265173784
2442,Customer,110577.1675,11832.1325,324,0,0.0,263,17284.864687500012,109375.7984375,5583.509284753703
2656,Customer,109462.0075,23871.3825,302,0,0.0,263,17284.864687500012,109375.7984375,6587.081971316036
19,Facility,172255.7825,192949.59,0,5215,48666.5811,209,195747.79892857143,176252.26785714284,4878.715857456141
321,Facility,176562.0275,192612.945,0,5164,61427.5484,209,195747.79892857143,176252.26785714284,3150.1206627401857
353,Customer,178969.9175,199362.7,272,0,0.0,209,195747.79892857143,176252.26785714284,4522.513608330794
689,Customer,178676.7325,194631.2825,424,0,0.0,209,195747.79892857143,176252.26785714284,2669.2017045803136
1028,Customer,179934.8775,194862.0425,301,0,0.0,209,195747.79892857143,176252.26785714284,3787.634912768144
1609,Customer,174902.1125,199240.4425,410,0,0.0,209,195747.79892857143,176252.26785714284,3744.5264861478686
2284,Customer,172464.425,196575.59,174,0,0.0,209,195747.79892857143,176252.26785714284,3877.24019998052
20,Facility,169603.9975,187395.9275,0,4226,66230.5515,268,186827.85700000002,168652.74075,1107.9681842863458
188,Facility,167830.53,184893.7925,0,6301,35504.1815,268,186827.85700000002,168652.74075,2101.5794078682443
453,Facility,167941.2175,188024.96,0,5626,32468.3187,268,186827.85700000002,168652.74075,1392.5950337048805
33,Customer,169418.22,187300.8625,273,0,0.0,268,186827.85700000002,168652.74075,899.8292533646537
793,Customer,166086.1575,186553.9375,312,0,0.0,268,186827.85700000002,168652.74075,2581.1589396356053
854,Customer,167108.7875,189211.015,267,0,0.0,268,186827.85700000002,168652.74075,2839.583365768562
1103,Customer,168451.8975,186948.46,249,0,0.0,268,186827.85700000002,168652.74075,234.27141242490154
1400,Customer,170518.12,186152.1225,256,0,0.0,268,186827.85700000002,168652.74075,1984.0002169407223
2178,Customer,173582.82,185298.2925,225,0,0.0,268,186827.85700000002,168652.74075,5161.9036189124
2682,Customer,165985.66,186499.2,389,0,0.0,268,186827.85700000002,168652.74075,2687.254202837821
21,Facility,82941.56,151681.6875,0,5152,36163.876,19,148150.85704545456,80434.26477272727,4330.507251518024
429,Facility,80252.96,144343.325,0,4979,50167.7696,19,148150.85704545456,80434.26477272727,3811.8462321789616
334,Customer,81318.0375,146356.465,302,0,0.0,19,148150.85704545456,80434.26477272727,2000.2242489935181
490,Customer,80870.6425,148470.535,319,0,0.0,19,148150.85704545456,80434.26477272727,540.9431721374028
569,Customer,81832.905,147310.985,433,0,0.0,19,148150.85704545456,80434.26477272727,1631.4348096327817
863,Customer,78638.92,152913.605,393,0,0.0,19,148150.85704545456,80434.26477272727,5089.894982363198
881,Customer,81196.965,149016.535,287,0,0.0,19,148150.85704545456,80434.26477272727,1153.7373867860308
1302,Customer,80208.315,144395.15,202,0,0.0,19,148150.85704545456,80434.26477272727,3762.497669244797
1989,Customer,79972.605,149728.185,279,0,0.0,19,148150.85704545456,80434.26477272727,1643.500295693648
2622,Customer,76755.5125,147192.105,429,0,0.0,19,148150.85704545456,80434.26477272727,3801.6343549530584
2866,Customer,80788.49,148250.85,402,0,0.0,19,148150.85704545456,80434.26477272727,368.06806788303305
22,Facility,131158.4475,78505.0875,0,5707,38506.0018,299,82535.47115384616,134882.85826923078,5487.7343207513695
256,Customer,135685.585,78285.37,400,0,0.0,299,82535.47115384616,134882.85826923078,4325.243348323408
515,Customer,135532.9475,83569.0925,351,0,0.0,299,82535.47115384616,134882.85826923078,1221.06064353373
1100,Customer,138015.3875,84164.1,422,0,0.0,299,82535.47115384616,134882.85826923078,3530.604948184953
1488,Customer,133623.01,86214.885,459,0,0.0,299,82535.47115384616,134882.85826923078,3889.1263688330264
1628,Customer,138094.975,85991.485,345,0,0.0,299,82535.47115384616,134882.85826923078,4718.233313105092
1657,Customer,130932.5275,81520.4825,267,0,0.0,299,82535.47115384616,134882.85826923078,4078.6413367404507
2449,Customer,129729.42,85136.53,193,0,0.0,299,82535.47115384616,134882.85826923078,5772.645244247003
2563,Customer,131315.39,84494.16,498,0,0.0,299,82535.47115384616,134882.85826923078,4069.802433536039
2576,Customer,139015.79,86937.2,278,0,0.0,299,82535.47115384616,134882.85826923078,6037.908704697507
2898,Customer,138699.8075,79016.0375,210,0,0.0,299,82535.47115384616,134882.85826923078,5191.8700555863825
2934,Customer,135020.3325,79287.17,420,0,0.0,299,82535.47115384616,134882.85826923078,3251.2089367193653
2937,Customer,136653.5375,79839.525,345,0,0.0,299,82535.47115384616,134882.85826923078,3225.434947835005
23,Facility,49026.325,115407.8825,0,5505,31676.8267,197,116642.29678571428,47884.00696428571,1681.8647756266314
73,Facility,49505.4475,116096.4275,0,5389,36582.08,197,116642.29678571428,47884.00696428571,1710.8602187039285
145,Facility,47468.24,115555.39,0,4827,45763.8958,197,116642.29678571428,47884.00696428571,1163.7132505145357
115,Customer,44270.4775,116214.6525,306,0,0.0,197,116642.29678571428,47884.00696428571,3638.7463259157075
195,Customer,48227.61,116715.6,237,0,0.0,197,116642.29678571428,47884.00696428571,351.33517810873064
555,Customer,45027.45,114531.9675,319,0,0.0,197,116642.29678571428,47884.00696428571,3551.535919057073
774,Customer,47176.065,112329.6775,411,0,0.0,197,116642.29678571428,47884.00696428571,4370.339452297889
894,Customer,53631.7275,116117.7075,380,0,0.0,197,116642.29678571428,47884.00696428571,5771.6102844317165
1418,Customer,47859.7575,120990.4875,320,0,0.0,197,116642.29678571428,47884.00696428571,4348.258332288772
2037,Customer,45128.4475,114845.86,372,0,0.0,197,116642.29678571428,47884.00696428571,3289.421390804468
2450,Customer,45621.7475,113698.6975,303,0,0.0,197,116642.29678571428,47884.00696428571,3712.491702160146
2490,Customer,46326.8075,118966.7975,356,0,0.0,197,116642.29678571428,47884.00696428571,2797.8873712654213
2624,Customer,52269.1025,117539.745,334,0,0.0,197,116642.29678571428,47884.00696428571,4475.9888465752465
2999,Customer,48836.8925,123981.2625,303,0,0.0,197,116642.29678571428,47884.00696428571,7400.568126815318
24,Facility,171542.475,82710.1125,0,4590,56944.7674,325,85461.724375,169107.12093749997,3674.549948004032
170,Facility,169752.1475,86643.2225,0,5294,47754.2073,325,85461.724375,169107.12093749997,1346.1044111468846
19,Customer,165687.74,84074.635,467,0,0.0,325,85461.724375,169107.12093749997,3690.0112371070345
140,Customer,167313.795,86165.905,343,0,0.0,325,85461.724375,169107.12093749997,1926.6261367311245
271,Customer,166833.74,84603.1425,372,0,0.0,325,85461.724375,169107.12093749997,2430.107759558581
1232,Customer,175218.0525,84962.08,305,0,0.0,325,85461.724375,169107.12093749997,6131.323597970346
1786,Customer,170427.0325,87917.13,312,0,0.0,325,85461.724375,169107.12093749997,2787.6842210162363
2202,Customer,166081.985,86617.5675,276,0,0.0,325,85461.724375,169107.12093749997,3238.428750175569
25,Facility,172875.58,101688.07,0,3716,47850.216,162,106637.94308823529,168553.1786764706,6571.483606559829
187,Facility,161831.5425,103117.39,0,6441,56351.8823,162,106637.94308823529,168553.1786764706,7587.798556625043
196,Facility,173968.7875,104326.2825,0,4588,52088.9026,162,106637.94308823529,168553.1786764706,5888.3438762261485
199,Facility,174743.9525,106975.655,0,4313,77146.086,162,106637.94308823529,168553.1786764706,6199.978215239542
912,Customer,161475.705,102924.2625,340,0,0.0,162,106637.94308823529,168553.1786764706,7992.625172780839
938,Customer,171349.5875,111501.54,327,0,0.0,162,106637.94308823529,168553.1786764706,5610.211870191737
1432,Customer,165254.8125,100544.595,336,0,0.0,162,106637.94308823529,168553.1786764706,6928.7885202599355
1433,Customer,171618.945,109889.0,302,0,0.0,162,106637.94308823529,168553.1786764706,4468.589732121329
1570,Customer,166291.5475,111454.775,398,0,0.0,162,106637.94308823529,168553.1786764706,5321.357462582139
1759,Customer,169184.1575,111475.705,408,0,0.0,162,106637.94308823529,168553.1786764706,4878.7369872400295
1853,Customer,167589.7425,112019.755,283,0,0.0,162,106637.94308823529,168553.1786764706,5467.3676225167865
1864,Customer,163202.44,102143.1325,293,0,0.0,162,106637.94308823529,168553.1786764706,6988.113236631919
2575,Customer,166283.2675,108767.035,270,0,0.0,162,106637.94308823529,168553.1786764706,3112.158273257978
2618,Customer,170669.51,105498.6525,366,0,0.0,162,106637.94308823529,168553.1786764706,2403.5060464648936
2643,Customer,169316.585,105532.64,379,0,0.0,162,106637.94308823529,168553.1786764706,1343.310884221202
2701,Customer,165236.3525,110262.6825,323,0,0.0,162,106637.94308823529,168553.1786764706,4913.254694000791
2876,Customer,174511.5225,104723.86,442,0,0.0,162,106637.94308823529,168553.1786764706,6258.240582468791
26,Facility,171776.5825,170115.5375,0,5285,24511.4757,99,168813.8185,167479.3965,4490.02003041823
247,Customer,167785.7225,168054.775,354,0,0.0,99,168813.8185,167479.3965,818.5246808546766
297,Customer,166793.52,168239.9775,454,0,0.0,99,168813.8185,167479.3965,894.2706897429053
351,Customer,168101.91,169378.6375,261,0,0.0,99,168813.8185,167479.3965,840.5614554827453
476,Customer,169247.57,172804.0225,384,0,0.0,99,168813.8185,167479.3965,4364.420406848801
739,Customer,167555.2975,165894.0525,304,0,0.0,99,168813.8185,167479.3965,2920.7523785074654
742,Customer,165963.7175,167415.485,315,0,0.0,99,168813.8185,167479.3965,2062.1880147705456
1598,Customer,161093.8225,168462.74,370,0,0.0,99,168813.8185,167479.3965,6395.217855760518
1698,Customer,167103.0975,172069.52,249,0,0.0,99,168813.8185,167479.3965,3277.375961726579
1953,Customer,169372.725,165703.4375,362,0,0.0,99,168813.8185,167479.3965,3641.313330938883
27,Facility,66165.1075,134934.9025,0,5588,54576.487,115,129978.14111111111,66463.72805555556,4965.748453413646
239,Facility,70286.49,130055.92,0,5690,43862.0905,115,129978.14111111111,66463.72805555556,3823.553117121488
6,Customer,66261.4075,130146.495,280,0,0.0,115,129978.14111111111,66463.72805555556,263.2045575295434
194,Customer,67029.975,127474.595,390,0,0.0,115,129978.14111111111,66463.72805555556,2566.783733108852
649,Customer,64911.385,127473.0,332,0,0.0,115,129978.14111111111,66463.72805555556,2947.117396492812
2313,Customer,68031.59,133463.675,306,0,0.0,115,129978.14111111111,66463.72805555556,3821.928514170552
2433,Customer,63643.5275,129442.265,274,0,0.0,115,129978.14111111111,66463.72805555556,2870.6609657038025
2700,Customer,67041.59,130044.745,244,0,0.0,115,129978.14111111111,66463.72805555556,581.6876351206248
2823,Customer,64802.48,126767.6725,282,0,0.0,115,129978.14111111111,66463.72805555556,3614.810341500203
28,Facility,121105.275,1385.21,0,4522,66832.4331,285,6203.482000000004,121105.09075,4818.272003522849
263,Facility,120255.845,2574.5625,0,5199,26938.0723,285,6203.482000000004,121105.09075,3726.9659350969846
445,Facility,121255.7075,1986.1675,0,4921,40560.366,285,6203.482000000004,121105.09075,4220.003198729931
35,Customer,121555.875,11366.07,368,0,0.0,285,6203.482000000004,121105.09075,5182.231304929569
589,Customer,119498.3675,9358.04,257,0,0.0,285,6203.482000000004,121105.09075,3540.168891091861
591,Customer,120027.2475,10805.7725,267,0,0.0,285,6203.482000000004,121105.09075,4726.8196409383745
1202,Customer,121714.8625,6067.1775,426,0,0.0,285,6203.482000000004,121105.09075,624.8203772431829
1603,Customer,124546.8525,9066.845,424,0,0.0,285,6203.482000000004,121105.09075,4477.116439577149
1665,Customer,121831.3575,7117.94,299,0,0.0,285,6203.482000000004,121105.09075,1167.7743043583157
2303,Customer,119259.5175,2307.035,418,0,0.0,285,6203.482000000004,121105.09075,4311.431298875653
29,Facility,116893.13,133827.6725,0,3990,49061.72,120,130009.33714285714,114679.67571428571,4413.509349095588
424,Facility,115502.715,128459.995,0,4704,40833.131,120,130009.33714285714,114679.67571428571,1754.3815837674126
882,Customer,115400.355,128245.425,335,0,0.0,120,130009.33714285714,114679.67571428571,1905.4565543660433
1154,Customer,114287.13,129880.2075,328,0,0.0,120,130009.33714285714,114679.67571428571,413.2391589243279
1292,Customer,111608.22,131185.785,255,0,0.0,120,130009.33714285714,114679.67571428571,3289.0530195474753
2391,Customer,114683.5375,125125.9625,294,0,0.0,120,130009.33714285714,114679.67571428571,4883.376169812138
2829,Customer,114382.6425,133340.3125,342,0,0.0,120,130009.33714285714,114679.67571428571,3344.192811469144
30,Facility,176583.0125,11009.43,0,4470,44872.3764,291,11867.04285714285,178125.48321428572,1764.855721345454
862,Customer,179026.8125,6656.6975,322,0,0.0,291,11867.04285714285,178125.48321428572,5287.730441501936
1006,Customer,178986.42,14649.6725,378,0,0.0,291,11867.04285714285,178125.48321428572,2912.771854832331
1358,Customer,179125.0075,16926.5475,307,0,0.0,291,11867.04285714285,178125.48321428572,5157.289601023557
1646,Customer,178819.67,15428.035,453,0,0.0,291,11867.04285714285,178125.48321428572,3628.024301868815
2340,Customer,178096.7575,7828.8475,172,0,0.0,291,11867.04285714285,178125.48321428572,4038.2975260759686
2877,Customer,176240.7025,10570.07,297,0,0.0,291,11867.04285714285,178125.48321428572,2287.911041345056
31,Facility,130848.55,102870.2325,0,5217,40689.1665,0,104510.8075,130077.29283333334,1812.8220949005668
43,Facility,130434.7125,99243.075,0,4720,46744.4187,0,104510.8075,130077.29283333334,5279.844174753298
71,Facility,125628.045,105585.3975,0,2830,67693.3275,0,104510.8075,130077.29283333334,4577.177072227102
132,Facility,132518.4775,107605.6325,0,4810,77293.1564,0,104510.8075,130077.29283333334,3941.741284939122
447,Facility,127205.2825,108015.69,0,3326,66094.1673,0,104510.8075,130077.29283333334,4531.29613836701
103,Customer,133066.455,103926.49,439,0,0.0,0,104510.8075,130077.29283333334,3045.737578885857
215,Customer,131192.445,103681.9925,212,0,0.0,0,104510.8075,130077.29283333334,1389.4238586717752
511,Customer,128795.7625,102751.6725,410,0,0.0,0,104510.8075,130077.29283333334,2176.43652410964
789,Customer,132544.7575,107654.0425,401,0,0.0,0,104510.8075,130077.29283333334,3996.0365546968474
842,Customer,130811.07,99859.6275,233,0,0.0,0,104510.8075,130077.29283333334,4708.70516413178
975,Customer,130218.655,101104.3675,396,0,0.0,0,104510.8075,130077.29283333334,3409.3718975442835
1218,Customer,129460.985,108524.44,353,0,0.0,0,104510.8075,130077.29283333334,4060.6749673526374
1286,Customer,126848.0925,103438.88,362,0,0.0,0,104510.8075,130077.29283333334,3402.464306654281
1829,Customer,129899.42,109417.8975,273,0,0.0,0,104510.8075,130077.29283333334,4910.3127204831
1902,Customer,131686.6825,103982.675,481,0,0.0,0,104510.8075,130077.29283333334,1693.8296953146291
33,Facility,187291.03,88936.395,0,5668,51915.9486,273,89775.42875,184684.84854166667,2737.911508321539
386,Facility,184504.765,92617.3625,0,4654,49449.7084,273,89775.42875,184684.84854166667,2847.633670500517
484,Facility,182448.235,93586.49,0,4180,31520.7479,273,89775.42875,184684.84854166667,4418.894430286644
28,Customer,184728.6025,91884.19,242,0,0.0,273,89775.42875,184684.84854166667,2109.215119036316
45,Customer,187201.55,95043.55,265,0,0.0,273,89775.42875,184684.84854166667,5838.397702715925
1684,Customer,183343.1825,92115.375,206,0,0.0,273,89775.42875,184684.84854166667,2697.297947993611
1746,Customer,179688.0675,90414.4675,361,0,0.0,273,89775.42875,184684.84854166667,5037.478665201563
1768,Customer,186397.3275,87387.6575,399,0,0.0,273,89775.42875,184684.84854166667,2938.3729724221625
1938,Customer,182053.9425,85605.395,420,0,0.0,273,89775.42875,184684.84854166667,4930.603216262411
2280,Customer,187800.7225,87572.03,214,0,0.0,273,89775.42875,184684.84854166667,3816.233296815258
2548,Customer,185121.2725,86631.5675,400,0,0.0,273,89775.42875,184684.84854166667,3174.008416916833
2560,Customer,185639.485,85510.665,349,0,0.0,273,89775.42875,184684.84854166667,4370.30211894937
34,Facility,9877.3575,164589.665,0,4939,49591.7976,158,167127.896,10481.150999999983,2609.057914267759
761,Customer,12488.5725,165038.2925,416,0,0.0,158,167127.896,10481.150999999983,2897.6169287665607
984,Customer,7254.11,168562.28,349,0,0.0,158,167127.896,10481.150999999983,3531.465853599164
1910,Customer,12606.4025,165997.445,327,0,0.0,158,167127.896,10481.150999999983,2407.200324371306
2082,Customer,10179.3125,171451.7975,216,0,0.0,158,167127.896,10481.150999999983,4334.423913484271
35,Facility,145900.5525,100499.09,0,3558,53410.3859,108,96906.6075,145236.7453125,3653.2958400577004
295,Facility,140760.1875,93331.9325,0,6192,43468.3092,108,96906.6075,145236.7453125,5728.688436656308
641,Customer,142091.9175,95046.985,312,0,0.0,108,96906.6075,145236.7453125,3653.5103411348978
990,Customer,146076.8575,98253.7975,353,0,0.0,108,96906.6075,145236.7453125,1587.6742057758836
1332,Customer,150707.835,98499.4225,256,0,0.0,108,96906.6075,145236.7453125,5698.234989265877
1801,Customer,148641.57,98468.2975,379,0,0.0,108,96906.6075,145236.7453125,3745.8919910629575
2581,Customer,142555.4375,96573.83,266,0,0.0,108,96906.6075,145236.7453125,2701.8794291899335
2878,Customer,145159.605,94579.505,295,0,0.0,108,96906.6075,145236.7453125,2328.380697677855
36,Facility,128166.45,27250.39,0,4636,45003.4134,207,30122.61928571429,131033.08071428571,4057.9887532866605
95,Facility,132956.3175,34403.475,0,5777,36845.1927,207,30122.61928571429,131033.08071428571,4693.033707577357
336,Facility,134067.66,34595.6325,0,7222,41041.8692,207,30122.61928571429,131033.08071428571,5405.230675601261
168,Customer,129659.8375,25456.555,283,0,0.0,207,30122.61928571429,131033.08071428571,4863.944165386785
454,Customer,127382.225,30454.2425,278,0,0.0,207,30122.61928571429,131033.08071428571,3665.886168825453
531,Customer,130985.85,32353.3825,287,0,0.0,207,30122.61928571429,131033.08071428571,2231.2631531449297
1296,Customer,134187.7625,26275.53,323,0,0.0,207,30122.61928571429,131033.08071428571,4975.149559699213
1889,Customer,128578.8175,32426.95,345,0,0.0,207,30122.61928571429,131033.08071428571,3366.503819364608
2141,Customer,130542.805,31963.7125,417,0,0.0,207,30122.61928571429,131033.08071428571,1905.2544448727224
2243,Customer,127784.33,32263.6275,370,0,0.0,207,30122.61928571429,131033.08071428571,3890.796496504382
2453,Customer,132733.8175,29666.7925,412,0,0.0,207,30122.61928571429,131033.08071428571,1760.7622420010082
2531,Customer,133056.1625,29814.405,399,0,0.0,207,30122.61928571429,131033.08071428571,2046.4251654060845
2606,Customer,129791.9475,28779.0775,264,0,0.0,207,30122.61928571429,131033.08071428571,1829.0752268738233
2743,Customer,134569.1475,26012.8975,321,0,0.0,207,30122.61928571429,131033.08071428571,5421.584774676718
37,Facility,87982.5775,118256.775,0,5110,28603.9393,275,120951.15305555555,87398.03944444444,2757.0560104306946
334,Facility,83001.8325,121261.32,0,4994,49242.543,275,120951.15305555555,87398.03944444444,4407.135014020729
499,Facility,86929.9125,118448.705,0,5390,47421.6031,275,120951.15305555555,87398.03944444444,2545.857244008122
232,Customer,90411.8225,121520.0225,391,0,0.0,275,120951.15305555555,87398.03944444444,3067.00191567862
268,Customer,87089.2275,120815.0425,189,0,0.0,275,120951.15305555555,87398.03944444444,337.4772590341476
403,Customer,85868.5425,122131.285,316,0,0.0,275,120951.15305555555,87398.03944444444,1931.8572176439782
737,Customer,87332.0025,121244.3825,381,0,0.0,275,120951.15305555555,87398.03944444444,300.57342717007094
981,Customer,86660.2275,121030.18,296,0,0.0,275,120951.15305555555,87398.03944444444,742.0321578699393
2704,Customer,91306.21,123852.665,265,0,0.0,275,120951.15305555555,87398.03944444444,4867.501274274644
39,Facility,67327.0525,32536.2575,0,5811,48299.1782,57,29899.897291666668,66657.79375000001,2719.982062906835
421,Facility,64944.8425,30946.9975,0,2818,45070.9297,57,29899.897291666668,66657.79375000001,2007.6406130501337
37,Customer,67808.74,30916.7875,321,0,0.0,57,29899.897291666668,66657.79375000001,1535.8199654234386
238,Customer,67647.7825,33018.23,421,0,0.0,57,29899.897291666668,66657.79375000001,3271.708514673649
485,Customer,62459.52,25253.715,244,0,0.0,57,29899.897291666668,66657.79375000001,6261.9894895581
486,Customer,68335.005,28021.865,399,0,0.0,57,29899.897291666668,66657.79375000001,2517.9441744544874
642,Customer,64512.805,32571.745,288,0,0.0,57,29899.897291666668,66657.79375000001,3426.3314075192266
1215,Customer,65704.005,26647.545,330,0,0.0,57,29899.897291666668,66657.79375000001,3389.3227064910793
1564,Customer,70082.0075,29295.445,300,0,0.0,57,29899.897291666668,66657.79375000001,3477.154350699738
1737,Customer,67502.7375,30325.225,370,0,0.0,57,29899.897291666668,66657.79375000001,945.9564472744664
2034,Customer,70651.0575,30270.875,412,0,0.0,57,29899.897291666668,66657.79375000001,4010.458806314333
2337,Customer,62917.97,28994.08,341,0,0.0,57,29899.897291666668,66657.79375000001,3847.958763675421
40,Facility,195984.6625,129271.31,0,4584,71995.05,282,125865.0715909091,197297.1336363636,3650.3480085265423
160,Facility,198095.7725,125485.0625,0,5058,55917.8361,282,125865.0715909091,197297.1336363636,884.4382079512235
351,Facility,194733.1525,126198.25,0,4256,72024.7976,282,125865.0715909091,197297.1336363636,2585.538071642493
336,Customer,198941.9625,123874.1175,319,0,0.0,282,125865.0715909091,197297.1336363636,2582.5104419457925
362,Customer,195926.2,122010.98,457,0,0.0,282,125865.0715909091,197297.1336363636,4090.6577742985705
437,Customer,198329.0175,128655.7875,328,0,0.0,282,125865.0715909091,197297.1336363636,2975.378899112894
735,Customer,195789.4175,127957.6525,198,0,0.0,282,125865.0715909091,197297.1336363636,2579.1670765855556
1779,Customer,199599.715,126425.43,386,0,0.0,282,125865.0715909091,197297.1336363636,2369.7853242022784
2166,Customer,195561.315,128512.6275,340,0,0.0,282,125865.0715909091,197297.1336363636,3165.851959600984
2546,Customer,198026.1425,125308.775,334,0,0.0,282,125865.0715909091,197297.1336363636,917.0168048173884
2633,Customer,199281.1125,120815.795,319,0,0.0,282,125865.0715909091,197297.1336363636,5425.068315040695
41,Facility,5628.0375,50531.7525,0,5200,40016.1486,202,48774.607500000006,7587.2801785714255,2631.765647727913
226,Facility,7030.9175,47077.2675,0,5653,43722.0329,202,48774.607500000006,7587.2801785714255,1786.1977790007422
358,Facility,3498.625,50811.18,0,4089,48769.415,202,48774.607500000006,7587.2801785714255,4567.792543123556
407,Facility,8655.1475,51504.5925,0,4970,59870.6987,202,48774.607500000006,7587.2801785714255,2931.4089984851994
459,Facility,1723.02,46834.95,0,3084,51254.8308,202,48774.607500000006,7587.2801785714255,6176.7158473807785
302,Customer,7040.435,48300.11,283,0,0.0,202,48774.607500000006,7587.2801785714255,724.0079604763117
776,Customer,12036.605,48150.3025,399,0,0.0,202,48774.607500000006,7587.2801785714255,4492.910871540345
1316,Customer,12361.8475,50162.425,238,0,0.0,202,48774.607500000006,7587.2801785714255,4972.1756324731605
1567,Customer,6980.6625,49906.3375,363,0,0.0,202,48774.607500000006,7587.2801785714255,1284.0552172143439
2116,Customer,8426.92,44922.17,391,0,0.0,202,48774.607500000006,7587.2801785714255,3942.875818629711
2441,Customer,8790.255,48035.7,376,0,0.0,202,48774.607500000006,7587.2801785714255,1411.783522551305
2826,Customer,13393.05,51066.5175,259,0,0.0,202,48774.607500000006,7587.2801785714255,6241.779767623235
2914,Customer,5048.055,50178.0825,336,0,0.0,202,48774.607500000006,7587.2801785714255,2901.276716053824
2936,Customer,5608.345,45363.1175,250,0,0.0,202,48774.607500000006,7587.2801785714255,3943.912836395799
42,Facility,141090.19,73578.1725,0,5606,52880.4189,234,72897.44642857143,144084.24964285715,3070.4692034456916
464,Facility,143548.395,69891.79,0,3695,49829.1486,234,72897.44642857143,144084.24964285715,3053.049420642319
1015,Customer,147518.9175,74692.945,360,0,0.0,234,72897.44642857143,144084.24964285715,3875.6623187388755
1536,Customer,143313.615,72244.4,226,0,0.0,234,72897.44642857143,144084.24964285715,1010.1224631902263
1787,Customer,140820.01,77412.0675,271,0,0.0,234,72897.44642857143,144084.24964285715,5571.091801845213
2235,Customer,147381.6225,70795.76,239,0,0.0,234,72897.44642857143,144084.24964285715,3910.211452474634
2837,Customer,144916.9975,71666.99,435,0,0.0,234,72897.44642857143,144084.24964285715,1485.7631090415348
44,Facility,187971.8025,26269.505,0,3908,45375.1673,271,23080.6546153846,184591.6603846154,4646.948191626251
67,Facility,182920.8275,17622.7175,0,3490,36052.6493,271,23080.6546153846,184591.6603846154,5707.955858606906
309,Facility,181126.82,26303.8725,0,4929,42684.3321,271,23080.6546153846,184591.6603846154,4732.256588834364
47,Customer,184917.5625,28195.0175,346,0,0.0,271,23080.6546153846,184591.6603846154,5124.736081433242
63,Customer,187458.9225,24141.06,205,0,0.0,271,23080.6546153846,184591.6603846154,3057.0658511129745
102,Customer,183622.195,17905.5725,365,0,0.0,271,23080.6546153846,184591.6603846154,5265.1057000729825
173,Customer,183978.6,26426.82,356,0,0.0,271,23080.6546153846,184591.6603846154,3401.8621101366075
318,Customer,182722.48,25833.375,192,0,0.0,271,23080.6546153846,184591.6603846154,3327.357033158307
520,Customer,184646.4675,19418.5575,395,0,0.0,271,23080.6546153846,184591.6603846154,3662.5072153382844
549,Customer,184374.3,24143.505,351,0,0.0,271,23080.6546153846,184591.6603846154,1084.8485962922487
923,Customer,182119.6325,20950.8225,268,0,0.0,271,23080.6546153846,184591.6603846154,3262.9904538689107
2710,Customer,188720.0325,21441.2275,388,0,0.0,271,23080.6546153846,184591.6603846154,4441.979017256102
2884,Customer,185111.9425,21396.4575,174,0,0.0,271,23080.6546153846,184591.6603846154,1762.7289647188802
45,Facility,78447.625,188617.0725,0,4252,38211.9672,95,191633.80109375,75926.54390625001,3931.4757139797275
474,Facility,77368.38,195503.7825,0,4619,44085.1858,95,191633.80109375,75926.54390625001,4129.848351448397
109,Customer,78157.355,188823.625,307,0,0.0,95,191633.80109375,75926.54390625001,3587.981021951201
131,Customer,77584.165,189312.0225,463,0,0.0,95,191633.80109375,75926.54390625001,2852.7817176995213
162,Customer,73777.8425,195214.615,450,0,0.0,95,191633.80109375,75926.54390625001,4176.020350095787
474,Customer,74400.7775,191917.3975,317,0,0.0,95,191633.80109375,75926.54390625001,1551.8988523995338
560,Customer,76669.28,191619.9725,331,0,0.0,95,191633.80109375,75926.54390625001,742.8648160763149
585,Customer,81020.3125,199138.4075,298,0,0.0,95,191633.80109375,75926.54390625001,9070.038357107562
773,Customer,73409.045,187877.0825,273,0,0.0,95,191633.80109375,75926.54390625001,4522.248924550373
937,Customer,76942.045,189439.54,423,0,0.0,95,191633.80109375,75926.54390625001,2417.855293220069
997,Customer,71632.8,189424.7125,344,0,0.0,95,191633.80109375,75926.54390625001,4828.696423207344
1369,Customer,80330.9,193855.3575,220,0,0.0,95,191633.80109375,75926.54390625001,4932.91652744126
1468,Customer,73342.8525,191648.4025,381,0,0.0,95,191633.80109375,75926.54390625001,2583.7326649238803
1701,Customer,75846.46,190887.3175,320,0,0.0,95,191633.80109375,75926.54390625001,750.7670662583414
2212,Customer,73474.9325,185504.04,295,0,0.0,95,191633.80109375,75926.54390625001,6601.8459201730975
2635,Customer,72419.93,197357.47,454,0,0.0,95,191633.80109375,75926.54390625001,6712.430769540879
46,Facility,198834.0,71179.88,0,6217,62364.6217,4,78355.5665625,198419.39625,7187.654270536183
490,Facility,199862.6175,76802.3675,0,4079,50494.15,4,78355.5665625,198419.39625,2120.2157683128526
117,Customer,196863.9075,81596.83,354,0,0.0,4,78355.5665625,198419.39625,3595.1820430474563
327,Customer,198423.825,84011.6775,304,0,0.0,4,78355.5665625,198419.39625,5656.112671361294
415,Customer,199919.66,75448.0125,426,0,0.0,4,78355.5665625,198419.39625,3271.7979683844096
1223,Customer,198515.695,77514.85,359,0,0.0,4,78355.5665625,198419.39625,846.2137955111382
1491,Customer,197285.4575,82144.0875,414,0,0.0,4,78355.5665625,198419.39625,3954.580632965704
2986,Customer,197650.0075,78146.8275,370,0,0.0,4,78355.5665625,198419.39625,797.2020100576234
47,Facility,187614.0725,58645.44,0,5696,53836.9416,100,62008.793333333335,186141.43916666665,3671.6201572723944
674,Customer,189857.3275,62891.5575,351,0,0.0,100,62008.793333333335,186141.43916666665,3819.306046882563
1391,Customer,185465.3475,64386.08,384,0,0.0,100,62008.793333333335,186141.43916666665,2471.556561611972
2248,Customer,185150.865,60698.5725,293,0,0.0,100,62008.793333333335,186141.43916666665,1642.5333517977763
2610,Customer,185196.1475,59578.92,334,0,0.0,100,62008.793333333335,186141.43916666665,2607.2707475660995
2995,Customer,183564.875,65852.19,237,0,0.0,100,62008.793333333335,186141.43916666665,4627.135273827107
48,Facility,106857.325,58669.7525,0,4039,45987.3487,241,61103.87333333334,103724.27416666667,3967.4868311713426
347,Facility,101181.11,66198.3275,0,5073,23982.9618,241,61103.87333333334,103724.27416666667,5693.9570805271
55,Customer,101692.3625,60426.56,334,0,0.0,241,61103.87333333334,103724.27416666667,2141.82594359281
1621,Customer,102903.7275,63212.7775,326,0,0.0,241,61103.87333333334,103724.27416666667,2262.912640019891
1636,Customer,105361.4875,60204.565,350,0,0.0,241,61103.87333333334,103724.27416666667,1867.9461922783598
2068,Customer,104349.6325,57911.2575,392,0,0.0,241,61103.87333333334,103724.27416666667,3253.2858626810166
49,Facility,123757.2025,80234.71,0,5856,70920.7171,195,82125.22840909091,121773.27181818182,2740.445366244535
173,Facility,122078.51,87054.595,0,5301,55063.0858,195,82125.22840909091,121773.27181818182,4938.808088517956
294,Facility,121784.34,81451.3975,0,5186,66294.5332,195,82125.22840909091,121773.27181818182,673.9218045849475
730,Customer,119728.7,80596.3875,325,0,0.0,195,82125.22840909091,121773.27181818182,2552.9646384180983
944,Customer,123221.055,86987.3225,247,0,0.0,195,82125.22840909091,121773.27181818182,5073.069592505962
1041,Customer,126356.915,82631.3125,326,0,0.0,195,82125.22840909091,121773.27181818182,4611.497145754241
1090,Customer,120249.355,80724.535,281,0,0.0,195,82125.22840909091,121773.27181818182,2069.8464906867166
1634,Customer,118849.3025,81529.2675,421,0,0.0,195,82125.22840909091,121773.27181818182,2984.0854509938363
2316,Customer,117503.41,81075.77,458,0,0.0,195,82125.22840909091,121773.27181818182,4396.940174573511
2664,Customer,123460.83,82463.39,335,0,0.0,195,82125.22840909091,121773.27181818182,1721.1060044598225
2865,Customer,122516.37,78628.825,274,0,0.0,195,82125.22840909091,121773.27181818182,3574.497406199091
50,Facility,23015.2025,62394.7325,0,4015,63732.1374,36,65750.453,23572.367499999993,3401.6603168666347
135,Facility,21378.6575,68608.265,0,5935,86174.6521,36,65750.453,23572.367499999993,3602.7007912736794
269,Facility,28235.1175,65939.625,0,4571,58279.4207,36,65750.453,23572.367499999993,4666.585862071335
288,Facility,22464.5675,65878.32,0,4816,45938.3337,36,65750.453,23572.367499999993,1115.1550608274104
153,Customer,24105.1325,61042.7575,386,0,0.0,36,65750.453,23572.367499999993,4737.745821162761
276,Customer,27290.46,60876.865,232,0,0.0,36,65750.453,23572.367499999993,6129.932449244467
1146,Customer,27523.605,65628.4525,431,0,0.0,36,65750.453,23572.367499999993,3953.120527305808
1757,Customer,21161.915,70670.7625,322,0,0.0,36,65750.453,23572.367499999993,5479.026084127223
2189,Customer,21454.9525,68443.085,267,0,0.0,36,65750.453,23572.367499999993,3425.450827212243
2241,Customer,19094.065,68021.665,333,0,0.0,36,65750.453,23572.367499999993,5021.314293135832
51,Facility,177209.3925,66142.8125,0,4614,52430.7808,77,67984.2034375,178109.90375,2049.790500535039
98,Facility,173030.69,68143.025,0,5475,53890.579,77,67984.2034375,178109.90375,5081.69623323787
42,Customer,179142.7775,68015.49,294,0,0.0,77,67984.2034375,178109.90375,1033.3474887142888
457,Customer,182916.0475,69174.5825,232,0,0.0,77,67984.2034375,178109.90375,4951.365474099277
1349,Customer,175321.085,68866.65,307,0,0.0,77,67984.2034375,178109.90375,2925.1020419841193
1516,Customer,177994.9025,64813.2425,164,0,0.0,77,67984.2034375,178109.90375,3173.0456275717806
2130,Customer,176884.1,71084.4025,367,0,0.0,77,67984.2034375,178109.90375,3333.7410008337392
2843,Customer,182380.235,67633.4225,318,0,0.0,77,67984.2034375,178109.90375,4284.7142554480615
52,Facility,92137.5725,106604.5525,0,7151,17587.8915,58,104369.37775,88763.40475,4047.3465589417474
204,Facility,86866.4625,107827.47,0,4607,77297.5558,58,104369.37775,88763.40475,3944.2099220686982
293,Facility,90820.1275,103570.0425,0,4734,55988.371,58,104369.37775,88763.40475,2206.5913333148333
435,Facility,87856.02,109218.7875,0,4170,71568.6847,58,104369.37775,88763.40475,4933.570918505954
252,Customer,87770.86,101374.44,344,0,0.0,58,104369.37775,88763.40475,3155.1223759352997
261,Customer,86828.125,101850.685,291,0,0.0,58,104369.37775,88763.40475,3176.3376520235756
1115,Customer,92896.5475,103345.0425,270,0,0.0,58,104369.37775,88763.40475,4258.184084356867
2512,Customer,88974.36,102040.43,334,0,0.0,58,104369.37775,88763.40475,2338.482358225662
2609,Customer,91006.86,101379.3175,323,0,0.0,58,104369.37775,88763.40475,3738.121420898817
2971,Customer,82477.1125,106483.01,364,0,0.0,58,104369.37775,88763.40475,6632.112147773896
53,Facility,143392.43,1421.605,0,4588,28412.7952,114,7767.0416666666715,139631.9895833333,7376.006956204564
70,Facility,142887.715,9659.4925,0,4238,39342.6763,114,7767.0416666666715,139631.9895833333,3765.7825408955114
174,Customer,142286.65,1175.8275,336,0,0.0,114,7767.0416666666715,139631.9895833333,7105.724883408049
945,Customer,137738.1625,11497.3925,295,0,0.0,114,7767.0416666666715,139631.9895833333,4183.550927300564
1487,Customer,136659.545,11711.575,226,0,0.0,114,7767.0416666666715,139631.9895833333,4939.106196344155
2165,Customer,137045.5075,5159.9375,291,0,0.0,114,7767.0416666666715,139631.9895833333,3672.449006215733
2252,Customer,138982.7725,6783.82,257,0,0.0,114,7767.0416666666715,139631.9895833333,1178.2222485993946
2428,Customer,141504.095,11954.8475,376,0,0.0,114,7767.0416666666715,139631.9895833333,4587.210087712727
2496,Customer,136049.905,7673.4625,329,0,0.0,114,7767.0416666666715,139631.9895833333,3583.3067162312855
2591,Customer,138199.5225,5776.0325,329,0,0.0,114,7767.0416666666715,139631.9895833333,2452.769750014091
2702,Customer,142624.1425,9469.3725,418,0,0.0,114,7767.0416666666715,139631.9895833333,3442.5149735090804
2933,Customer,138213.4275,10921.135,367,0,0.0,114,7767.0416666666715,139631.9895833333,3458.4133847255343
54,Facility,94443.58,111293.4275,0,5489,69324.2924,149,114659.76125000001,91071.80575,4764.563412250085
99,Facility,85161.7925,112269.5175,0,3952,47862.3539,149,114659.76125000001,91071.80575,6375.070336834701
131,Facility,93837.6075,114936.845,0,4575,54564.7936,149,114659.76125000001,91071.80575,2779.646510766632
465,Facility,91670.895,113728.595,0,5656,31566.7492,149,114659.76125000001,91071.80575,1107.239140657811
966,Customer,89293.29,115195.365,264,0,0.0,149,114659.76125000001,91071.80575,1857.4147759755065
1376,Customer,89385.3,111865.5925,338,0,0.0,149,114659.76125000001,91071.80575,3263.691261173409
1979,Customer,90580.8275,115431.6675,313,0,0.0,149,114659.76125000001,91071.80575,914.8217863398875
2201,Customer,91743.375,117374.705,391,0,0.0,149,114659.76125000001,91071.80575,2796.7704273339236
2613,Customer,92348.2375,116133.895,446,0,0.0,149,114659.76125000001,91071.80575,1949.9611086627126
2874,Customer,92253.1525,118368.0025,304,0,0.0,149,114659.76125000001,91071.80575,3891.867586639743
55,Facility,47933.8125,31502.1375,0,4914,73333.9321,15,27062.639750000002,48390.9835,4462.974971417166
797,Customer,49880.75,27176.115,308,0,0.0,15,27062.639750000002,48390.9835,1494.0819445013067
818,Customer,49174.47,24805.6425,233,0,0.0,15,27062.639750000002,48390.9835,2389.11859943993
983,Customer,50350.12,26737.245,229,0,0.0,15,27062.639750000002,48390.9835,1985.9752186167423
1165,Customer,46148.1125,27557.1325,373,0,0.0,15,27062.639750000002,48390.9835,2296.735379281548
1262,Customer,46861.4725,29604.2325,276,0,0.0,15,27062.639750000002,48390.9835,2966.327292456707
1265,Customer,45135.75,22315.4775,423,0,0.0,15,27062.639750000002,48390.9835,5756.048520239153
1365,Customer,54012.8075,26103.7775,123,0,0.0,15,27062.639750000002,48390.9835,5703.009898417771
1486,Customer,49334.8325,30275.7875,244,0,0.0,15,27062.639750000002,48390.9835,3348.9057015883604
1976,Customer,45077.7075,24548.85,495,0,0.0,15,27062.639750000002,48390.9835,4158.958614771384
56,Facility,195371.525,178597.57,0,3211,45478.4685,140,179444.31333333335,198425.43708333332,3169.1250031000327
284,Facility,198255.6925,180805.9175,0,5552,65463.9102,140,179444.31333333335,198425.43708333332,1372.1439903505038
2196,Customer,199682.3975,176260.685,372,0,0.0,140,179444.31333333335,198425.43708333332,3422.7823263932173
2296,Customer,199733.96,180100.1525,298,0,0.0,140,179444.31333333335,198425.43708333332,1463.67934875636
2506,Customer,198905.7275,184741.17,478,0,0.0,140,179444.31333333335,198425.43708333332,5318.587164985913
2804,Customer,198603.32,176160.385,433,0,0.0,140,179444.31333333335,198425.43708333332,3288.742560692667
57,Facility,108654.845,135162.94,0,6076,47312.9886,288,135866.889,108116.1925,886.3919620332963
419,Customer,104735.9375,132743.3,394,0,0.0,288,135866.889,108116.1925,4602.491945234242
487,Customer,111421.2325,138501.495,301,0,0.0,288,135866.889,108116.1925,4226.634379365686
1152,Customer,107840.1775,140949.1925,337,0,0.0,288,135866.889,108116.1925,5089.793035707577
1360,Customer,105651.9125,135348.3425,337,0,0.0,288,135866.889,108116.1925,2518.2466898741754
1554,Customer,104250.71,136391.6175,391,0,0.0,288,135866.889,108116.1925,3900.9351387223146
2029,Customer,105817.225,135596.825,398,0,0.0,288,135866.889,108116.1925,2314.775611188315
2455,Customer,107522.7025,130498.215,470,0,0.0,288,135866.889,108116.1925,5401.378610908145
2469,Customer,113829.9,137528.2725,281,0,0.0,288,135866.889,108116.1925,5950.348605722892
2621,Customer,111437.2825,135948.69,381,0,0.0,288,135866.889,108116.1925,3322.0972580135244
58,Facility,191333.5525,170845.15,0,5023,51890.7057,348,171627.88325,189288.74575,2189.499026147559
100,Facility,185848.6975,174571.3,0,5059,55695.9152,348,171627.88325,189288.74575,4527.431294509993
225,Facility,190129.125,170130.6575,0,3111,20589.9889,348,171627.88325,189288.74575,1716.951435042255
234,Customer,189894.2,171711.025,242,0,0.0,348,171627.88325,189288.74575,611.1361545810669
734,Customer,188040.605,168627.5175,314,0,0.0,348,171627.88325,189288.74575,3249.623049768044
1660,Customer,187819.6525,169809.1,182,0,0.0,348,171627.88325,189288.74575,2337.992191534473
1748,Customer,186745.7225,171920.9675,309,0,0.0,348,171627.88325,189288.74575,2559.856563879822
2238,Customer,187878.575,173120.0425,266,0,0.0,348,171627.88325,189288.74575,2053.0759293109663
2661,Customer,192214.56,170292.7625,322,0,0.0,348,171627.88325,189288.74575,3216.04360085239
2821,Customer,192982.7675,175250.31,289,0,0.0,348,171627.88325,189288.74575,5173.758039238828
59,Facility,1745.19,127277.0675,0,4241,54448.2646,189,123341.811,3193.590750000003,4193.340965553939
62,Facility,7229.3375,125730.5525,0,4679,47934.8734,189,123341.811,3193.590750000003,4689.705511432227
255,Facility,1113.155,127312.94,0,6383,25779.4563,189,123341.811,3193.590750000003,4483.088047821399
418,Facility,3178.835,121837.3475,0,4868,46683.5279,189,123341.811,3193.590750000003,1504.5358603204866
1036,Customer,3318.5525,120960.31,429,0,0.0,189,123341.811,3193.590750000003,2384.7772331947654
1295,Customer,67.96,125464.9575,355,0,0.0,189,123341.811,3193.590750000003,3778.533928100665
1568,Customer,2034.5375,120296.775,345,0,0.0,189,123341.811,3193.590750000003,3258.1664594725075
1874,Customer,7212.3975,122285.2725,363,0,0.0,189,123341.811,3193.590750000003,4155.367769022108
2767,Customer,2394.17,123781.0525,348,0,0.0,189,123341.811,3193.590750000003,912.1439748487189
2890,Customer,3641.7725,118471.835,242,0,0.0,189,123341.811,3193.590750000003,4890.555502354411
60,Facility,88663.1225,44319.5,0,5968,38552.6245,74,42302.32826923078,83778.50365384616,5284.740586217622
270,Facility,84429.7,43755.7925,0,3425,60672.0328,74,42302.32826923078,83778.50365384616,1592.6754067824652
375,Facility,85672.59,38708.9475,0,5643,67857.7189,74,42302.32826923078,83778.50365384616,4062.0128556374557
628,Customer,82281.815,43359.4275,245,0,0.0,74,42302.32826923078,83778.50365384616,1832.3579645486018
738,Customer,83823.645,41510.33,235,0,0.0,74,42302.32826923078,83778.50365384616,793.2836816657232
1022,Customer,85592.215,42034.3675,361,0,0.0,74,42302.32826923078,83778.50365384616,1833.3989803133197
1048,Customer,84690.885,42701.6575,311,0,0.0,74,42302.32826923078,83778.50365384616,995.9435502859734
1832,Customer,83292.4325,39338.685,205,0,0.0,74,42302.32826923078,83778.50365384616,3003.239350078218
2240,Customer,79867.9875,45220.5775,295,0,0.0,74,42302.32826923078,83778.50365384616,4879.376513692798
2476,Customer,84546.3175,43235.6575,282,0,0.0,74,42302.32826923078,83778.50365384616,1208.5700456960847
2589,Customer,83179.81,42806.845,393,0,0.0,74,42302.32826923078,83778.50365384616,782.9247874360162
2798,Customer,85731.7475,38819.76,231,0,0.0,74,42302.32826923078,83778.50365384616,3992.924150593257
2862,Customer,77348.28,44118.72,269,0,0.0,74,42302.32826923078,83778.50365384616,6681.8451911197
61,Facility,117633.7925,73020.5325,0,6299,62028.0655,267,75358.88772727273,115791.79795454546,2976.7178358719098
217,Customer,117713.655,77892.0,349,0,0.0,267,75358.88772727273,115791.79795454546,3179.6528567447094
514,Customer,118243.935,78084.12,276,0,0.0,267,75358.88772727273,115791.79795454546,3666.042420649924
998,Customer,113639.03,73658.0275,285,0,0.0,267,75358.88772727273,115791.79795454546,2743.59898287561
1335,Customer,113866.8875,79224.66,319,0,0.0,267,75358.88772727273,115791.79795454546,4318.503852331897
1895,Customer,118818.27,73683.355,234,0,0.0,267,75358.88772727273,115791.79795454546,3459.3269521801226
1974,Customer,114337.84,74970.85,280,0,0.0,267,75358.88772727273,115791.79795454546,1504.8478366177096
2183,Customer,113682.8375,76656.065,353,0,0.0,267,75358.88772727273,115791.79795454546,2475.961040831779
2247,Customer,113318.395,74888.865,231,0,0.0,267,75358.88772727273,115791.79795454546,2517.6662883923013
2681,Customer,118830.4075,72598.475,460,0,0.0,267,75358.88772727273,115791.79795454546,4105.2437679895065
2805,Customer,113624.7275,74270.815,261,0,0.0,267,75358.88772727273,115791.79795454546,2424.8910521503
63,Facility,108508.35,152770.67,0,4840,56423.0318,127,151158.83638888889,108993.0,1683.1200825869591
87,Facility,104188.27,153153.92,0,5174,69953.5433,127,151158.83638888889,108993.0,5202.47911944144
480,Customer,103773.39,151521.33,401,0,0.0,127,151158.83638888889,108993.0,5232.18216141185
507,Customer,105648.355,151219.24,337,0,0.0,127,151158.83638888889,108993.0,3345.190394022482
561,Customer,113672.4175,146359.0475,306,0,0.0,127,151158.83638888889,108993.0,6703.351513773357
1799,Customer,112111.14,155505.02,376,0,0.0,127,151158.83638888889,108993.0,5349.028794191591
1924,Customer,112488.325,148396.4575,269,0,0.0,127,151158.83638888889,108993.0,4455.113240020283
2384,Customer,110091.2225,151941.8875,279,0,0.0,127,151158.83638888889,108993.0,1348.8000971673405
2979,Customer,110455.53,149561.955,290,0,0.0,127,151158.83638888889,108993.0,2165.415473085877
65,Facility,5248.4875,156503.9275,0,4017,42353.2434,91,154374.81833333333,5219.046875,2129.3127046031536
105,Facility,8779.2675,157009.1525,0,3245,40810.2474,91,154374.81833333333,5219.046875,4428.869765565788
455,Facility,4305.3675,156091.6475,0,5052,58881.7934,91,154374.81833333333,5219.046875,1944.816800579874
208,Customer,4763.2225,156304.855,301,0,0.0,91,154374.81833333333,5219.046875,1983.1332268715523
230,Customer,6035.8925,153778.325,321,0,0.0,91,154374.81833333333,5219.046875,1011.454928206261
885,Customer,9615.9075,154300.625,435,0,0.0,91,154374.81833333333,5219.046875,4397.4865555663155
1542,Customer,1594.965,156592.9425,373,0,0.0,91,154374.81833333333,5219.046875,4249.005090071586
1702,Customer,3978.94,154425.375,312,0,0.0,91,154374.81833333333,5219.046875,1241.1369940368027
1733,Customer,5881.525,150266.0275,351,0,0.0,91,154374.81833333333,5219.046875,4161.855280783743
1925,Customer,4993.805,153326.615,372,0,0.0,91,154374.81833333333,5219.046875,1072.130649811224
2368,Customer,1015.865,150798.38,436,0,0.0,91,154374.81833333333,5219.046875,5518.8448996565
2425,Customer,6415.3175,153099.9475,385,0,0.0,91,154374.81833333333,5219.046875,1748.244562388765
66,Facility,88987.12,131412.02,0,4949,44756.2788,171,129672.725,87920.42071428572,2040.341751562294
267,Facility,87717.16,132287.0775,0,4558,46259.7536,171,129672.725,87920.42071428572,2622.242153621254
1323,Customer,91349.675,129950.6875,383,0,0.0,171,129672.725,87920.42071428572,3440.501141911746
1466,Customer,87031.1975,128412.6325,347,0,0.0,171,129672.725,87920.42071428572,1542.2551777772974
1986,Customer,90076.095,125815.1925,322,0,0.0,171,129672.725,87920.42071428572,4418.991809750957
2583,Customer,86209.315,131946.155,291,0,0.0,171,129672.725,87920.42071428572,2845.4115221459974
2752,Customer,84072.3825,127885.31,403,0,0.0,171,129672.725,87920.42071428572,4242.905900538946
68,Facility,136397.7675,96756.26,0,4134,61542.7982,92,95693.65133333333,134664.1035,2033.4030695784534
298,Facility,132684.9825,96764.1525,0,4067,64254.0633,92,95693.65133333333,134664.1035,2250.087260635826
175,Customer,131295.605,96998.31,365,0,0.0,92,95693.65133333333,134664.1035,3612.3283877591493
376,Customer,136928.49,89590.4975,333,0,0.0,92,95693.65133333333,134664.1035,6509.679941035008
751,Customer,132454.375,92687.5425,267,0,0.0,92,95693.65133333333,134664.1035,3730.8967235179434
890,Customer,133268.6425,90262.7425,318,0,0.0,92,95693.65133333333,134664.1035,5607.3239748117885
891,Customer,133441.3075,91144.68,287,0,0.0,92,95693.65133333333,134664.1035,4710.453295501874
1198,Customer,137052.74,99841.8325,445,0,0.0,92,95693.65133333333,134664.1035,4786.75164601427
1593,Customer,132132.385,96405.22,412,0,0.0,92,95693.65133333333,134664.1035,2629.815303519237
1624,Customer,135288.855,99793.165,341,0,0.0,92,95693.65133333333,134664.1035,4146.8453961944415
1881,Customer,136200.2025,99794.855,211,0,0.0,92,95693.65133333333,134664.1035,4379.437367206109
1882,Customer,136182.8525,93345.0875,375,0,0.0,92,95693.65133333333,134664.1035,2796.846546423739
2360,Customer,137466.595,98375.35,353,0,0.0,92,95693.65133333333,134664.1035,3878.848585131174
2429,Customer,133755.1975,93334.3975,234,0,0.0,92,95693.65133333333,134664.1035,2528.277826294798
2953,Customer,135411.555,100310.6775,442,0,0.0,92,95693.65133333333,134664.1035,4677.13741176556
69,Facility,38227.7125,12503.0575,0,4346,60216.6702,223,14618.010833333334,41461.18861111111,3863.728168919753
438,Facility,41759.4325,17667.425,0,4468,39320.594,223,14618.010833333334,41461.18861111111,3063.9641279112466
221,Customer,42714.795,13981.2125,281,0,0.0,223,14618.010833333334,41461.18861111111,1406.0729339544066
631,Customer,39220.76,12349.52,268,0,0.0,223,14618.010833333334,41461.18861111111,3188.3492629262882
2307,Customer,36938.055,11586.2875,236,0,0.0,223,14618.010833333334,41461.18861111111,5445.189072368451
2579,Customer,42158.3325,14461.77,400,0,0.0,223,14618.010833333334,41461.18861111111,714.4374009077468
2677,Customer,44491.7475,16915.855,339,0,0.0,223,14618.010833333334,41461.18861111111,3803.205883633895
2785,Customer,42714.3625,13672.01,373,0,0.0,223,14618.010833333334,41461.18861111111,1570.147245471034
2839,Customer,44925.5,18424.96,258,0,0.0,223,14618.010833333334,41461.18861111111,5147.262899519442
75,Facility,185504.06,146843.605,0,4738,55496.6926,50,145988.556,188160.10975,2790.2883483389473
171,Facility,188945.125,143203.295,0,5218,58742.0245,50,145988.556,188160.10975,2893.7739685147403
473,Facility,191270.56,143130.7175,0,5943,78403.6284,50,145988.556,188160.10975,4223.995933924102
132,Customer,187157.0325,147312.545,507,0,0.0,50,145988.556,188160.10975,1661.0571457925732
636,Customer,185508.8625,144719.035,293,0,0.0,50,145988.556,188160.10975,2939.5230140404856
886,Customer,187919.8325,141411.0425,382,0,0.0,50,145988.556,188160.10975,4583.815332182332
1003,Customer,186200.3125,151694.23,303,0,0.0,50,145988.556,188160.10975,6032.8700512594805
1099,Customer,190976.24,145335.79,277,0,0.0,50,145988.556,188160.10975,2890.7945336396697
1747,Customer,188382.4325,147771.6825,360,0,0.0,50,145988.556,188160.10975,1796.9328090303632
2508,Customer,189736.64,148463.6175,367,0,0.0,50,145988.556,188160.10975,2934.514790889161
76,Facility,3147.795,57965.0375,0,4545,42772.2088,93,60565.8196875,3145.8384375000023,2600.782923458647
7,Customer,55.005,62004.875,366,0,0.0,93,60565.8196875,3145.8384375000023,3409.418063365441
1180,Customer,4872.205,55021.9725,347,0,0.0,93,60565.8196875,3145.8384375000023,5806.426021785663
1478,Customer,3908.675,63872.5675,390,0,0.0,93,60565.8196875,3145.8384375000023,3393.59701740798
1794,Customer,3578.2475,61164.855,371,0,0.0,93,60565.8196875,3145.8384375000023,738.7969294427962
2151,Customer,8623.335,57458.5975,504,0,0.0,93,60565.8196875,3145.8384375000023,6297.443792102597
2477,Customer,146.14,61204.8275,402,0,0.0,93,60565.8196875,3145.8384375000023,3067.005330998952
2642,Customer,835.305,65833.825,491,0,0.0,93,60565.8196875,3145.8384375000023,5752.429464003342
77,Facility,154644.15,150940.1775,0,4708,43752.9498,13,155726.3,156278.27875,5057.405002230176
1322,Customer,154469.79,156862.9675,330,0,0.0,13,155726.3,156278.27875,2136.034776035446
1396,Customer,159974.5575,157961.155,401,0,0.0,13,155726.3,156278.27875,4319.381144183341
1651,Customer,159362.3275,157467.095,244,0,0.0,13,155726.3,156278.27875,3541.4296441411493
2311,Customer,153929.15,150960.305,384,0,0.0,13,155726.3,156278.27875,5313.484188750498
2818,Customer,155289.6975,160166.1,325,0,0.0,13,155726.3,156278.27875,4548.529094976935
78,Facility,116202.43,96710.4475,0,4905,64413.3135,221,97965.883,115998.24133333334,1271.9321154273027
405,Facility,111527.365,98171.25,0,4975,72574.9766,221,97965.883,115998.24133333334,4475.590552390725
456,Facility,115573.19,95781.015,0,5140,50652.5159,221,97965.883,115998.24133333334,2225.8294663770753
571,Customer,117664.4525,102692.3325,483,0,0.0,221,97965.883,115998.24133333334,5011.545123809118
667,Customer,112231.1175,94547.8475,209,0,0.0,221,97965.883,115998.24133333334,5086.667735849114
702,Customer,120304.2175,103137.2775,441,0,0.0,221,97965.883,115998.24133333334,6729.394610403784
745,Customer,115243.6475,100556.0625,342,0,0.0,221,97965.883,115998.24133333334,2697.858724159761
787,Customer,116385.065,99131.9775,330,0,0.0,221,97965.883,115998.24133333334,1228.580047055817
1458,Customer,118938.485,96850.07,337,0,0.0,221,97965.883,115998.24133333334,3144.8484018061035
1800,Customer,115706.835,93704.2875,314,0,0.0,221,97965.883,115998.24133333334,4271.547009776083
1876,Customer,113341.9275,94461.035,412,0,0.0,221,97965.883,115998.24133333334,4397.722442840386
1901,Customer,117776.495,98133.035,241,0,0.0,221,97965.883,115998.24133333334,1786.092353188213
2109,Customer,116168.8825,94033.575,424,0,0.0,221,97965.883,115998.24133333334,3936.008716279144
2173,Customer,115288.2575,102488.74,382,0,0.0,221,97965.883,115998.24133333334,4578.2433843171475
2272,Customer,117621.2525,99089.2925,417,0,0.0,221,97965.883,115998.24133333334,1973.883013710519
79,Facility,177563.8975,113052.72,0,4522,64897.441,119,116826.50825,176549.1145,3907.846247349944
156,Facility,173632.8825,118262.905,0,4787,52500.5617,119,116826.50825,176549.1145,3250.7913961425606
485,Facility,176989.52,114755.055,0,4431,44853.4332,119,116826.50825,176549.1145,2117.7524811379235
340,Customer,179588.5225,119209.9,351,0,0.0,119,116826.50825,176549.1145,3862.4548184324453
910,Customer,176134.695,118451.2875,193,0,0.0,119,116826.50825,176549.1145,1676.7978808463547
1101,Customer,174576.2875,115369.6775,397,0,0.0,119,116826.50825,176549.1145,2452.4278187287196
1134,Customer,175739.445,120750.9925,375,0,0.0,119,116826.50825,176549.1145,4007.1363001186082
1440,Customer,174663.02,117518.8125,353,0,0.0,119,116826.50825,176549.1145,2009.1385311865229
1811,Customer,177476.485,117162.63,271,0,0.0,119,116826.50825,176549.1145,986.404518994767
2748,Customer,179126.39,113731.1025,451,0,0.0,119,116826.50825,176549.1145,4027.8884989574176
80,Facility,6625.2325,147875.5575,0,4808,37654.5439,231,146124.61849999998,7859.106874999998,2142.0161892485035
285,Facility,12332.5,147195.92,0,6971,43373.1147,231,146124.61849999998,7859.106874999998,4599.884015352953
332,Facility,11609.3325,150842.2225,0,4040,33599.5299,231,146124.61849999998,7859.106874999998,6026.605988383749
433,Facility,6593.4925,147462.0575,0,4328,21311.0766,231,146124.61849999998,7859.106874999998,1841.3372382395542
461,Facility,11474.445,146331.87,0,3632,47774.5277,231,146124.61849999998,7859.106874999998,3621.2736629990814
130,Customer,3600.72,148446.3625,323,0,0.0,231,146124.61849999998,7859.106874999998,4850.191128059623
150,Customer,9916.5075,150280.095,313,0,0.0,231,146124.61849999998,7859.106874999998,4636.904384802732
187,Customer,4590.9,141294.4125,332,0,0.0,231,146124.61849999998,7859.106874999998,5831.98646948302
393,Customer,3168.935,147735.4325,523,0,0.0,231,146124.61849999998,7859.106874999998,4959.075917914248
402,Customer,9080.2875,149038.65,259,0,0.0,231,146124.61849999998,7859.106874999998,3159.5666952713177
617,Customer,7587.3025,145487.36,398,0,0.0,231,146124.61849999998,7859.106874999998,692.8030124727986
1124,Customer,5534.03,141019.4525,414,0,0.0,231,146124.61849999998,7859.106874999998,5609.697172059775
1239,Customer,1450.865,147584.2875,275,0,0.0,231,146124.61849999998,7859.106874999998,6572.381419094951
1297,Customer,12684.865,145737.22,461,0,0.0,231,146124.61849999998,7859.106874999998,4841.28279269098
1939,Customer,12160.475,147512.1675,163,0,0.0,231,146124.61849999998,7859.106874999998,4519.630513013992
2013,Customer,8301.415,145644.0225,266,0,0.0,231,146124.61849999998,7859.106874999998,653.1531157829758
2046,Customer,9703.745,144029.5725,207,0,0.0,231,146124.61849999998,7859.106874999998,2791.398852604087
2089,Customer,11888.47,142722.3175,351,0,0.0,231,146124.61849999998,7859.106874999998,5273.653315085343
2167,Customer,5536.59,140699.14,422,0,0.0,231,146124.61849999998,7859.106874999998,5901.686334313411
2172,Customer,3342.0275,145554.25,204,0,0.0,231,146124.61849999998,7859.106874999998,4552.94699132799
81,Facility,101011.325,27443.0075,0,5845,52986.4419,265,31993.33583333333,98851.66333333333,5036.827022601186
1525,Customer,97491.6475,36722.5425,344,0,0.0,265,31993.33583333333,98851.66333333333,4920.8778447510595
1613,Customer,98709.4475,34500.395,360,0,0.0,265,31993.33583333333,98851.66333333333,2511.0896058121966
1667,Customer,95620.3775,32837.1025,279,0,0.0,265,31993.33583333333,98851.66333333333,3339.633261973303
2249,Customer,99723.1975,28776.8425,379,0,0.0,265,31993.33583333333,98851.66333333333,3332.476731658471
2297,Customer,102016.1925,32616.0625,362,0,0.0,265,31993.33583333333,98851.66333333333,3225.218341145582
2300,Customer,95975.7625,33602.65,336,0,0.0,265,31993.33583333333,98851.66333333333,3295.557265501754
2578,Customer,98585.2,29505.3025,388,0,0.0,265,31993.33583333333,98851.66333333333,2502.2614922883
2739,Customer,100531.82,31936.1175,384,0,0.0,265,31993.33583333333,98851.66333333333,1681.1306796956394
82,Facility,68080.4275,93755.5325,0,5591,40738.1211,330,94287.7936111111,68889.63916666668,968.5687440087441
373,Facility,72472.3875,96755.5,0,4505,40485.5177,330,94287.7936111111,68889.63916666668,4350.363254001413
86,Customer,66592.97,92547.31,439,0,0.0,330,94287.7936111111,68889.63916666668,2881.6614064917053
190,Customer,64904.3525,96300.795,429,0,0.0,330,94287.7936111111,68889.63916666668,4464.827477874121
2036,Customer,69901.9375,93941.975,453,0,0.0,330,94287.7936111111,68889.63916666668,1069.7375507386087
2381,Customer,66413.4275,91693.33,339,0,0.0,330,94287.7936111111,68889.63916666668,3586.48374421463
2421,Customer,70832.1075,92606.1775,231,0,0.0,330,94287.7936111111,68889.63916666668,2569.244241241217
2458,Customer,71442.5075,96448.1175,354,0,0.0,330,94287.7936111111,68889.63916666668,3344.2691327463635
2918,Customer,69366.635,94541.405,410,0,0.0,330,94287.7936111111,68889.63916666668,540.2256580277375
83,Facility,101272.4525,68027.6075,0,4879,45047.8382,317,73257.33125,98160.22375,6085.719209234077
312,Facility,96741.1325,80878.185,0,4538,64216.8596,317,73257.33125,98160.22375,7751.853446416253
364,Facility,101701.6125,70045.7675,0,4632,39025.9441,317,73257.33125,98160.22375,4780.750568576092
417,Customer,96116.305,77277.905,376,0,0.0,317,73257.33125,98160.22375,4510.279052984487
976,Customer,93996.735,74301.2325,383,0,0.0,317,73257.33125,98160.22375,4292.361633311917
1528,Customer,93869.0275,73087.275,233,0,0.0,317,73257.33125,98160.22375,4294.564516243549
1540,Customer,99026.4125,70270.9525,337,0,0.0,317,73257.33125,98160.22375,3109.459919194674
1984,Customer,100871.63,73359.81,277,0,0.0,317,73257.33125,98160.22375,2713.3421728084027
2107,Customer,99172.465,72377.695,289,0,0.0,317,73257.33125,98160.22375,1341.0414909746833
2481,Customer,98834.465,72946.8825,302,0,0.0,317,73257.33125,98160.22375,742.2800614175969
84,Facility,59026.5975,18057.59,0,4143,57848.545,31,15713.110972222232,60709.167638888895,2885.7623228482234
149,Facility,60960.535,22186.66,0,4145,69703.5522,31,15713.110972222232,60709.167638888895,6478.427476268794
260,Facility,60681.5375,17992.295,0,5586,45794.5164,31,15713.110972222232,60709.167638888895,2279.3514992322494
228,Customer,60292.345,14030.2375,302,0,0.0,31,15713.110972222232,60709.167638888895,1733.725536467527
570,Customer,62704.25,14629.565,363,0,0.0,31,15713.110972222232,60709.167638888895,2270.3359886888284
574,Customer,59574.4125,12900.6175,294,0,0.0,31,15713.110972222232,60709.167638888895,3032.7856430231636
685,Customer,60047.48,17045.4975,313,0,0.0,31,15713.110972222232,60709.167638888895,1487.6439059338286
752,Customer,58849.2275,15967.7075,339,0,0.0,31,15713.110972222232,60709.167638888895,1877.284398328217
783,Customer,65306.15,14858.51,206,0,0.0,31,15713.110972222232,60709.167638888895,4675.744823029783
858,Customer,60728.2025,12103.125,283,0,0.0,31,15713.110972222232,60709.167638888895,3610.0361557162846
1508,Customer,60932.1025,17560.4375,306,0,0.0,31,15713.110972222232,60709.167638888895,1860.7297634342535
1579,Customer,56934.55,14897.94,224,0,0.0,31,15713.110972222232,60709.167638888895,3861.6372219260697
2096,Customer,62047.225,10719.29,279,0,0.0,31,15713.110972222232,60709.167638888895,5169.975377526493
2309,Customer,57793.565,15175.595,378,0,0.0,31,15713.110972222232,60709.167638888895,2964.736441623418
2323,Customer,62453.6375,14817.4975,400,0,0.0,31,15713.110972222232,60709.167638888895,1960.943290345478
2373,Customer,56900.565,15832.2825,420,0,0.0,31,15713.110972222232,60709.167638888895,3810.466626803642
2502,Customer,61747.405,18762.13,274,0,0.0,31,15713.110972222232,60709.167638888895,3220.9399016060265
2726,Customer,65785.23,15299.02,250,0,0.0,31,15713.110972222232,60709.167638888895,5092.924545598998
85,Facility,140103.0275,64589.0925,0,3693,46711.8232,122,60082.402500000004,138694.17142857143,4721.771932876587
287,Facility,134897.865,54953.885,0,4600,55768.6904,122,60082.402500000004,138694.17142857143,6380.723646062339
1990,Customer,140092.38,58501.8475,363,0,0.0,122,60082.402500000004,138694.17142857143,2110.246743213065
2299,Customer,139029.48,57835.015,357,0,0.0,122,60082.402500000004,138694.17142857143,2272.263720000332
2796,Customer,136820.32,62527.9425,303,0,0.0,122,60082.402500000004,138694.17142857143,3080.906533466914
2882,Customer,140351.1125,62746.5725,395,0,0.0,122,60082.402500000004,138694.17142857143,3137.396293598694
2886,Customer,139565.015,59422.4625,325,0,0.0,122,60082.402500000004,138694.17142857143,1092.652428496135
86,Facility,31108.0025,151045.66,0,6100,39696.4363,319,147454.16392857142,31106.569642857154,3591.496357253693
228,Facility,31434.7175,145421.085,0,5343,41743.4503,319,147454.16392857142,31106.569642857154,2059.3909162537802
699,Customer,25969.37,148596.96,279,0,0.0,319,147454.16392857142,31106.569642857154,5262.775221443934
2402,Customer,30856.05,145252.94,277,0,0.0,319,147454.16392857142,31106.569642857154,2215.433789390389
2446,Customer,31836.49,146163.7325,396,0,0.0,319,147454.16392857142,31106.569642857154,1482.564332370229
2850,Customer,30922.38,147814.03,394,0,0.0,319,147454.16392857142,31106.569642857154,404.2640398319953
2956,Customer,35618.9775,147884.74,318,0,0.0,319,147454.16392857142,31106.569642857154,4532.904192953052
88,Facility,109124.585,87144.4375,0,5668,47802.876,159,86044.19785714286,105636.35357142858,3657.633903357174
283,Facility,106690.4125,84213.945,0,5655,57439.1513,159,86044.19785714286,105636.35357142858,2112.076169549934
4,Customer,104888.8475,86860.4575,357,0,0.0,159,86044.19785714286,105636.35357142858,1106.8175691503347
777,Customer,105767.57,89341.625,270,0,0.0,159,86044.19785714286,105636.35357142858,3300.036895790413
2030,Customer,103287.99,86818.915,358,0,0.0,159,86044.19785714286,105636.35357142858,2472.8522226468567
2262,Customer,108292.0675,83825.41,271,0,0.0,159,86044.19785714286,105636.35357142858,3460.612088260234
2268,Customer,101403.0025,84104.595,328,0,0.0,159,86044.19785714286,105636.35357142858,4656.535250312431
89,Facility,82774.44,58930.18,0,7154,69548.886,217,62240.206,86040.62825,4650.189007461309
388,Facility,86380.755,61562.1575,0,5184,38852.453,217,62240.206,86040.62825,758.5749629521235
466,Facility,86541.4475,61027.835,0,4655,56024.8076,217,62240.206,86040.62825,1311.7405851812168
90,Customer,85129.835,61779.27,184,0,0.0,217,62240.206,86040.62825,1020.7871180327178
807,Customer,86644.2725,64885.24,251,0,0.0,217,62240.206,86040.62825,2713.040958355416
1694,Customer,89706.2925,62830.09,348,0,0.0,217,62240.206,86040.62825,3712.8233902495376
1804,Customer,87355.155,57746.6975,342,0,0.0,217,62240.206,86040.62825,4681.837162486302
2350,Customer,83101.135,63873.4375,319,0,0.0,217,62240.206,86040.62825,3362.746749219723
2629,Customer,85422.405,65726.2025,371,0,0.0,217,62240.206,86040.62825,3540.391445144564
2935,Customer,87350.545,64040.95,324,0,0.0,217,62240.206,86040.62825,2226.7826219607896
90,Facility,160847.29,184236.5725,0,4688,59046.5075,22,181081.24833333335,161947.00555555554,3341.4734623937184
370,Facility,163504.6775,185643.7425,0,4951,36177.1298,22,181081.24833333335,161947.00555555554,4821.067818168137
21,Customer,161104.1975,178726.445,192,0,0.0,22,181081.24833333335,161947.00555555554,2501.084596167657
1069,Customer,164811.47,182841.025,312,0,0.0,22,181081.24833333335,161947.00555555554,3361.8403397589914
1309,Customer,164509.67,179043.7925,349,0,0.0,22,181081.24833333335,161947.00555555554,3273.908264995208
1602,Customer,164904.28,176625.0375,363,0,0.0,22,181081.24833333335,161947.00555555554,5348.2041033305495
2437,Customer,158422.725,184569.6925,268,0,0.0,22,181081.24833333335,161947.00555555554,4958.809951814796
2493,Customer,158556.3325,180269.5625,407,0,0.0,22,181081.24833333335,161947.00555555554,3486.473528037249
2848,Customer,160862.4075,177775.365,482,0,0.0,22,181081.24833333335,161947.00555555554,3479.2553162603854
91,Facility,82032.845,89079.6425,0,5491,55000.3829,247,84140.014375,78233.84583333333,6231.558447260616
324,Facility,76305.8875,81305.5075,0,4809,39081.0108,247,84140.014375,78233.84583333333,3428.039171230639
266,Customer,78868.705,85912.6875,325,0,0.0,247,84140.014375,78233.84583333333,1882.927552933988
313,Customer,76555.735,81382.4575,426,0,0.0,247,84140.014375,78233.84583333333,3228.029722262545
472,Customer,81531.555,87577.6675,391,0,0.0,247,84140.014375,78233.84583333333,4763.6482611271385
1451,Customer,78044.8925,77128.2925,277,0,0.0,247,84140.014375,78233.84583333333,7014.267389722987
1500,Customer,82086.88,86983.5675,387,0,0.0,247,84140.014375,78233.84583333333,4788.701981142499
1510,Customer,78878.295,84991.27,329,0,0.0,247,84140.014375,78233.84583333333,1067.684816559418
1650,Customer,79486.9425,86225.4975,360,0,0.0,247,84140.014375,78233.84583333333,2433.0004358139568
2586,Customer,76920.93,79443.1725,214,0,0.0,247,84140.014375,78233.84583333333,4876.891590364795
2925,Customer,76379.775,88780.51,329,0,0.0,247,84140.014375,78233.84583333333,4997.177033151963
2928,Customer,71713.7075,80869.9,317,0,0.0,247,84140.014375,78233.84583333333,7294.2341552341395
92,Facility,173600.46,138376.0375,0,6529,52458.8953,111,142394.13953125,173328.315625,4027.307598679226
176,Facility,176802.3375,147005.79,0,5318,48617.6449,111,142394.13953125,173328.315625,5773.746446970179
326,Facility,171887.2575,147257.545,0,4548,41820.5958,111,142394.13953125,173328.315625,5072.41178071103
68,Customer,173534.38,140982.7625,365,0,0.0,111,142394.13953125,173328.315625,1426.3406504002348
172,Customer,173459.8675,141774.5725,237,0,0.0,111,142394.13953125,173328.315625,633.3791929231162
312,Customer,174284.255,146851.7825,401,0,0.0,111,142394.13953125,173328.315625,4558.991217969365
563,Customer,175329.9925,144582.8325,425,0,0.0,111,142394.13953125,173328.315625,2965.9884058042853
898,Customer,173431.6675,139625.4375,342,0,0.0,111,142394.13953125,173328.315625,2770.6303520884685
1231,Customer,176222.06,142487.1525,349,0,0.0,111,142394.13953125,173328.315625,2895.2388364692615
1709,Customer,171930.28,139339.1725,359,0,0.0,111,142394.13953125,173328.315625,3359.6617643437867
1736,Customer,173955.59,137249.52,349,0,0.0,111,142394.13953125,173328.315625,5182.719678204743
1972,Customer,175547.655,140368.8825,304,0,0.0,111,142394.13953125,173328.315625,3004.5188140620708
2156,Customer,170976.5525,137750.6525,283,0,0.0,111,142394.13953125,173328.315625,5205.070758932743
2182,Customer,168017.325,145671.855,297,0,0.0,111,142394.13953125,173328.315625,6240.996724315818
2590,Customer,175439.7375,144747.355,317,0,0.0,111,142394.13953125,173328.315625,3161.601710619614
2984,Customer,168833.6325,144234.8825,340,0,0.0,111,142394.13953125,173328.315625,4857.006389862196
93,Facility,58729.3025,937.805,0,5867,58107.2915,150,4975.255000000005,56402.597307692304,4659.8883628700405
250,Customer,52189.095,2949.785,345,0,0.0,150,4975.255000000005,56402.597307692304,4675.054055070206
330,Customer,58748.425,5157.965,290,0,0.0,150,4975.255000000005,56402.597307692304,2352.9323207643824
542,Customer,59121.235,10071.865,365,0,0.0,150,4975.255000000005,56402.597307692304,5776.367750943154
1084,Customer,54995.73,6128.0875,468,0,0.0,150,4975.255000000005,56402.597307692304,1818.8728362669065
1093,Customer,55726.685,3484.25,312,0,0.0,150,4975.255000000005,56402.597307692304,1637.056308657388
1136,Customer,55065.685,4678.8175,269,0,0.0,150,4975.255000000005,56402.597307692304,1369.3829668377725
1260,Customer,54314.515,9181.1275,401,0,0.0,150,4975.255000000005,56402.597307692304,4695.684317536033
1559,Customer,51086.215,5803.9825,453,0,0.0,150,4975.255000000005,56402.597307692304,5380.586409565413
1599,Customer,57439.3525,1819.0425,395,0,0.0,150,4975.255000000005,56402.597307692304,3322.128635970204
1616,Customer,59130.11,6488.7075,386,0,0.0,150,4975.255000000005,56402.597307692304,3119.2729852412435
1916,Customer,58716.6,4209.695,280,0,0.0,150,4975.255000000005,56402.597307692304,2437.3531901649517
1952,Customer,57970.815,3767.185,378,0,0.0,150,4975.255000000005,56402.597307692304,1979.580727165956
94,Facility,84278.9925,139063.4075,0,4061,53231.4274,240,139020.02666666667,82176.426875,2103.013101274523
218,Customer,79121.375,135559.4875,238,0,0.0,240,139020.02666666667,82176.426875,4616.131852858537
236,Customer,84771.805,143258.8225,435,0,0.0,240,139020.02666666667,82176.426875,4970.249262201295
345,Customer,80848.18,141145.4425,350,0,0.0,240,139020.02666666667,82176.426875,2506.3184605176016
577,Customer,87226.55,137043.72,386,0,0.0,240,139020.02666666667,82176.426875,5423.055561062497
996,Customer,85713.2875,139783.285,365,0,0.0,240,139020.02666666667,82176.426875,3618.279475673234
1626,Customer,78695.81,140858.0575,390,0,0.0,240,139020.02666666667,82176.426875,3936.121336394345
1700,Customer,82384.8775,141519.3275,451,0,0.0,240,139020.02666666667,82176.426875,2507.978532317138
1731,Customer,78038.94,136496.48,305,0,0.0,240,139020.02666666667,82176.426875,4846.347637101749
1983,Customer,80405.94,138526.1775,325,0,0.0,240,139020.02666666667,82176.426875,1838.0725703749158
2320,Customer,79554.4325,135925.035,299,0,0.0,240,139020.02666666667,82176.426875,4056.3318305172975
2708,Customer,85076.9325,139061.0775,257,0,0.0,240,139020.02666666667,82176.426875,2900.7961065152354
96,Facility,82767.5175,11056.9725,0,4012,36446.0206,64,14743.12781250001,84879.8221875,4248.4787960758995
323,Facility,88189.8325,9726.6625,0,3966,45722.1135,64,14743.12781250001,84879.8221875,6010.08257017923
380,Facility,86956.7425,15906.2525,0,5165,60286.3044,64,14743.12781250001,84879.8221875,2380.4321084935423
403,Facility,84837.89,16521.845,0,4045,51529.3218,64,14743.12781250001,84879.8221875,1779.2113818926673
249,Customer,85387.6725,14747.555,295,0,0.0,64,14743.12781250001,84879.8221875,507.8696091473741
473,Customer,78543.905,13614.7275,402,0,0.0,64,14743.12781250001,84879.8221875,6435.614490637865
2432,Customer,85453.365,18491.0625,298,0,0.0,64,14743.12781250001,84879.8221875,3791.56508312017
2895,Customer,86901.6525,17879.945,438,0,0.0,64,14743.12781250001,84879.8221875,3731.9458571017844
97,Facility,116520.235,173308.7475,0,4758,59110.3624,177,170560.11583333334,116290.52770833333,2758.213457810606
178,Facility,114720.8875,171511.3125,0,4602,56292.4056,177,170560.11583333334,116290.52770833333,1835.359769171832
1029,Customer,117484.605,169867.5225,397,0,0.0,177,170560.11583333334,116290.52770833333,1380.4007040898641
1097,Customer,117145.0125,167189.425,312,0,0.0,177,170560.11583333334,116290.52770833333,3477.3123174525367
1669,Customer,119126.445,167625.8175,208,0,0.0,177,170560.11583333334,116290.52770833333,4080.751596725393
1719,Customer,116726.885,170335.405,352,0,0.0,177,170560.11583333334,116290.52770833333,490.8183417599927
1827,Customer,117072.66,168919.5025,280,0,0.0,177,170560.11583333334,116290.52770833333,1817.5101185905112
2140,Customer,117074.67,171431.9175,270,0,0.0,177,170560.11583333334,116290.52770833333,1172.5686673210332
2292,Customer,114360.785,169583.7925,449,0,0.0,177,170560.11583333334,116290.52770833333,2162.663675095315
2400,Customer,116800.73,172427.375,456,0,0.0,177,170560.11583333334,116290.52770833333,1935.7074091717907
2549,Customer,112701.4875,173320.3375,266,0,0.0,177,170560.11583333334,116290.52770833333,4527.696242701069
2603,Customer,115751.93,171200.235,324,0,0.0,177,170560.11583333334,116290.52770833333,836.5644260640801
101,Facility,118267.815,52657.5125,0,5843,44544.7125,283,53381.88525,123827.82375,5606.996805868455
231,Facility,122345.1525,57788.9225,0,6159,42263.9073,283,53381.88525,123827.82375,4649.762505597908
391,Facility,118651.5125,52572.1,0,4910,36048.768,283,53381.88525,123827.82375,5239.270016709781
1359,Customer,120825.3025,51307.5225,273,0,0.0,283,53381.88525,123827.82375,3649.399221144361
1629,Customer,123433.885,49312.195,312,0,0.0,283,53381.88525,123827.82375,4088.71207957917
1695,Customer,128198.325,53198.85,354,0,0.0,283,53381.88525,123827.82375,4374.332300933953
2076,Customer,128550.4225,53936.2775,307,0,0.0,283,53381.88525,123827.82375,4755.0278359187
2354,Customer,124932.485,54172.9875,321,0,0.0,283,53381.88525,123827.82375,1358.7197088460302
2604,Customer,124786.27,51531.555,319,0,0.0,283,53381.88525,123827.82375,2083.8285073882967
2773,Customer,128287.0675,57340.93,309,0,0.0,283,53381.88525,123827.82375,5963.127548058712
102,Facility,15873.9225,188700.85,0,4405,65578.2304,86,190937.88416666666,15295.658166666675,2310.565191038632
254,Facility,18965.1,189483.0675,0,5143,70437.7934,86,190937.88416666666,15295.658166666675,3947.3148977282885
436,Facility,13465.57,190699.6825,0,5562,43568.467,86,190937.88416666666,15295.658166666675,1845.5250558516318
320,Customer,19402.845,192554.0925,315,0,0.0,86,190937.88416666666,15295.658166666675,4413.741390322135
1008,Customer,13383.065,195364.195,354,0,0.0,86,190937.88416666666,15295.658166666675,4821.850289511718
1026,Customer,16275.74,193825.5825,408,0,0.0,86,190937.88416666666,15295.658166666675,3049.4855409340976
1108,Customer,13409.625,189362.9475,297,0,0.0,86,190937.88416666666,15295.658166666675,2457.1419596306955
1217,Customer,10491.865,191087.11,305,0,0.0,86,190937.88416666666,15295.658166666675,4806.110395886415
1219,Customer,13701.87,188313.495,344,0,0.0,86,190937.88416666666,15295.658166666675,3070.4363237696443
2022,Customer,14869.88,193028.51,343,0,0.0,86,190937.88416666666,15295.658166666675,2133.542458497326
2459,Customer,10283.8025,192812.3825,350,0,0.0,86,190937.88416666666,15295.658166666675,5350.929005805289
2523,Customer,16963.0,190693.0975,219,0,0.0,86,190937.88416666666,15295.658166666675,1685.2149125144554
2562,Customer,15200.915,190520.2075,338,0,0.0,86,190937.88416666666,15295.658166666675,428.2873632361883
2660,Customer,17336.2775,188815.0275,321,0,0.0,86,190937.88416666666,15295.658166666675,2944.5963544745523
2958,Customer,19811.395,188808.015,326,0,0.0,86,190937.88416666666,15295.658166666675,4992.817021986741
103,Facility,136509.165,185599.6675,0,4728,51321.3028,41,182852.15357142856,136792.91464285715,2762.127196114564
183,Customer,140170.855,183106.1825,383,0,0.0,41,182852.15357142856,136792.91464285715,3387.4786719572944
909,Customer,135890.3725,184151.1125,426,0,0.0,41,182852.15357142856,136792.91464285715,1581.7321573985373
1098,Customer,134587.7525,179369.46,309,0,0.0,41,182852.15357142856,136792.91464285715,4122.122582937121
1117,Customer,137955.285,181476.8375,309,0,0.0,41,182852.15357142856,136792.91464285715,1800.7218395671466
1282,Customer,133003.0025,183887.3125,370,0,0.0,41,182852.15357142856,136792.91464285715,3928.7387362838563
2075,Customer,139433.97,182374.5025,363,0,0.0,41,182852.15357142856,136792.91464285715,2683.900882210402
104,Facility,30978.825,154365.725,0,4749,37498.9313,236,156642.03166666668,34293.69208333334,4021.1833856314024
256,Facility,38318.2525,153421.21,0,4696,57812.6246,236,156642.03166666668,34293.69208333334,5154.685126743406
476,Facility,34445.485,154067.4775,0,2993,73217.4234,236,156642.03166666668,34293.69208333334,2579.0250573910434
49,Customer,31835.7975,158514.9125,377,0,0.0,236,156642.03166666668,34293.69208333334,3090.134042181136
483,Customer,33658.7225,158426.8175,306,0,0.0,236,156642.03166666668,34293.69208333334,1894.3724139212584
638,Customer,34315.355,159515.4675,345,0,0.0,236,156642.03166666668,34293.69208333334,2873.5174908537565
1102,Customer,32433.195,154386.9875,340,0,0.0,236,156642.03166666668,34293.69208333334,2923.4694441210318
1324,Customer,34698.4925,161977.135,310,0,0.0,236,156642.03166666668,34293.69208333334,5350.438389018038
1775,Customer,33592.155,154925.1575,242,0,0.0,236,156642.03166666668,34293.69208333334,1854.6727968726038
1846,Customer,31723.805,156304.8,317,0,0.0,236,156642.03166666668,34293.69208333334,2591.919138030032
2550,Customer,39083.7425,156603.3775,365,0,0.0,236,156642.03166666668,34293.69208333334,4790.206377475726
2968,Customer,36440.4775,157195.3125,234,0,0.0,236,156642.03166666668,34293.69208333334,2216.9364685860205
106,Facility,69557.7875,155910.7775,0,5309,32124.063,258,153234.69708333333,72123.53145833334,3707.350597959522
122,Facility,70780.12,155502.005,0,5093,56592.3848,258,153234.69708333333,72123.53145833334,2635.4201819369687
137,Facility,73912.7375,154645.2875,0,6164,70060.1645,258,153234.69708333333,72123.53145833334,2278.3817904662847
206,Customer,72548.33,153038.2225,274,0,0.0,258,153234.69708333333,72123.53145833334,468.03425397948087
420,Customer,72911.36,155268.8075,241,0,0.0,258,153234.69708333333,72123.53145833334,2181.3479773425524
546,Customer,74421.8175,150627.8125,344,0,0.0,258,153234.69708333333,72123.53145833334,3475.3368124745602
670,Customer,69595.5225,149635.9675,368,0,0.0,258,153234.69708333333,72123.53145833334,4397.918133318546
733,Customer,75679.875,157976.01,294,0,0.0,258,153234.69708333333,72123.53145833334,5926.856465286168
815,Customer,67859.1375,151801.1675,286,0,0.0,258,153234.69708333333,72123.53145833334,4498.895742086242
1428,Customer,72805.415,153978.1975,171,0,0.0,258,153234.69708333333,72123.53145833334,1008.83994467873
1442,Customer,71464.315,150742.51,361,0,0.0,258,153234.69708333333,72123.53145833334,2577.8989113755033
1676,Customer,73945.96,149689.6,400,0,0.0,258,153234.69708333333,72123.53145833334,3986.0957238555825
107,Facility,145986.06,180031.145,0,3969,55601.4271,292,185467.315625,142627.4771875,6389.994489241237
177,Facility,143198.5125,186440.1175,0,4114,27876.1816,292,185467.315625,142627.4771875,1128.018092109132
396,Facility,143924.865,186997.44,0,4482,52658.1013,292,185467.315625,142627.4771875,2006.1145877024899
492,Customer,139397.8725,185771.8575,368,0,0.0,292,185467.315625,142627.4771875,3243.931594708869
725,Customer,141384.9875,185233.0225,393,0,0.0,292,185467.315625,142627.4771875,1264.3867651814874
1909,Customer,141435.0275,187410.22,414,0,0.0,292,185467.315625,142627.4771875,2279.6520935469543
2387,Customer,140971.41,189856.285,369,0,0.0,292,185467.315625,142627.4771875,4691.01382477201
2670,Customer,144721.0825,181998.4375,478,0,0.0,292,185467.315625,142627.4771875,4051.70317898926
108,Facility,180055.595,138801.42,0,4401,68612.2854,205,135626.85475,184687.19775,5615.123200813597
20,Customer,183503.9325,139827.33,257,0,0.0,205,135626.85475,184687.19775,4363.955657167018
370,Customer,183097.83,141176.7625,330,0,0.0,205,135626.85475,184687.19775,5773.003194027376
398,Customer,187583.07,131742.325,363,0,0.0,205,135626.85475,184687.19775,4845.167434357157
468,Customer,189193.605,133206.6875,322,0,0.0,205,135626.85475,184687.19775,5115.165277957818
1331,Customer,178860.4375,136953.4525,387,0,0.0,205,135626.85475,184687.19775,5975.867853398791
1356,Customer,181152.655,133813.375,284,0,0.0,205,135626.85475,184687.19775,3972.618941609876
1423,Customer,189310.245,134669.09,322,0,0.0,205,135626.85475,184687.19775,4721.215859508561
2359,Customer,186302.67,131574.0325,379,0,0.0,205,135626.85475,184687.19775,4362.925484192364
2396,Customer,187811.9375,134504.0725,365,0,0.0,205,135626.85475,184687.19775,3320.337104293049
109,Facility,66430.6875,150819.295,0,5877,71180.1017,97,150025.0655,61614.2515,4881.480947495984
896,Customer,62667.3,151616.705,317,0,0.0,97,150025.0655,61614.2515,1908.4620617954338
1573,Customer,60832.22,151653.1775,378,0,0.0,97,150025.0655,61614.2515,1806.1898990793368
1679,Customer,58483.73,147381.3125,334,0,0.0,97,150025.0655,61614.2515,4097.510803765038
2369,Customer,59657.32,148654.8375,344,0,0.0,97,150025.0655,61614.2515,2388.9549321149307
110,Facility,189797.43,4213.3475,0,4151,56454.8004,219,4801.816428571445,193248.06,3500.4489821727234
621,Customer,192499.715,2802.5825,410,0,0.0,219,4801.816428571445,193248.06,2134.702916139905
857,Customer,195214.84,2732.86,348,0,0.0,219,4801.816428571445,193248.06,2854.6110543692466
1280,Customer,193115.855,4383.315,460,0,0.0,219,4801.816428571445,193248.06,438.8867823725579
1281,Customer,196333.8725,9475.6175,335,0,0.0,219,4801.816428571445,193248.06,5600.594186373707
1399,Customer,194378.275,5964.05,379,0,0.0,219,4801.816428571445,193248.06,1621.164032656957
1730,Customer,191396.4325,4040.9425,262,0,0.0,219,4801.816428571445,193248.06,2001.8625162423123
111,Facility,58653.9725,62678.8125,0,4846,42150.1529,280,67730.00681818182,58140.67340909091,5077.207893789697
372,Facility,61364.47,70638.76,0,3941,56757.3942,280,67730.00681818182,58140.67340909091,4342.085850405821
54,Customer,57913.295,68687.2125,429,0,0.0,280,67730.00681818182,58140.67340909091,983.8412769475104
154,Customer,53189.205,70949.6375,227,0,0.0,280,67730.00681818182,58140.67340909091,5906.188376062028
229,Customer,57776.56,65759.955,348,0,0.0,280,67730.00681818182,58140.67340909091,2003.4177649709745
242,Customer,60837.18,67881.3575,354,0,0.0,280,67730.00681818182,58140.67340909091,2700.7507888924147
820,Customer,54880.06,70482.47,353,0,0.0,280,67730.00681818182,58140.67340909091,4267.042696154811
877,Customer,56901.495,65119.8825,408,0,0.0,280,67730.00681818182,58140.67340909091,2889.344577221828
2136,Customer,61588.61,66537.8975,352,0,0.0,280,67730.00681818182,58140.67340909091,3648.20385414874
2585,Customer,59965.71,71067.9575,340,0,0.0,280,67730.00681818182,58140.67340909091,3804.2966909019533
2825,Customer,56476.85,65226.1325,333,0,0.0,280,67730.00681818182,58140.67340909091,3006.2759251089005
112,Facility,131742.3525,124749.21,0,5037,34558.8521,27,130284.58632352941,128789.67544117647,6273.650680169618
207,Facility,127612.015,128254.4675,0,5479,32048.3408,27,130284.58632352941,128789.67544117647,2346.969653054849
488,Facility,124481.8775,133682.0875,0,4939,67028.3649,27,130284.58632352941,128789.67544117647,5486.359206807664
366,Customer,127760.5275,130671.47,388,0,0.0,27,130284.58632352941,128789.67544117647,1099.4655355886225
655,Customer,127264.0275,135958.4575,372,0,0.0,27,130284.58632352941,128789.67544117647,5875.40771075503
731,Customer,133055.675,125580.7225,287,0,0.0,27,130284.58632352941,128789.67544117647,6350.203705881499
991,Customer,131026.5025,131213.155,318,0,0.0,27,130284.58632352941,128789.67544117647,2421.907322340695
1120,Customer,126547.9025,133060.705,328,0,0.0,27,130284.58632352941,128789.67544117647,3568.2461834407914
1185,Customer,127368.675,130002.9125,219,0,0.0,27,130284.58632352941,128789.67544117647,1448.6484724340094
1245,Customer,130277.275,133202.8875,390,0,0.0,27,130284.58632352941,128789.67544117647,3275.5815062369684
1633,Customer,129212.5875,130329.0825,355,0,0.0,27,130284.58632352941,128789.67544117647,425.2464217590242
1807,Customer,123693.0125,132840.405,346,0,0.0,27,130284.58632352941,128789.67544117647,5701.594710513674
1955,Customer,133972.1475,127627.9,344,0,0.0,27,130284.58632352941,128789.67544117647,5823.744402196473
1956,Customer,132009.125,133751.705,313,0,0.0,27,130284.58632352941,128789.67544117647,4731.359992490543
2348,Customer,128272.9625,125243.64,392,0,0.0,27,130284.58632352941,128789.67544117647,5067.359480072823
2594,Customer,123122.4775,128215.9,352,0,0.0,27,130284.58632352941,128789.67544117647,6032.959108897768
2650,Customer,132005.34,130453.26,429,0,0.0,27,130284.58632352941,128789.67544117647,3220.085303840227
113,Facility,135677.8975,172721.1125,0,5141,53434.8086,232,174910.051875,137908.5765625,3125.281534086394
387,Facility,135874.6125,176736.4675,0,3224,51537.0804,232,174910.051875,137908.5765625,2733.6429618342067
1194,Customer,136949.31,178180.61,434,0,0.0,232,174910.051875,137908.5765625,3408.3343126715104
1460,Customer,133479.92,174175.81,246,0,0.0,232,174910.051875,137908.5765625,4489.110165676242
2157,Customer,141987.715,177730.935,208,0,0.0,232,174910.051875,137908.5765625,4959.511265961555
2361,Customer,136768.335,173042.005,333,0,0.0,232,174910.051875,137908.5765625,2188.549736252238
2427,Customer,141061.8375,174877.8025,315,0,0.0,232,174910.051875,137908.5765625,3153.4258453547304
2457,Customer,141468.985,171815.6725,225,0,0.0,232,174910.051875,137908.5765625,4717.169909834344
114,Facility,13244.545,27505.5825,0,3894,35029.0754,206,28834.12199999999,15425.417749999993,2553.6685679141588
162,Facility,15750.6225,24065.9475,0,6667,19911.2188,206,28834.12199999999,15425.417749999993,4779.251635127902
214,Customer,14182.765,32732.6025,411,0,0.0,206,28834.12199999999,15425.417749999993,4091.7399802483656
927,Customer,16824.67,31079.18,406,0,0.0,206,28834.12199999999,15425.417749999993,2645.40966250865
985,Customer,14669.685,28481.665,226,0,0.0,206,28834.12199999999,15425.417749999993,833.8812423070472
1371,Customer,14177.7825,29365.855,324,0,0.0,206,28834.12199999999,15425.417749999993,1356.2203730705269
1821,Customer,17122.91,27614.4675,280,0,0.0,206,28834.12199999999,15425.417749999993,2090.2241597925113
2004,Customer,16579.69,32744.945,380,0,0.0,206,28834.12199999999,15425.417749999993,4077.6072597111606
2158,Customer,18186.2175,24921.2375,266,0,0.0,206,28834.12199999999,15425.417749999993,4788.807823450452
2528,Customer,13515.29,29829.7375,378,0,0.0,206,28834.12199999999,15425.417749999993,2154.0283761269966
115,Facility,171067.285,96268.25,0,5351,41125.9182,90,94082.208,172371.164,2545.3644282116006
463,Facility,168061.81,97665.5625,0,3566,58032.5616,90,94082.208,172371.164,5604.548275283762
304,Customer,175511.4025,92927.2875,230,0,0.0,90,94082.208,172371.164,3345.8839188176457
521,Customer,174968.56,91172.295,336,0,0.0,90,94082.208,172371.164,3900.520433017246
659,Customer,173925.7175,91374.64,311,0,0.0,90,94082.208,172371.164,3122.1084316510014
736,Customer,168051.4275,94037.7375,230,0,0.0,90,94082.208,172371.164,4319.965399722837
1315,Customer,172287.07,90815.1175,354,0,0.0,90,94082.208,172371.164,3268.1725988733037
2023,Customer,174408.7825,93442.1575,399,0,0.0,90,94082.208,172371.164,2135.7794347948347
2052,Customer,170821.1875,93264.865,286,0,0.0,90,94082.208,172371.164,1752.277583661107
2401,Customer,174608.3975,99854.1675,358,0,0.0,90,94082.208,172371.164,6190.373995419217
116,Facility,46014.4725,135834.315,0,6153,60709.0835,252,134421.97916666666,44438.86291666668,2115.9485024946152
118,Facility,44512.955,128257.0625,0,5871,68003.1419,252,134421.97916666666,44438.86291666668,6165.361882627572
140,Facility,43559.2875,133735.9325,0,4970,36731.2761,252,134421.97916666666,44438.86291666668,1115.4877598830044
253,Facility,44268.85,136151.27,0,5458,30642.3929,252,134421.97916666666,44438.86291666668,1737.6280321415754
411,Customer,40422.6025,130447.435,360,0,0.0,252,134421.97916666666,44438.86291666668,5650.429104702365
430,Customer,47857.0625,130946.31,379,0,0.0,252,134421.97916666666,44438.86291666668,4874.870721118396
532,Customer,46563.6275,139748.4425,318,0,0.0,252,134421.97916666666,44438.86291666668,5734.617352180721
781,Customer,43896.6425,136752.245,372,0,0.0,252,134421.97916666666,44438.86291666668,2392.517885878997
1561,Customer,46530.51,135350.245,352,0,0.0,252,134421.97916666666,44438.86291666668,2288.376057065541
1610,Customer,44729.9175,137303.2,331,0,0.0,252,134421.97916666666,44438.86291666668,2895.884365943068
1797,Customer,42540.765,137212.0375,141,0,0.0,252,134421.97916666666,44438.86291666668,3374.492732938872
2987,Customer,42369.6625,131325.255,394,0,0.0,252,134421.97916666666,44438.86291666668,3724.418200034851
117,Facility,60081.6775,38913.3525,0,4261,62806.0432,137,35123.810937500006,57824.176875000005,4411.0015105177945
556,Customer,61028.97,38279.6275,389,0,0.0,137,35123.810937500006,57824.176875000005,4497.7635720651815
873,Customer,57458.2725,32073.6075,132,0,0.0,137,35123.810937500006,57824.176875000005,3072.0721055634435
1139,Customer,55697.0575,34916.8675,292,0,0.0,137,35123.810937500006,57824.176875000005,2137.1622357286583
1190,Customer,54675.315,36339.1325,145,0,0.0,137,35123.810937500006,57824.176875000005,3375.253710183274
1584,Customer,57363.31,30038.7975,176,0,0.0,137,35123.810937500006,57824.176875000005,5105.855455849479
2599,Customer,55949.6475,38161.505,419,0,0.0,137,35123.810937500006,57824.176875000005,3569.516157000219
2730,Customer,60339.165,32267.5975,400,0,0.0,137,35123.810937500006,57824.176875000005,3805.669516582673
119,Facility,124607.095,181481.435,0,5884,31495.1169,191,182988.4713888889,119338.0025,5480.373568561866
82,Customer,116406.4,182776.515,407,0,0.0,191,182988.4713888889,119338.0025,2939.2547914049765
748,Customer,118630.5,186043.935,308,0,0.0,191,182988.4713888889,119338.0025,3136.3063731610077
950,Customer,123250.59,185232.4475,364,0,0.0,191,182988.4713888889,119338.0025,4510.406825597173
1810,Customer,117890.4125,185670.27,394,0,0.0,191,182988.4713888889,119338.0025,3047.5499337430697
1867,Customer,121810.225,184402.35,255,0,0.0,191,182988.4713888889,119338.0025,2847.9706488065767
1928,Customer,116441.245,180615.06,367,0,0.0,191,182988.4713888889,119338.0025,3744.901285042613
2149,Customer,117888.28,177257.005,295,0,0.0,191,182988.4713888889,119338.0025,5911.971100569531
2376,Customer,117117.275,183417.225,380,0,0.0,191,182988.4713888889,119338.0025,2261.7383332952345
120,Facility,37664.8975,124127.8325,0,5495,30422.1834,169,121324.37107142857,39573.07750000001,3391.2456257086146
319,Facility,41421.505,116533.9225,0,5574,32751.2271,169,121324.37107142857,39573.07750000001,5134.693928391276
610,Customer,42467.0525,121087.385,187,0,0.0,169,121324.37107142857,39573.07750000001,2903.662118545493
1092,Customer,42117.05,123160.385,411,0,0.0,169,121324.37107142857,39573.07750000001,3137.314652161066
1373,Customer,36198.025,122370.255,243,0,0.0,169,121324.37107142857,39573.07750000001,3533.391086449433
1531,Customer,37106.935,121664.895,345,0,0.0,169,121324.37107142857,39573.07750000001,2489.5411979390938
2651,Customer,40036.0775,120325.9225,328,0,0.0,169,121324.37107142857,39573.07750000001,1100.576462490337
121,Facility,82177.525,6941.23,0,5625,48898.9342,116,4359.222692307681,84194.97038461539,3276.7129286653235
211,Facility,87354.795,374.9175,0,5207,41967.5082,116,4359.222692307681,84194.97038461539,5085.192175861249
963,Customer,85981.415,6862.26,265,0,0.0,116,4359.222692307681,84194.97038461539,3075.1553013687408
1307,Customer,83560.425,5468.2225,397,0,0.0,116,4359.222692307681,84194.97038461539,1277.704354926555
1342,Customer,80721.65,1044.42,394,0,0.0,116,4359.222692307681,84194.97038461539,4801.236443158686
1520,Customer,85010.42,9453.125,390,0,0.0,116,4359.222692307681,84194.97038461539,5158.759424080952
1557,Customer,81967.9975,1447.3175,336,0,0.0,116,4359.222692307681,84194.97038461539,3665.8696209495256
2104,Customer,80780.8575,283.085,276,0,0.0,116,4359.222692307681,84194.97038461539,5317.054191518852
2135,Customer,86463.4725,951.48,418,0,0.0,116,4359.222692307681,84194.97038461539,4093.752814286775
2250,Customer,82105.405,9039.2175,357,0,0.0,116,4359.222692307681,84194.97038461539,5125.293640037605
2378,Customer,84665.8475,601.935,255,0,0.0,116,4359.222692307681,84194.97038461539,3786.6787638456635
2598,Customer,88011.0125,5345.6675,180,0,0.0,116,4359.222692307681,84194.97038461539,3941.47824870469
2627,Customer,85733.7925,8857.0175,378,0,0.0,116,4359.222692307681,84194.97038461539,4753.749218764147
123,Facility,112148.2275,118068.91,0,5255,56343.2086,118,116072.21675,110431.8015,2633.04047596529
701,Customer,112809.8325,117437.9125,377,0,0.0,118,116072.21675,110431.8015,2742.290341763445
856,Customer,108623.0025,115116.2075,292,0,0.0,118,116072.21675,110431.8015,2045.9001707039774
1160,Customer,110624.8325,112017.2625,389,0,0.0,118,116072.21675,110431.8015,4059.546149085405
1915,Customer,112004.3675,115734.375,399,0,0.0,118,116072.21675,110431.8015,1608.4467266276
1969,Customer,108261.765,116911.025,329,0,0.0,118,116072.21675,110431.8015,2326.511915207034
2088,Customer,110202.05,119174.67,295,0,0.0,118,116072.21675,110431.8015,3110.948717061687
2498,Customer,106442.98,117332.855,402,0,0.0,118,116072.21675,110431.8015,4183.288868369638
2527,Customer,110766.6125,116505.8975,257,0,0.0,118,116072.21675,110431.8015,547.8844756347484
2687,Customer,112434.345,112423.0525,292,0,0.0,118,116072.21675,110431.8015,4162.520893986038
124,Facility,133550.685,14054.105,0,5343,36748.1466,28,11417.742499999993,131017.41727272728,3656.207407881527
212,Facility,130845.035,16579.3525,0,5194,57161.3814,28,11417.742499999993,131017.41727272728,5164.487722906378
416,Facility,130801.04,12926.2975,0,5181,50526.5131,28,11417.742499999993,131017.41727272728,1523.9938688124444
38,Customer,126007.6475,13000.5375,346,0,0.0,28,11417.742499999993,131017.41727272728,5253.858885405747
282,Customer,130157.5075,8248.655,196,0,0.0,28,11417.742499999993,131017.41727272728,3283.680922362597
1305,Customer,131267.6575,10061.675,188,0,0.0,28,11417.742499999993,131017.41727272728,1378.9631017187282
1686,Customer,135745.6625,14135.5825,288,0,0.0,28,11417.742499999993,131017.41727272728,5453.710406212209
1836,Customer,130573.1075,11610.8475,316,0,0.0,28,11417.742499999993,131017.41727272728,484.4591986596734
2163,Customer,132083.9175,9554.3225,340,0,0.0,28,11417.742499999993,131017.41727272728,2147.034427104688
2816,Customer,132893.1225,7898.79,294,0,0.0,28,11417.742499999993,131017.41727272728,3987.6430127174617
2929,Customer,127266.2075,7525.0025,424,0,0.0,28,11417.742499999993,131017.41727272728,5406.015118976692
125,Facility,163349.825,48075.685,0,4780,46165.8012,12,49883.037749999996,160650.60775,3248.4300401317255
234,Facility,158027.185,51120.3475,0,4184,53741.0131,12,49883.037749999996,160650.60775,2900.5658659410983
143,Customer,157943.6175,51655.5725,422,0,0.0,12,49883.037749999996,160650.60775,3235.6878176908012
159,Customer,161450.735,48448.15,310,0,0.0,12,49883.037749999996,160650.60775,1642.8957578898892
558,Customer,163043.6075,52439.59,480,0,0.0,12,49883.037749999996,160650.60775,3501.7720100657907
579,Customer,162784.1925,50492.83,335,0,0.0,12,49883.037749999996,160650.60775,2219.0156542018062
644,Customer,158280.5675,52545.3375,184,0,0.0,12,49883.037749999996,160650.60775,3564.3976693783916
916,Customer,163474.64,49416.965,414,0,0.0,12,49883.037749999996,160650.60775,2862.2337356220105
2073,Customer,160511.41,45769.1,235,0,0.0,12,49883.037749999996,160650.60775,4116.291999418907
2787,Customer,157640.2975,48866.8,338,0,0.0,12,49883.037749999996,160650.60775,3177.216858475381
126,Facility,78325.2175,47040.19,0,3469,63552.7671,131,50223.11078125,80833.30265625,4052.342020451221
251,Facility,85258.14,49652.59,0,5659,55924.748,131,50223.11078125,80833.30265625,4461.466068511857
292,Facility,84876.5675,52533.955,0,5537,38015.1173,131,50223.11078125,80833.30265625,4657.03678319541
423,Facility,75876.015,46897.3875,0,4715,49877.2043,131,50223.11078125,80833.30265625,5969.517254372996
614,Customer,75453.42,50038.655,213,0,0.0,131,50223.11078125,80833.30265625,5383.043872221007
1151,Customer,84054.915,49177.91,316,0,0.0,131,50223.11078125,80833.30265625,3386.9205432852887
1299,Customer,77906.575,50739.7625,329,0,0.0,131,50223.11078125,80833.30265625,2971.979773206065
1511,Customer,89262.9725,50499.55,391,0,0.0,131,50223.11078125,80833.30265625,8434.201344305891
1529,Customer,84644.0025,49163.8775,326,0,0.0,131,50223.11078125,80833.30265625,3955.1748941436094
1749,Customer,85940.3475,51495.855,393,0,0.0,131,50223.11078125,80833.30265625,5263.248510419686
2110,Customer,75372.0475,51267.3825,363,0,0.0,131,50223.11078125,80833.30265625,5560.198854739667
2423,Customer,79549.135,53385.9025,373,0,0.0,131,50223.11078125,80833.30265625,3413.552112617033
2492,Customer,79812.0825,50083.745,294,0,0.0,131,50223.11078125,80833.30265625,1030.685901967564
2529,Customer,76115.4525,47958.9025,333,0,0.0,131,50223.11078125,80833.30265625,5233.043974371823
2644,Customer,79451.43,52551.405,342,0,0.0,131,50223.11078125,80833.30265625,2707.494414981522
2662,Customer,81434.5225,51082.7025,421,0,0.0,131,50223.11078125,80833.30265625,1048.9819938694668
127,Facility,176481.5375,45431.7725,0,4596,45345.2406,302,45631.92910714287,173747.75553571427,2741.0995048769973
498,Facility,175626.045,46792.325,0,5636,44139.9021,302,45631.92910714287,173747.75553571427,2207.8247076719017
50,Customer,173215.2425,43274.1675,257,0,0.0,302,45631.92910714287,173747.75553571427,2417.1491326193623
105,Customer,173190.6425,50268.5825,201,0,0.0,302,45631.92910714287,173747.75553571427,4670.003171311163
216,Customer,174509.5775,41995.9225,419,0,0.0,302,45631.92910714287,173747.75553571427,3714.958512884736
816,Customer,171362.6375,48136.62,305,0,0.0,302,45631.92910714287,173747.75553571427,3458.6506780897835
987,Customer,177024.71,42575.735,313,0,0.0,302,45631.92910714287,173747.75553571427,4480.932155426693
992,Customer,175048.945,45194.1025,373,0,0.0,302,45631.92910714287,173747.75553571427,1372.8751435911558
1355,Customer,170993.795,46891.0825,337,0,0.0,302,45631.92910714287,173747.75553571427,3028.162132220661
1475,Customer,172270.325,48485.2075,375,0,0.0,302,45631.92910714287,173747.75553571427,3213.097971585412
2516,Customer,173270.385,42458.775,306,0,0.0,302,45631.92910714287,173747.75553571427,3208.861108874262
2537,Customer,172689.7575,43423.4825,406,0,0.0,302,45631.92910714287,173747.75553571427,2448.794858736862
2732,Customer,168802.905,48436.0925,395,0,0.0,302,45631.92910714287,173747.75553571427,5684.617766780255
2749,Customer,177982.0725,45483.14,281,0,0.0,302,45631.92910714287,173747.75553571427,4236.9302982752
128,Facility,112077.3,160181.1925,0,4494,56064.4797,3,162042.3541666667,115362.19875,3775.510898834887
60,Customer,118796.14,165102.145,395,0,0.0,3,162042.3541666667,115362.19875,4599.377398322745
176,Customer,114724.7025,163197.825,325,0,0.0,3,162042.3541666667,115362.19875,1319.664470783414
360,Customer,120057.7525,162142.155,378,0,0.0,3,162042.3541666667,115362.19875,4696.614230003689
1275,Customer,113361.94,160989.2,240,0,0.0,3,162042.3541666667,115362.19875,2260.568239562547
1319,Customer,114702.6825,160244.0075,210,0,0.0,3,162042.3541666667,115362.19875,1915.466631796341
1431,Customer,115984.8425,161796.08,327,0,0.0,3,162042.3541666667,115362.19875,669.5791249594354
2124,Customer,115813.8175,160646.1225,380,0,0.0,3,162042.3541666667,115362.19875,1467.4543816945074
2133,Customer,116908.8475,164439.2525,380,0,0.0,3,162042.3541666667,115362.19875,2852.585489729031
2144,Customer,117674.0125,162390.41,261,0,0.0,3,162042.3541666667,115362.19875,2337.867763113735
2388,Customer,109264.9825,164461.9075,541,0,0.0,3,162042.3541666667,115362.19875,6559.747276542625
2858,Customer,114979.365,158917.9525,315,0,0.0,3,162042.3541666667,115362.19875,3147.768646963835
129,Facility,27796.6725,171539.06,0,4244,64148.3431,152,170295.32785714284,26545.38107142858,1764.2561838895083
437,Facility,21881.955,173495.3275,0,6525,73485.3241,152,170295.32785714284,26545.38107142858,5655.752862171917
668,Customer,28836.79,167789.18,326,0,0.0,152,170295.32785714284,26545.38107142858,3395.7814947075885
1283,Customer,26471.515,172564.5925,374,0,0.0,152,170295.32785714284,26545.38107142858,2270.4665194250124
1439,Customer,22594.08,167126.4275,352,0,0.0,152,170295.32785714284,26545.38107142858,5065.0478408967365
2217,Customer,25815.375,171103.6225,248,0,0.0,152,170295.32785714284,26545.38107142858,1089.15062961657
2733,Customer,32421.28,168449.085,323,0,0.0,152,170295.32785714284,26545.38107142858,6159.123387815651
130,Facility,168756.4725,156095.8825,0,4992,31021.9705,98,157907.3,166035.54349999997,3268.7440986328925
452,Customer,169429.0525,155203.865,306,0,0.0,98,157907.3,166035.54349999997,4338.716876255712
496,Customer,163386.95,161627.3425,278,0,0.0,98,157907.3,166035.54349999997,4566.592135285169
697,Customer,169049.87,152308.55,239,0,0.0,98,157907.3,166035.54349999997,6358.629239946484
766,Customer,164965.0825,160184.0475,309,0,0.0,98,157907.3,166035.54349999997,2515.8429862130106
2159,Customer,163831.2025,156184.9525,432,0,0.0,98,157907.3,166035.54349999997,2797.4274172955716
2310,Customer,165678.1025,161177.445,326,0,0.0,98,157907.3,166035.54349999997,3289.621921970076
2347,Customer,164696.735,156716.9,341,0,0.0,98,157907.3,166035.54349999997,1791.4966814572097
2436,Customer,161499.86,161213.49,384,0,0.0,98,157907.3,166035.54349999997,5612.781585655381
2835,Customer,169062.1075,158360.525,424,0,0.0,98,157907.3,166035.54349999997,3060.310857857623
133,Facility,118440.05,118399.415,0,4653,47253.2751,200,119164.23516666667,125167.40966666667,6770.695530891456
411,Facility,127624.045,116998.3875,0,6277,58843.0775,200,119164.23516666667,125167.40966666667,3275.0501181183754
439,Facility,124026.555,115616.4475,0,5064,69646.281,200,119164.23516666667,125167.40966666667,3726.70721927646
192,Customer,119887.2875,118208.37,349,0,0.0,200,119164.23516666667,125167.40966666667,5365.945239356381
244,Customer,129130.085,114091.745,345,0,0.0,200,119164.23516666667,125167.40966666667,6436.843348127908
599,Customer,121491.6825,123417.7775,436,0,0.0,200,119164.23516666667,125167.40966666667,5621.707266056301
615,Customer,122083.465,117237.4175,511,0,0.0,200,119164.23516666667,125167.40966666667,3636.3912093778677
897,Customer,125235.8675,118585.215,360,0,0.0,200,119164.23516666667,125167.40966666667,583.0530236191128
1434,Customer,120787.6975,120357.9925,366,0,0.0,200,119164.23516666667,125167.40966666667,4539.486230151517
1545,Customer,130675.24,119946.81,470,0,0.0,200,119164.23516666667,125167.40966666667,5563.148240929182
1945,Customer,129376.805,117908.3375,352,0,0.0,200,119164.23516666667,125167.40966666667,4392.754036072031
1967,Customer,127024.36,119003.435,358,0,0.0,200,119164.23516666667,125167.40966666667,1863.8994699464836
1975,Customer,125779.3125,120719.7675,300,0,0.0,200,119164.23516666667,125167.40966666667,1671.5579312386412
2045,Customer,127367.4275,123161.93,264,0,0.0,200,119164.23516666667,125167.40966666667,4563.07379377593
2128,Customer,128581.265,123810.48,387,0,0.0,200,119164.23516666667,125167.40966666667,5765.587505901291
134,Facility,111649.74,55730.055,0,4258,38335.2142,340,53979.161499999995,108913.5105,3248.4734761134387
57,Customer,111148.605,52380.45,347,0,0.0,340,53979.161499999995,108913.5105,2748.003981831623
255,Customer,108854.7975,54855.4475,309,0,0.0,340,53979.161499999995,108913.5105,878.2507444716533
974,Customer,105135.0475,54318.6675,287,0,0.0,340,53979.161499999995,108913.5105,3793.685143288124
2754,Customer,107779.3625,52611.1875,329,0,0.0,340,53979.161499999995,108913.5105,1776.9762380459642
136,Facility,73057.44,165966.685,0,3747,44677.352,349,165420.3209375,76865.2434375,3846.8013605368715
342,Customer,77932.3625,169974.8525,328,0,0.0,349,165420.3209375,76865.2434375,4677.873539051668
455,Customer,77613.2575,161547.84,453,0,0.0,349,165420.3209375,76865.2434375,3944.0630888714954
481,Customer,76958.6525,167115.4325,344,0,0.0,349,165420.3209375,76865.2434375,1697.6832632379785
1133,Customer,77592.395,164365.62,334,0,0.0,349,165420.3209375,76865.2434375,1281.0712167594565
1270,Customer,74833.46,166751.6325,374,0,0.0,349,165420.3209375,76865.2434375,2429.101565053537
1904,Customer,79818.5175,164756.715,285,0,0.0,349,165420.3209375,76865.2434375,3026.912705797856
2981,Customer,77115.8625,162883.79,290,0,0.0,349,165420.3209375,76865.2434375,2548.8819335902745
138,Facility,57508.7625,101795.015,0,5225,46456.6637,128,102223.45275,60923.7265,3441.734740929501
81,Customer,58432.2525,103769.995,362,0,0.0,128,102223.45275,60923.7265,2932.445331751477
243,Customer,60955.625,99892.47,320,0,0.0,128,102223.45275,60923.7265,2331.2009984340243
257,Customer,63697.9125,100733.7825,376,0,0.0,128,102223.45275,60923.7265,3148.845092463435
712,Customer,63819.92,100335.4975,426,0,0.0,128,102223.45275,60923.7265,3457.211566486034
884,Customer,60050.5025,101912.685,451,0,0.0,128,102223.45275,60923.7265,926.8747211009979
1756,Customer,63351.6675,106375.2025,269,0,0.0,128,102223.45275,60923.7265,4809.565831351736
1796,Customer,63563.02,102855.89,476,0,0.0,128,102223.45275,60923.7265,2714.009405718745
2371,Customer,59067.9775,103564.905,340,0,0.0,128,102223.45275,60923.7265,2289.824991136016
2782,Customer,58789.625,100999.085,223,0,0.0,128,102223.45275,60923.7265,2460.3791576792137
139,Facility,49766.9475,12886.895,0,6564,52628.8264,324,15780.771562499998,51682.7834375,3470.5833657186954
392,Facility,53675.1275,17575.6625,0,5398,50891.4531,324,15780.771562499998,51682.7834375,2681.6167401212715
333,Customer,50072.4675,11713.5425,213,0,0.0,324,15780.771562499998,51682.7834375,4374.410779226288
587,Customer,54495.29,11152.6425,269,0,0.0,324,15780.771562499998,51682.7834375,5415.696795728383
635,Customer,52321.5125,18212.2675,425,0,0.0,324,15780.771562499998,51682.7834375,2513.990316083406
665,Customer,47591.1925,16452.895,393,0,0.0,324,15780.771562499998,51682.7834375,4146.42813938322
1716,Customer,50386.0075,20184.785,316,0,0.0,324,15780.771562499998,51682.7834375,4590.9652786488805
2684,Customer,55153.7225,18067.4825,258,0,0.0,324,15780.771562499998,51682.7834375,4156.496708439755
141,Facility,4140.3125,2399.7,0,4938,54848.8325,112,2207.056249999994,10140.290000000008,6003.069349501171
283,Customer,7462.125,1486.4075,305,0,0.0,112,2207.056249999994,10140.290000000008,2773.4279129087886
907,Customer,12948.5525,825.76,391,0,0.0,112,2207.056249999994,10140.290000000008,3129.587448717522
1339,Customer,14914.5975,590.735,284,0,0.0,112,2207.056249999994,10140.290000000008,5040.486731235161
1443,Customer,9219.3975,3572.9525,330,0,0.0,112,2207.056249999994,10140.290000000008,1647.3358984494766
1999,Customer,12156.755,4366.7825,361,0,0.0,112,2207.056249999994,10140.290000000008,2954.750170685172
142,Facility,10085.08,106072.8575,0,4851,43258.5732,139,104733.79214285714,10634.512142857144,1447.401710066945
241,Facility,11919.1275,106736.7225,0,4594,39184.1289,139,104733.79214285714,10634.512142857144,2379.488733188644
1064,Customer,7939.18,107028.0475,311,0,0.0,139,104733.79214285714,10634.512142857144,3539.5512433213316
1563,Customer,10729.22,103263.475,291,0,0.0,139,104733.79214285714,10634.512142857144,1473.364204392168
2090,Customer,13508.0375,103139.38,389,0,0.0,139,104733.79214285714,10634.512142857144,3286.228546439409
2518,Customer,9935.86,98083.11,314,0,0.0,139,104733.79214285714,10634.512142857144,6687.278054787145
2911,Customer,10325.08,108812.9525,288,0,0.0,139,104733.79214285714,10634.512142857144,4090.879791721947
144,Facility,69278.0,119723.835,0,5195,39807.8219,237,121720.0767857143,69381.995,1998.9487804985804
461,Customer,69777.0375,124551.13,411,0,0.0,237,121720.0767857143,69381.995,2858.4822684291253
1362,Customer,72157.6325,125232.01,398,0,0.0,237,121720.0767857143,69381.995,4476.3644213814205
1403,Customer,71811.2175,120590.9475,384,0,0.0,237,121720.0767857143,69381.995,2678.815950819307
2211,Customer,66333.6425,124088.175,262,0,0.0,237,121720.0767857143,69381.995,3860.0961279169433
2871,Customer,69623.0,119253.8,363,0,0.0,237,121720.0767857143,69381.995,2478.0243327655626
2924,Customer,66693.435,118600.64,315,0,0.0,237,121720.0767857143,69381.995,4118.159872281249
146,Facility,99788.9525,92378.0825,0,4965,39942.122,279,92171.89708333333,95978.74458333333,3815.782592637498
193,Facility,92281.3375,88607.275,0,5369,45497.9949,279,92171.89708333333,95978.74458333333,5135.888407751013
401,Facility,95855.26,90624.17,0,5251,59533.0129,279,92171.89708333333,95978.74458333333,1552.6453448242805
1454,Customer,96960.4725,93612.3925,269,0,0.0,279,92171.89708333333,95978.74458333333,1743.2202235519096
1887,Customer,95617.9,93871.6175,285,0,0.0,279,92171.89708333333,95978.74458333333,1737.6013087456245
2663,Customer,95368.545,93937.845,313,0,0.0,279,92171.89708333333,95978.74458333333,1868.3992014233822
147,Facility,6305.125,81425.0225,0,5460,49331.883,338,78344.89208333334,3894.651666666672,3911.212737040298
1485,Customer,5404.0375,75901.445,314,0,0.0,338,78344.89208333334,3894.651666666672,2872.051399769425
1589,Customer,4497.2775,77136.5825,337,0,0.0,338,78344.89208333334,3894.651666666672,1350.2481046740509
1619,Customer,1281.125,82382.345,353,0,0.0,338,78344.89208333334,3894.651666666672,4809.526763796823
1944,Customer,1249.6875,72409.7275,232,0,0.0,338,78344.89208333334,3894.651666666672,6497.846879867609
2394,Customer,4630.6575,80814.23,308,0,0.0,338,78344.89208333334,3894.651666666672,2576.6905777349966
148,Facility,90927.2775,26654.09,0,5177,50437.9878,333,22901.656944444447,89111.10666666666,4168.840406189315
185,Customer,92955.53,20449.5725,333,0,0.0,333,22901.656944444447,89111.10666666666,4559.858428565986
829,Customer,89434.0625,18525.6825,293,0,0.0,333,22901.656944444447,89111.10666666666,4387.875660124718
1617,Customer,92744.7925,27043.365,353,0,0.0,333,22901.656944444447,89111.10666666666,5509.7566509621065
1724,Customer,85487.76,24065.7575,289,0,0.0,333,22901.656944444447,89111.10666666666,3805.7550066037065
1727,Customer,84593.495,22534.4325,354,0,0.0,333,22901.656944444447,89111.10666666666,4532.512433893622
2192,Customer,88799.495,21827.3325,372,0,0.0,333,22901.656944444447,89111.10666666666,1118.603970462131
2275,Customer,88439.0275,23947.5725,361,0,0.0,333,22901.656944444447,89111.10666666666,1243.2335885184386
2707,Customer,88618.52,21067.1075,299,0,0.0,333,22901.656944444447,89111.10666666666,1899.5297545153644
150,Facility,193986.6775,93233.8325,0,5812,52660.7117,184,93001.68545454546,194436.9234090909,506.5704584422357
376,Facility,199259.225,89576.21,0,6713,58448.6553,184,93001.68545454546,194436.9234090909,5915.105639240759
452,Facility,192597.225,93227.01,0,5342,58981.6404,184,93001.68545454546,194436.9234090909,1853.4458144752618
164,Customer,195830.6325,91739.5925,388,0,0.0,184,93001.68545454546,194436.9234090909,1880.2403186816214
349,Customer,188699.465,96588.5425,322,0,0.0,184,93001.68545454546,194436.9234090909,6766.3854797502345
553,Customer,193112.17,92329.7875,285,0,0.0,184,93001.68545454546,194436.9234090909,1485.4017827578805
630,Customer,192995.84,93327.94,402,0,0.0,184,93001.68545454546,194436.9234090909,1477.5531869908498
876,Customer,194103.295,94532.6325,357,0,0.0,184,93001.68545454546,194436.9234090909,1566.878033332058
1076,Customer,198666.6675,89225.925,442,0,0.0,184,93001.68545454546,194436.9234090909,5669.841451459627
1740,Customer,196579.8775,95134.35,205,0,0.0,184,93001.68545454546,194436.9234090909,3023.3276863719084
2478,Customer,192975.0825,94102.7175,293,0,0.0,184,93001.68545454546,194436.9234090909,1830.0957375529727
151,Facility,30598.3725,61700.96,0,5042,63385.6899,199,57943.83113636363,34115.796590909085,5146.677523730927
420,Facility,34943.785,59384.6575,0,4987,59822.1249,199,57943.83113636363,34115.796590909085,1661.7898229735656
430,Facility,32793.1025,55221.3275,0,6129,39529.1437,199,57943.83113636363,34115.796590909085,3026.8045374848716
251,Customer,36304.68,54543.6275,308,0,0.0,199,57943.83113636363,34115.796590909085,4043.834238360162
714,Customer,30907.35,56263.9125,365,0,0.0,199,57943.83113636363,34115.796590909085,3621.63721975545
1246,Customer,37744.71,60264.08,270,0,0.0,199,57943.83113636363,34115.796590909085,4307.269125546452
1457,Customer,37624.305,57644.1675,405,0,0.0,199,57943.83113636363,34115.796590909085,3521.2823731732074
1960,Customer,36107.6825,57272.0175,396,0,0.0,199,57943.83113636363,34115.796590909085,2102.1282160798546
2317,Customer,32424.1225,54593.195,290,0,0.0,199,57943.83113636363,34115.796590909085,3753.4682292726125
2652,Customer,34037.685,55337.3475,321,0,0.0,199,57943.83113636363,34115.796590909085,2607.653805102531
2949,Customer,31787.9675,65156.85,369,0,0.0,199,57943.83113636363,34115.796590909085,7579.342280413037
152,Facility,168002.8575,136458.12,0,5564,67328.658,49,133020.1785,165318.23125,4361.955967179314
98,Customer,167795.3675,136866.4825,433,0,0.0,49,133020.1785,165318.23125,4574.959940969975
157,Customer,166001.4,135326.3875,334,0,0.0,49,133020.1785,165318.23125,2405.2691102364306
445,Customer,165958.5725,129345.415,356,0,0.0,49,133020.1785,165318.23125,3730.1372223262674
1082,Customer,159823.855,133171.025,338,0,0.0,49,133020.1785,165318.23125,5496.446583305101
1448,Customer,166031.725,126143.285,321,0,0.0,49,133020.1785,165318.23125,6913.807745492449
2171,Customer,161957.5625,131386.3475,569,0,0.0,49,133020.1785,165318.23125,3736.7764428431706
2341,Customer,166144.02,135605.8125,395,0,0.0,49,133020.1785,165318.23125,2714.3010594962525
2665,Customer,165721.2225,136860.3475,334,0,0.0,49,133020.1785,165318.23125,3861.2562588019864
2698,Customer,165745.73,129038.5625,355,0,0.0,49,133020.1785,165318.23125,4004.500112711652
153,Facility,100720.5,193339.21,0,5295,28948.6086,67,195064.63214285712,103180.105,3004.4530828566253
400,Customer,105783.07,192067.17,338,0,0.0,67,195064.63214285712,103180.105,3969.9126047164573
753,Customer,101665.21,198759.98,373,0,0.0,67,195064.63214285712,103180.105,3993.8080382406324
1552,Customer,106481.8,196935.6175,364,0,0.0,67,195064.63214285712,103180.105,3794.9672040306323
2194,Customer,105198.045,199844.005,407,0,0.0,67,195064.63214285712,103180.105,5187.917380914437
2328,Customer,101846.6925,196044.0275,319,0,0.0,67,195064.63214285712,103180.105,1654.4498060531305
2491,Customer,100565.4175,188462.415,393,0,0.0,67,195064.63214285712,103180.105,7101.116949050525
154,Facility,42541.2775,484.8075,0,6776,53130.2337,105,5017.065000000002,45669.8040625,5507.180449065961
440,Facility,46817.435,3058.6325,0,5330,45950.3671,105,5017.065000000002,45669.8040625,2269.915114219777
160,Customer,45466.0725,5319.2225,313,0,0.0,105,5017.065000000002,45669.8040625,364.4251697741785
270,Customer,48989.4025,4313.045,363,0,0.0,105,5017.065000000002,45669.8040625,3393.431588621233
503,Customer,42822.7075,8486.6575,305,0,0.0,105,5017.065000000002,45669.8040625,4488.210217030343
841,Customer,46378.6825,6524.655,375,0,0.0,105,5017.065000000002,45669.8040625,1665.9340464893676
1778,Customer,49234.915,7584.5025,378,0,0.0,105,5017.065000000002,45669.8040625,4393.375844733566
2667,Customer,43107.94,4364.9975,372,0,0.0,105,5017.065000000002,45669.8040625,2643.546765102755
155,Facility,180731.74,79271.065,0,5147,34403.2569,294,79079.64,180979.1209375,312.79523471975455
385,Customer,180708.9275,75670.2775,254,0,0.0,294,79079.64,180979.1209375,3420.0522145245595
578,Customer,180810.83,81527.1125,376,0,0.0,294,79079.64,180979.1209375,2453.2516132473856
1147,Customer,179874.1825,75564.575,224,0,0.0,294,79079.64,180979.1209375,3684.639860948418
1522,Customer,179564.3725,82817.0525,365,0,0.0,294,79079.64,180979.1209375,3996.2188799620326
1802,Customer,178130.2,78943.795,343,0,0.0,294,79079.64,180979.1209375,2852.157844887066
1912,Customer,183602.875,81281.095,475,0,0.0,294,79079.64,180979.1209375,3424.980218557509
2679,Customer,184409.84,77562.1475,273,0,0.0,294,79079.64,180979.1209375,3751.3486605962207
157,Facility,105541.675,177696.3775,0,5890,33333.1955,25,180055.3140625,107488.78859375,3058.730627705763
329,Facility,113116.8475,178486.7875,0,4005,67373.6946,25,180055.3140625,107488.78859375,5842.544191487819
18,Customer,108173.215,178256.1125,346,0,0.0,25,180055.3140625,107488.78859375,1924.9846150228716
209,Customer,108859.6075,186937.99,382,0,0.0,25,180055.3140625,107488.78859375,7017.860965734068
464,Customer,108769.78,177204.5825,403,0,0.0,25,180055.3140625,107488.78859375,3125.3174917630495
717,Customer,100932.4575,182485.43,341,0,0.0,25,180055.3140625,107488.78859375,6992.205723558515
908,Customer,103957.2775,184104.6925,295,0,0.0,25,180055.3140625,107488.78859375,5372.991376818814
1237,Customer,104575.5075,177340.86,312,0,0.0,25,180055.3140625,107488.78859375,3981.8924632169474
1271,Customer,111644.1425,184052.4275,351,0,0.0,25,180055.3140625,107488.78859375,5765.750767977248
1897,Customer,107565.8725,180143.4825,168,0,0.0,25,180055.3140625,107488.78859375,117.11362847232489
2327,Customer,107460.13,175002.8325,351,0,0.0,25,180055.3140625,107488.78859375,5052.562840222595
2520,Customer,107304.775,177277.2775,451,0,0.0,25,180055.3140625,107488.78859375,2784.1243049245472
2709,Customer,107832.8575,177240.23,260,0,0.0,25,180055.3140625,107488.78859375,2836.032738032036
2795,Customer,108621.1575,176407.445,286,0,0.0,25,180055.3140625,107488.78859375,3819.582180944189
2868,Customer,106861.1625,181142.6775,288,0,0.0,25,180055.3140625,107488.78859375,1255.4974148789315
2967,Customer,108604.1525,187105.82,404,0,0.0,25,180055.3140625,107488.78859375,7138.183986007099
158,Facility,78071.335,118077.185,0,3858,45300.2747,8,116913.62328125001,78533.6446875,1252.0407822817776
174,Facility,80425.62,118127.175,0,5374,72770.5461,8,116913.62328125001,78533.6446875,2247.727376082458
383,Facility,83473.2125,116139.145,0,5263,50146.1961,8,116913.62328125001,78533.6446875,4999.914677513405
84,Customer,75514.355,116881.605,373,0,0.0,8,116913.62328125001,78533.6446875,3019.4594528455013
378,Customer,80116.4375,120265.32,420,0,0.0,8,116913.62328125001,78533.6446875,3706.6297335694553
594,Customer,75398.325,121589.6975,296,0,0.0,8,116913.62328125001,78533.6446875,5629.911157565754
692,Customer,75051.1775,117494.8025,281,0,0.0,8,116913.62328125001,78533.6446875,3530.629829976651
696,Customer,80817.42,119366.36,442,0,0.0,8,116913.62328125001,78533.6446875,3351.3500398330452
803,Customer,81901.72,109480.73,238,0,0.0,8,116913.62328125001,78533.6446875,8160.381966619185
836,Customer,78155.4825,115472.73,270,0,0.0,8,116913.62328125001,78533.6446875,1489.6912727159995
868,Customer,76996.1825,118131.8775,304,0,0.0,8,116913.62328125001,78533.6446875,1961.61497738329
1096,Customer,77129.4675,114634.135,369,0,0.0,8,116913.62328125001,78533.6446875,2677.271072986736
1306,Customer,79594.9175,111058.5375,302,0,0.0,8,116913.62328125001,78533.6446875,5950.489852806038
2222,Customer,80363.03,119979.1575,448,0,0.0,8,116913.62328125001,78533.6446875,3569.8950499864636
2351,Customer,78479.4475,117414.55,443,0,0.0,8,116913.62328125001,78533.6446875,503.8500895013769
2595,Customer,75050.185,116504.965,298,0,0.0,8,116913.62328125001,78533.6446875,3507.3484265569914
159,Facility,145833.4075,0.0,0,4778,45513.9196,316,7407.788269230776,148198.14846153848,7776.074000222158
213,Facility,147210.1625,9750.4675,0,5256,71701.8114,316,7407.788269230776,148198.14846153848,2542.4913448180305
379,Facility,153344.0925,9139.9125,0,4759,45467.8376,316,7407.788269230776,148198.14846153848,5429.6403562110345
291,Customer,144156.69,10193.4225,430,0,0.0,316,7407.788269230776,148198.14846153848,4908.476806910086
382,Customer,148631.5025,2528.225,351,0,0.0,316,7407.788269230776,148198.14846153848,4898.768561697627
449,Customer,148359.055,3610.865,302,0,0.0,316,7407.788269230776,148198.14846153848,3800.331199585871
632,Customer,152205.2675,10659.885,194,0,0.0,316,7407.788269230776,148198.14846153848,5160.730193943539
1785,Customer,146243.3325,6740.0875,420,0,0.0,316,7407.788269230776,148198.14846153848,2065.703212157312
1835,Customer,151670.585,11334.755,310,0,0.0,316,7407.788269230776,148198.14846153848,5242.030448043093
2067,Customer,146364.0225,10246.785,366,0,0.0,316,7407.788269230776,148198.14846153848,3379.9290643603513
2086,Customer,148884.3475,9756.2675,311,0,0.0,316,7407.788269230776,148198.14846153848,2446.6760753601857
2256,Customer,145160.1625,4020.5425,393,0,0.0,316,7407.788269230776,148198.14846153848,4550.032154136568
2834,Customer,148513.3025,8320.0325,376,0,0.0,316,7407.788269230776,148198.14846153848,965.1484883324066
161,Facility,45892.96,99807.1425,0,5279,43660.2197,107,106940.59229166666,45990.57145833334,7134.117599747502
169,Facility,49961.1775,105037.9525,0,4414,28614.7839,107,106940.59229166666,45990.57145833334,4402.925222503004
273,Customer,45489.625,111363.5475,326,0,0.0,107,106940.59229166666,45990.57145833334,4451.2335513922135
539,Customer,47462.6,100817.5825,347,0,0.0,107,106940.59229166666,45990.57145833334,6297.469089747645
965,Customer,45497.685,107786.6725,472,0,0.0,107,106940.59229166666,45990.57145833334,979.177603778688
988,Customer,49346.065,106950.255,364,0,0.0,107,106940.59229166666,45990.57145833334,3355.507454335189
1014,Customer,44965.1075,110220.5325,147,0,0.0,107,106940.59229166666,45990.57145833334,3436.5075440165183
1350,Customer,41095.74,111887.535,373,0,0.0,107,106940.59229166666,45990.57145833334,6959.282805363074
1569,Customer,46577.96,110861.715,424,0,0.0,107,106940.59229166666,45990.57145833334,3964.874347654493
1596,Customer,44790.505,104497.72,342,0,0.0,107,106940.59229166666,45990.57145833334,2721.7245521561226
2100,Customer,44847.94,105963.99,374,0,0.0,107,106940.59229166666,45990.57145833334,1503.1163247272418
2137,Customer,45959.4925,108092.4625,398,0,0.0,107,106940.59229166666,45990.57145833334,1152.289407439365
163,Facility,14006.515,174231.8225,0,4763,54796.1627,37,172974.6622222222,14375.82194444444,1310.2822532711368
193,Customer,16031.945,170089.875,298,0,0.0,37,172974.6622222222,14375.82194444444,3326.3705284647885
263,Customer,11234.95,171124.6375,397,0,0.0,37,172974.6622222222,14375.82194444444,3645.2253763288013
355,Customer,14294.235,177860.86,326,0,0.0,37,172974.6622222222,14375.82194444444,4886.878876447055
501,Customer,12775.9275,174171.9875,344,0,0.0,37,172974.6622222222,14375.82194444444,1998.311801038532
684,Customer,17878.2825,171183.165,359,0,0.0,37,172974.6622222222,14375.82194444444,3934.0427349550196
933,Customer,15846.78,176343.0425,204,0,0.0,37,172974.6622222222,14375.82194444444,3675.5548284478587
1044,Customer,11446.6425,170901.635,353,0,0.0,37,172974.6622222222,14375.82194444444,3588.5281219227004
1407,Customer,15867.12,170864.935,258,0,0.0,37,172974.6622222222,14375.82194444444,2583.5864302726886
164,Facility,32345.4275,113396.5325,0,4386,39885.0141,126,116822.16083333333,32283.605416666673,3426.186137401723
451,Facility,29655.835,119314.115,0,4838,36088.5889,126,116822.16083333333,32283.605416666673,3621.4655778394413
470,Facility,31656.695,115963.0175,0,5838,34508.0121,126,116822.16083333333,32283.605416666673,1063.5525082177562
43,Customer,35330.34,118525.02,274,0,0.0,126,116822.16083333333,32283.605416666673,3490.3181750064005
390,Customer,30511.6975,115734.1075,297,0,0.0,126,116822.16083333333,32283.605416666673,2079.30702911422
847,Customer,28815.4925,117724.875,333,0,0.0,126,116822.16083333333,32283.605416666673,3583.671311581312
899,Customer,34890.3725,116771.2825,363,0,0.0,126,116822.16083333333,32283.605416666673,2607.26355237688
1047,Customer,29781.645,113292.975,378,0,0.0,126,116822.16083333333,32283.605416666673,4326.078891186276
1201,Customer,34977.7125,116106.02,298,0,0.0,126,116822.16083333333,32283.605416666673,2787.6640166336697
1934,Customer,32724.905,116637.53,411,0,0.0,126,116822.16083333333,32283.605416666673,478.36582953585514
2397,Customer,32305.865,120440.21,440,0,0.0,126,116822.16083333333,32283.605416666673,3618.1176406340937
2513,Customer,34407.2775,117960.245,320,0,0.0,126,116822.16083333333,32283.605416666673,2409.402143260162
165,Facility,193049.7325,27200.9675,0,3784,59589.2252,242,28276.079375000016,193411.8421875,1134.4553625186823
148,Customer,191669.375,26943.7575,313,0,0.0,242,28276.079375000016,193411.8421875,2193.4615287526103
328,Customer,191632.695,27540.2575,296,0,0.0,242,28276.079375000016,193411.8421875,1925.3047931477486
518,Customer,191436.9125,25255.6175,327,0,0.0,242,28276.079375000016,193411.8421875,3608.8138229752803
1627,Customer,199073.0975,34104.23,279,0,0.0,242,28276.079375000016,193411.8421875,8125.093933056847
1888,Customer,192277.855,26530.4825,296,0,0.0,242,28276.079375000016,193411.8421875,2081.5944349041615
2031,Customer,189645.8,25461.34,575,0,0.0,242,28276.079375000016,193411.8421875,4701.683901242766
2845,Customer,198509.27,33171.9825,402,0,0.0,242,28276.079375000016,193411.8421875,7067.788742812914
166,Facility,2564.4875,159420.2325,0,4152,36055.9249,336,161062.33825000003,4561.027749999994,2585.088830979151
36,Customer,5833.69,163815.545,328,0,0.0,336,161062.33825000003,4561.027749999994,3033.119946658975
101,Customer,4971.2,164797.6175,346,0,0.0,336,161062.33825000003,4561.027749999994,3757.7323414727607
169,Customer,5474.655,161874.915,432,0,0.0,336,161062.33825000003,4561.027749999994,1222.7001785323746
763,Customer,5841.11,159382.4125,256,0,0.0,336,161062.33825000003,4561.027749999994,2112.0513943269043
1017,Customer,8743.7025,161079.94,341,0,0.0,336,161062.33825000003,4561.027749999994,4182.711786137155
1575,Customer,410.5475,158739.73,292,0,0.0,336,161062.33825000003,4561.027749999994,4756.153423577521
1948,Customer,6333.6075,158639.72,417,0,0.0,336,161062.33825000003,4561.027749999994,3001.8524539596024
1949,Customer,1668.62,165100.5575,366,0,0.0,336,161062.33825000003,4561.027749999994,4967.2162529258085
2482,Customer,3768.6575,157772.7125,392,0,0.0,336,161062.33825000003,4561.027749999994,3383.7092351661
167,Facility,21515.84,4918.555,0,5056,42856.685,342,3338.511999999988,22812.72275,2044.1234671850434
434,Facility,22997.86,1330.555,0,4448,46232.1132,342,3338.511999999988,22812.72275,2016.473931194379
61,Customer,17778.0825,2277.585,363,0,0.0,342,3338.511999999988,22812.72275,5145.208309315478
65,Customer,22573.33,4464.6625,342,0,0.0,342,3338.511999999988,22812.72275,1151.313961264624
1711,Customer,24155.795,1746.93,322,0,0.0,342,3338.511999999988,22812.72275,2082.5408354805477
2032,Customer,25693.175,3894.1375,261,0,0.0,342,3338.511999999988,22812.72275,2933.551577998982
2161,Customer,21597.9975,640.4775,455,0,0.0,342,3338.511999999988,22812.72275,2958.8760697565126
2398,Customer,26632.5675,3423.5425,334,0,0.0,342,3338.511999999988,22812.72275,3820.791030667971
2921,Customer,22631.7525,2261.675,445,0,0.0,342,3338.511999999988,22812.72275,1091.937798573727
2990,Customer,22550.8275,8427.0,362,0,0.0,342,3338.511999999988,22812.72275,5095.22317942175
168,Facility,81029.7075,187091.1375,0,5492,48821.568,307,185740.7275,83008.19125,2395.4133499490376
304,Facility,83290.9525,191181.4675,0,4572,65061.7274,307,185740.7275,83008.19125,5448.082751950585
315,Facility,82429.015,190444.4325,0,4688,70896.42,307,185740.7275,83008.19125,4739.22840297753
328,Facility,81393.6675,188729.2675,0,4014,67664.6813,307,185740.7275,83008.19125,3396.771742539372
357,Facility,81042.685,187282.66,0,5104,40636.5952,307,185740.7275,83008.19125,2498.1534487187373
516,Customer,82475.6625,183453.21,286,0,0.0,307,185740.7275,83008.19125,2348.6854157981406
526,Customer,84193.655,181668.525,297,0,0.0,307,185740.7275,83008.19125,4241.24480589961
597,Customer,85516.4475,187093.9825,340,0,0.0,307,185740.7275,83008.19125,2850.0260543877544
819,Customer,85050.3675,185730.505,366,0,0.0,307,185740.7275,83008.19125,2042.2018351696458
969,Customer,80866.7075,182249.08,194,0,0.0,307,185740.7275,83008.19125,4096.041371345077
1046,Customer,83204.5625,181977.57,319,0,0.0,307,185740.7275,83008.19125,3768.2775956175014
1637,Customer,79851.24,182686.3275,214,0,0.0,307,185740.7275,83008.19125,4392.687167882151
2688,Customer,85058.6825,187408.6275,276,0,0.0,307,185740.7275,83008.19125,2643.1808065901414
2977,Customer,86711.325,183373.3925,343,0,0.0,307,185740.7275,83008.19125,4395.164908466361
172,Facility,49594.19,140563.9375,0,6262,52833.0085,43,136051.77694444446,52184.893055555556,5203.012127717578
343,Customer,54806.1775,132105.975,276,0,0.0,43,136051.77694444446,52184.893055555556,4737.138917476245
1467,Customer,51347.6375,139104.0,401,0,0.0,43,136051.77694444446,52184.893055555556,3164.9743199864142
1524,Customer,56506.9225,132485.385,319,0,0.0,43,136051.77694444446,52184.893055555556,5603.489093416976
1982,Customer,55282.3625,132102.7225,203,0,0.0,43,136051.77694444446,52184.893055555556,5018.899078926919
2465,Customer,51689.865,135210.415,150,0,0.0,43,136051.77694444446,52184.893055555556,976.1878391715704
2539,Customer,49980.3225,139331.75,303,0,0.0,43,136051.77694444446,52184.893055555556,3952.0063992348105
2896,Customer,50390.8175,132495.7375,369,0,0.0,43,136051.77694444446,52184.893055555556,3982.9792404037094
2938,Customer,50065.7425,141066.07,245,0,0.0,43,136051.77694444446,52184.893055555556,5443.70589985389
175,Facility,135918.83,114343.025,0,4247,72509.6766,129,116301.18604166666,135543.70354166668,1993.7689246356451
15,Customer,136700.575,121172.76,337,0,0.0,129,116301.18604166666,135543.70354166668,5007.053465124754
387,Customer,133113.82,120332.575,297,0,0.0,129,116301.18604166666,135543.70354166668,4707.0618181020845
852,Customer,132119.6975,113627.5325,251,0,0.0,129,116301.18604166666,135543.70354166668,4344.219220324466
1397,Customer,131973.3475,113447.4225,560,0,0.0,129,116301.18604166666,135543.70354166668,4570.712046936621
1605,Customer,134788.605,120295.4875,223,0,0.0,129,116301.18604166666,135543.70354166668,4065.048332759525
1900,Customer,139710.765,120390.0175,322,0,0.0,129,116301.18604166666,135543.70354166668,5838.059942496609
2117,Customer,133785.845,119218.805,317,0,0.0,129,116301.18604166666,135543.70354166668,3406.2541065717005
2162,Customer,136975.2275,116878.32,346,0,0.0,129,116301.18604166666,135543.70354166668,1543.4845153560325
2335,Customer,135441.9575,111448.81,444,0,0.0,129,116301.18604166666,135543.70354166668,4853.442644838349
2706,Customer,137789.05,110753.3875,354,0,0.0,129,116301.18604166666,135543.70354166668,5984.951910990489
2744,Customer,138206.7225,113706.09,318,0,0.0,129,116301.18604166666,135543.70354166668,3718.3589710941983
179,Facility,66380.215,139274.205,0,4995,50665.7656,329,143876.86055555556,65092.04277777778,4779.521507137661
262,Facility,66245.4725,140945.5425,0,6366,74433.6568,329,143876.86055555556,65092.04277777778,3150.083438090422
354,Facility,67977.0625,145114.5075,0,5648,25994.5743,329,143876.86055555556,65092.04277777778,3139.2847524083986
188,Customer,65925.715,145726.1425,355,0,0.0,329,143876.86055555556,65092.04277777778,2028.5100650854824
423,Customer,63072.975,145029.555,312,0,0.0,329,143876.86055555556,65092.04277777778,2324.9385311258407
1673,Customer,64202.305,146391.635,263,0,0.0,329,143876.86055555556,65092.04277777778,2667.5314093063375
1861,Customer,65198.165,143116.9275,296,0,0.0,329,143876.86055555556,65092.04277777778,767.3070930047492
2026,Customer,65124.4175,146813.2425,378,0,0.0,329,143876.86055555556,65092.04277777778,2936.5604108034736
2265,Customer,61702.0575,142479.9875,320,0,0.0,329,143876.86055555556,65092.04277777778,3666.504400227446
180,Facility,100580.4125,104598.9575,0,4254,65148.9546,214,106749.8503125,99195.7771875,2558.0373022077133
384,Customer,102047.225,111895.6925,288,0,0.0,214,106749.8503125,99195.7771875,5883.064375482041
993,Customer,101419.3925,112237.93,245,0,0.0,214,106749.8503125,99195.7771875,5921.442705484408
1234,Customer,94680.9025,107633.205,358,0,0.0,214,106749.8503125,99195.7771875,4600.479208490841
2500,Customer,98530.5525,101959.4325,360,0,0.0,214,106749.8503125,99195.7771875,4836.3857066177825
2828,Customer,100289.985,102868.8425,367,0,0.0,214,106749.8503125,99195.7771875,4032.308566766941
2951,Customer,96408.8325,107631.035,273,0,0.0,214,106749.8503125,99195.7771875,2922.934680191973
2955,Customer,99608.915,105173.7075,386,0,0.0,214,106749.8503125,99195.7771875,1629.3891547180099
181,Facility,198675.005,46534.3,0,3790,39059.4407,40,43150.77884615384,196744.0205769231,3895.7561834244907
240,Facility,194550.205,41853.49,0,5227,54181.7965,40,43150.77884615384,196744.0205769231,2548.6830198958896
380,Customer,195315.875,48494.56,319,0,0.0,40,43150.77884615384,196744.0205769231,5531.328665798699
510,Customer,196081.47,45181.805,304,0,0.0,40,43150.77884615384,196744.0205769231,2136.3615107439723
1070,Customer,195755.6725,41516.5525,381,0,0.0,40,43150.77884615384,196744.0205769231,1909.8501699402852
1128,Customer,198162.245,38899.4725,425,0,0.0,40,43150.77884615384,196744.0205769231,4481.625392986306
1576,Customer,199102.455,48333.82,323,0,0.0,40,43150.77884615384,196744.0205769231,5694.394483210396
1681,Customer,198430.29,39499.7625,301,0,0.0,40,43150.77884615384,196744.0205769231,4021.619689513999
1721,Customer,197395.51,40730.825,330,0,0.0,40,43150.77884615384,196744.0205769231,2506.115537220072
1783,Customer,197909.8325,38867.755,309,0,0.0,40,43150.77884615384,196744.0205769231,4438.852408755068
1954,Customer,196375.56,43891.5325,479,0,0.0,40,43150.77884615384,196744.0205769231,827.3325645911358
2216,Customer,192552.54,43157.485,289,0,0.0,40,43150.77884615384,196744.0205769231,4191.485941670676
2946,Customer,197365.6075,43998.765,387,0,0.0,40,43150.77884615384,196744.0205769231,1051.4042134474432
182,Facility,33767.49,191124.255,0,4360,26407.8643,20,187743.31772727275,36082.38590909091,4097.4967860929755
367,Facility,37951.5275,188026.145,0,6638,51532.8521,20,187743.31772727275,36082.38590909091,1890.4183539800074
505,Customer,38058.6425,187813.165,374,0,0.0,20,187743.31772727275,36082.38590909091,1977.4905194764049
679,Customer,33518.52,186149.3975,359,0,0.0,20,187743.31772727275,36082.38590909091,3018.9385702110285
1085,Customer,34493.8825,187419.42,362,0,0.0,20,187743.31772727275,36082.38590909091,1621.1887053720448
1857,Customer,39163.98,183115.5025,310,0,0.0,20,187743.31772727275,36082.38590909091,5559.936682994091
1926,Customer,41045.4925,186149.7125,267,0,0.0,20,187743.31772727275,36082.38590909091,5212.677301839843
1987,Customer,29311.555,186812.315,270,0,0.0,20,187743.31772727275,36082.38590909091,6834.538556310157
2118,Customer,36346.7975,189110.92,287,0,0.0,20,187743.31772727275,36082.38590909091,1392.9283778342144
2261,Customer,38121.5875,189650.8525,336,0,0.0,20,187743.31772727275,36082.38590909091,2792.316607680764
2418,Customer,35126.77,189804.81,338,0,0.0,20,187743.31772727275,36082.38590909091,2272.2130525595117
183,Facility,12561.5,160468.7725,0,4851,49498.5637,147,159567.05538461538,14642.108846153831,2267.603785248015
198,Facility,13419.325,161274.7375,0,4215,52358.4523,147,159567.05538461538,14642.108846153831,2100.3281985487915
149,Customer,17453.1775,158528.245,311,0,0.0,147,159567.05538461538,14642.108846153831,2996.8706998836774
764,Customer,17277.835,159359.3925,283,0,0.0,147,159567.05538461538,14642.108846153831,2643.894141548693
961,Customer,12820.555,163261.5625,298,0,0.0,147,159567.05538461538,14642.108846153831,4119.155403728465
1159,Customer,11616.2975,158002.61,387,0,0.0,147,159567.05538461538,14642.108846153831,3406.3211334161756
1274,Customer,11099.7075,156831.63,383,0,0.0,147,159567.05538461538,14642.108846153831,4475.618318403685
1483,Customer,14792.8925,158117.45,233,0,0.0,147,159567.05538461538,14642.108846153831,1457.4263210787244
2033,Customer,13011.6025,158159.1225,414,0,0.0,147,159567.05538461538,14642.108846153831,2154.257633717309
2169,Customer,14065.2675,154114.94,357,0,0.0,147,159567.05538461538,14642.108846153831,5482.545768691059
2244,Customer,17000.825,160831.2175,266,0,0.0,147,159567.05538461538,14642.108846153831,2676.1255105821524
2462,Customer,17700.97,161982.175,368,0,0.0,147,159567.05538461538,14642.108846153831,3897.362481874714
2989,Customer,17527.46,163439.865,300,0,0.0,147,159567.05538461538,14642.108846153831,4829.482953486525
184,Facility,141352.4675,105513.4975,0,5291,63666.5265,208,104275.54583333334,141264.991875,1241.038401489616
278,Facility,144750.39,106168.0575,0,4240,48396.4162,208,104275.54583333334,141264.991875,3966.056038210123
398,Facility,139381.8425,105086.2475,0,5609,49322.4563,208,104275.54583333334,141264.991875,2050.241147011498
417,Facility,136791.26,102861.6825,0,3056,50410.9565,208,104275.54583333334,141264.991875,4691.8318826163695
612,Customer,141994.895,103882.34,345,0,0.0,208,104275.54583333334,141264.991875,829.0774386341163
749,Customer,142460.685,106185.5325,210,0,0.0,208,104275.54583333334,141264.991875,2253.382150461097
754,Customer,143093.105,106214.02,300,0,0.0,208,104275.54583333334,141264.991875,2664.5224136102343
1075,Customer,141970.9025,105597.74,437,0,0.0,208,104275.54583333334,141264.991875,1498.8352894348466
2085,Customer,137142.74,104048.135,302,0,0.0,208,104275.54583333334,141264.991875,4128.519856808069
2245,Customer,143054.805,102469.865,186,0,0.0,208,104275.54583333334,141264.991875,2542.4229180625266
2474,Customer,140306.9225,102357.365,300,0,0.0,208,104275.54583333334,141264.991875,2144.13493900927
2637,Customer,142879.8875,100922.0675,380,0,0.0,208,104275.54583333334,141264.991875,3722.0565299012133
185,Facility,8996.445,133902.4,0,3433,28891.525,63,133095.2009375,4423.5199999999895,4643.620719021525
1377,Customer,2485.5575,130696.8125,454,0,0.0,63,133095.2009375,4423.5199999999895,3083.4989457659717
1523,Customer,534.5,137309.8375,381,0,0.0,63,133095.2009375,4423.5199999999895,5734.774443198421
2000,Customer,9539.525,129359.6175,313,0,0.0,63,133095.2009375,4423.5199999999895,6334.6736915605525
2177,Customer,628.0175,135408.9175,457,0,0.0,63,133095.2009375,4423.5199999999895,4445.1235707337855
2561,Customer,9710.1025,135803.72,303,0,0.0,63,133095.2009375,4423.5199999999895,5940.03619864663
2920,Customer,1378.3275,130555.655,365,0,0.0,63,133095.2009375,4423.5199999999895,3965.159634961611
2985,Customer,2115.685,131724.6475,317,0,0.0,63,133095.2009375,4423.5199999999895,2684.1235277587384
186,Facility,117410.9275,16847.1,0,6564,20180.8993,277,20161.641818181815,115956.4675,3619.6189517787698
274,Facility,117367.0375,20807.1825,0,4030,46660.8406,277,20161.641818181815,115956.4675,1551.2673840387108
486,Facility,112830.075,24394.065,0,5204,51897.9083,277,20161.641818181815,115956.4675,5261.913725447066
637,Customer,116232.0975,15975.3875,231,0,0.0,277,20161.641818181815,115956.4675,4195.318475800841
1056,Customer,114054.4225,23871.525,265,0,0.0,277,20161.641818181815,115956.4675,4169.053658177407
1156,Customer,114811.2625,21778.13,401,0,0.0,277,20161.641818181815,115956.4675,1981.0422847538787
1213,Customer,119278.3925,19002.39,264,0,0.0,277,20161.641818181815,115956.4675,3518.3874834336916
1329,Customer,114508.3875,19547.655,277,0,0.0,277,20161.641818181815,115956.4675,1572.8685575409777
1417,Customer,115291.455,19068.905,379,0,0.0,277,20161.641818181815,115956.4675,1279.1854357232053
2568,Customer,115443.5675,20414.685,322,0,0.0,277,20161.641818181815,115956.4675,571.9241749258948
2887,Customer,118293.5175,20071.035,254,0,0.0,277,20161.641818181815,115956.4675,2338.8057418265944
189,Facility,39480.1775,40105.2375,0,5203,46975.9209,303,37746.40214285715,40318.24464285716,2503.2899908009076
325,Facility,37449.5025,39704.8075,0,5912,57855.9862,303,37746.40214285715,40318.24464285716,3473.4756404918803
245,Customer,40717.4475,38087.19,365,0,0.0,303,37746.40214285715,40318.24464285716,524.8802575131092
479,Customer,40520.4125,36190.7075,247,0,0.0,303,37746.40214285715,40318.24464285716,1568.7758489587272
629,Customer,39349.8675,37415.5075,423,0,0.0,303,37746.40214285715,40318.24464285716,1023.3501626910266
1896,Customer,44138.9375,34185.8325,302,0,0.0,303,37746.40214285715,40318.24464285716,5222.580788294065
2680,Customer,40571.3675,38535.5325,268,0,0.0,303,37746.40214285715,40318.24464285716,828.7327080383394
190,Facility,59261.5,79214.6675,0,5435,48818.6613,117,81144.37096153846,63501.587499999994,4658.55100402794
300,Facility,68593.7,80778.61,0,5067,53133.2627,117,81144.37096153846,63501.587499999994,5105.231708124697
31,Customer,63784.3125,81253.1575,435,0,0.0,117,81144.37096153846,63501.587499999994,302.93223099473613
34,Customer,59206.0125,82565.95,245,0,0.0,117,81144.37096153846,63501.587499999994,4524.6935303087885
356,Customer,66065.1675,80226.845,423,0,0.0,117,81144.37096153846,63501.587499999994,2722.828732494403
443,Customer,67088.135,80145.9075,273,0,0.0,117,81144.37096153846,63501.587499999994,3722.935972291709
1336,Customer,65219.245,85589.445,291,0,0.0,117,81144.37096153846,63501.587499999994,4765.399300657936
2041,Customer,62370.7025,84830.815,235,0,0.0,117,81144.37096153846,63501.587499999994,3856.004477685892
2329,Customer,57534.54,81779.31,292,0,0.0,117,81144.37096153846,63501.587499999994,6000.733575973743
2582,Customer,62026.8375,81736.375,301,0,0.0,117,81144.37096153846,63501.587499999994,1589.1369808971012
2645,Customer,68897.2875,78850.81,369,0,0.0,117,81144.37096153846,63501.587499999994,5862.934450792824
2648,Customer,57007.765,79171.63,354,0,0.0,117,81144.37096153846,63501.587499999994,6786.857709046054
2970,Customer,68465.4325,78733.3,467,0,0.0,117,81144.37096153846,63501.587499999994,5518.425533211351
191,Facility,46133.1675,181180.195,0,6013,64794.4634,201,177336.58354166668,44569.787500000006,4149.398277706206
390,Facility,43241.6825,176881.5875,0,5866,47639.2892,201,177336.58354166668,44569.787500000006,1403.8818643167103
325,Customer,42350.885,177836.255,273,0,0.0,201,177336.58354166668,44569.787500000006,2274.4669421161557
367,Customer,47782.9675,172708.5075,345,0,0.0,201,177336.58354166668,44569.787500000006,5634.147101367609
1210,Customer,45767.275,178966.4025,332,0,0.0,201,177336.58354166668,44569.787500000006,2022.4455863134938
1254,Customer,45826.8625,179516.6475,415,0,0.0,201,177336.58354166668,44569.787500000006,2516.528644392687
1366,Customer,45147.5325,174144.175,457,0,0.0,201,177336.58354166668,44569.787500000006,3244.2659542539755
1387,Customer,46545.085,177451.85,177,0,0.0,201,177336.58354166668,44569.787500000006,1978.6577697830749
1838,Customer,41557.23,180395.235,401,0,0.0,201,177336.58354166668,44569.787500000006,4293.1167506102975
1958,Customer,39014.6925,178426.955,343,0,0.0,201,177336.58354166668,44569.787500000006,5661.094450384395
2112,Customer,41602.1875,174586.055,378,0,0.0,201,177336.58354166668,44569.787500000006,4046.2398617139734
2383,Customer,49867.8825,175945.1375,329,0,0.0,201,177336.58354166668,44569.787500000006,5477.767128666093
192,Facility,150.0975,171929.86,0,5036,67159.1584,323,172360.11166666666,3328.430555555562,3207.3224828050284
397,Facility,3243.2025,171464.4675,0,5334,62643.1589,323,172360.11166666666,3328.430555555562,899.6901103923545
602,Customer,6760.48,174432.0925,344,0,0.0,323,172360.11166666666,3328.430555555562,4008.998374009657
762,Customer,4476.78,173330.1275,320,0,0.0,323,172360.11166666666,3328.430555555562,1503.2089553595733
765,Customer,3290.4875,172901.9575,393,0,0.0,323,172360.11166666666,3328.430555555562,543.1727004973451
1032,Customer,193.3025,169171.01,408,0,0.0,323,172360.11166666666,3328.430555555562,4472.068577858308
1726,Customer,5502.83,174347.4,399,0,0.0,323,172360.11166666666,3328.430555555562,2945.7304465621164
2232,Customer,4995.1275,169169.5575,378,0,0.0,323,172360.11166666666,3328.430555555562,3599.654788317133
2867,Customer,1343.5675,174494.5325,273,0,0.0,323,172360.11166666666,3328.430555555562,2914.69271846566
194,Facility,104413.305,38777.2625,0,4185,46958.0939,11,42453.35538461537,97614.24269230769,7729.224227579509
361,Facility,91941.0675,42662.1925,0,4556,58466.1518,11,42453.35538461537,97614.24269230769,5677.017676859697
540,Customer,98172.0575,40941.8625,397,0,0.0,11,42453.35538461537,97614.24269230769,1611.138758742928
565,Customer,98023.5175,43193.5875,349,0,0.0,11,42453.35538461537,97614.24269230769,845.842451558435
661,Customer,98979.8575,44460.3625,209,0,0.0,11,42453.35538461537,97614.24269230769,2427.54636705317
1011,Customer,94949.31,42598.17,493,0,0.0,11,42453.35538461537,97614.24269230769,2668.864464029468
1183,Customer,96957.835,43358.5625,340,0,0.0,11,42453.35538461537,97614.24269230769,1118.1551682408167
1252,Customer,101995.415,41584.38,292,0,0.0,11,42453.35538461537,97614.24269230769,4466.518667682626
1705,Customer,93690.195,47404.845,330,0,0.0,11,42453.35538461537,97614.24269230769,6317.863539422724
2336,Customer,96818.45,37766.875,335,0,0.0,11,42453.35538461537,97614.24269230769,4753.56544127826
2564,Customer,96952.365,45793.8575,283,0,0.0,11,42453.35538461537,97614.24269230769,3405.4421831039344
2755,Customer,97465.04,42846.775,265,0,0.0,11,42453.35538461537,97614.24269230769,420.76173443084423
2991,Customer,98626.74,40504.8875,215,0,0.0,11,42453.35538461537,97614.24269230769,2195.831936980086
195,Facility,50787.83,187881.89,0,3703,50248.0105,165,189208.61875,54665.408749999995,4098.271115791148
206,Facility,60145.45,188985.665,0,6702,65742.1124,165,189208.61875,54665.408749999995,5484.574776255735
468,Facility,50674.2325,187384.7175,0,4412,65498.075,165,189208.61875,54665.408749999995,4388.177711569529
3,Customer,57308.6375,188761.905,207,0,0.0,165,189208.61875,54665.408749999995,2680.7109876422023
118,Customer,54924.655,192619.8175,415,0,0.0,165,189208.61875,54665.408749999995,3421.0357393837176
272,Customer,53780.2925,190673.2675,319,0,0.0,165,189208.61875,54665.408749999995,1711.3230954120236
808,Customer,50084.9625,189432.22,207,0,0.0,165,189208.61875,54665.408749999995,4585.900715033043
1494,Customer,59617.21,187929.4675,265,0,0.0,165,189208.61875,54665.408749999995,5114.348789423552
197,Facility,99661.9475,142391.4525,0,3768,37003.0258,261,144564.11035714287,99296.8375,2203.1222109326077
472,Facility,98411.4575,143461.22,0,4329,55916.4392,261,144564.11035714287,99296.8375,1414.307210007325
832,Customer,101301.68,144339.625,312,0,0.0,261,144564.11035714287,99296.8375,2017.37134047696
851,Customer,99479.64,148794.965,287,0,0.0,261,144564.11035714287,99296.8375,4234.801974472002
1059,Customer,95286.855,144404.6825,245,0,0.0,261,144564.11035714287,99296.8375,4013.1504945540482
1577,Customer,101522.33,139535.06,337,0,0.0,261,144564.11035714287,99296.8375,5499.469461887676
2416,Customer,99413.9525,149021.7675,327,0,0.0,261,144564.11035714287,99296.8375,4459.195345181694
200,Facility,191084.8625,130188.28,0,5329,54706.4986,135,133156.61541666667,195604.12166666664,5406.91395912107
305,Customer,194610.5875,133973.22,220,0,0.0,135,133156.61541666667,195604.12166666664,1286.0611127994666
949,Customer,195247.6575,134906.225,283,0,0.0,135,133156.61541666667,195604.12166666664,1785.5532465343065
1764,Customer,195358.43,133249.5325,272,0,0.0,135,133156.61541666667,195604.12166666664,262.67466464166375
2230,Customer,198796.5525,132844.0725,288,0,0.0,135,133156.61541666667,195604.12166666664,3207.693517213879
2270,Customer,198526.64,133778.3625,389,0,0.0,135,133156.61541666667,195604.12166666664,2987.9228310488793
201,Facility,61791.7475,124027.4275,0,4818,54663.7778,186,122544.12107142857,57715.787142857145,4337.470552527295
414,Facility,55639.2175,121139.255,0,5558,44862.0526,186,122544.12107142857,57715.787142857145,2507.147813808948
373,Customer,58075.8675,124688.91,368,0,0.0,186,122544.12107142857,57715.787142857145,2174.8051433916385
648,Customer,54117.5175,120856.85,366,0,0.0,186,122544.12107142857,57715.787142857145,3974.220438172368
743,Customer,60489.7375,123876.98,393,0,0.0,186,122544.12107142857,57715.787142857145,3077.5499195570424
932,Customer,55171.655,122901.36,455,0,0.0,186,122544.12107142857,57715.787142857145,2569.0908922040417
1240,Customer,58724.7675,120318.065,218,0,0.0,186,122544.12107142857,57715.787142857145,2444.047256958039
202,Facility,145807.18,58999.52,0,5278,52204.0099,328,61573.17222222222,145320.9736111111,2619.1759035135024
265,Facility,147541.4775,60399.9275,0,4741,52471.9078,328,61573.17222222222,145320.9736111111,2511.402138008371
189,Customer,142628.5125,61763.435,343,0,0.0,328,61573.17222222222,145320.9736111111,2699.1751998440814
939,Customer,142972.2225,64609.7475,336,0,0.0,328,61573.17222222222,145320.9736111111,3838.9349043135435
957,Customer,146956.0525,58812.85,375,0,0.0,328,61573.17222222222,145320.9736111111,3208.24901517696
1110,Customer,146638.9,65485.555,265,0,0.0,328,61573.17222222222,145320.9736111111,4128.397869195972
1659,Customer,143715.2525,62451.88,337,0,0.0,328,61573.17222222222,145320.9736111111,1830.4282683009055
1693,Customer,146240.96,62095.7,474,0,0.0,328,61573.17222222222,145320.9736111111,1058.0218496279645
2181,Customer,145388.205,59539.935,352,0,0.0,328,61573.17222222222,145320.9736111111,2034.3484611742108
203,Facility,117758.6725,152291.3875,0,5442,54532.282,244,152857.32361111112,119332.75611111111,1672.7291761155373
300,Customer,122436.2225,156343.8725,392,0,0.0,244,152857.32361111112,119332.75611111111,4667.711085915165
447,Customer,121658.79,154193.555,369,0,0.0,244,152857.32361111112,119332.75611111111,2682.526416815204
1208,Customer,119819.975,155615.7325,397,0,0.0,244,152857.32361111112,119332.75611111111,2801.1072532110215
1544,Customer,117565.4575,150156.54,308,0,0.0,244,152857.32361111112,119332.75611111111,3227.6270687428596
1692,Customer,118891.86,155375.7625,245,0,0.0,244,152857.32361111112,119332.75611111111,2556.740858566004
1965,Customer,120749.14,153977.87,384,0,0.0,244,152857.32361111112,119332.75611111111,1806.0364144601033
2049,Customer,116385.2425,147672.1025,380,0,0.0,244,152857.32361111112,119332.75611111111,5964.424067652941
2976,Customer,118729.445,150089.09,370,0,0.0,244,152857.32361111112,119332.75611111111,2833.2140092967634
208,Facility,128362.6075,187907.275,0,4640,56350.3709,102,191764.49225,124667.98975000001,5341.1913682541535
677,Customer,123035.3,189585.6025,329,0,0.0,102,191764.49225,124667.98975000001,2722.725906588864
691,Customer,122221.94,190756.17,450,0,0.0,102,191764.49225,124667.98975000001,2645.7273365409646
1384,Customer,121648.2225,190992.58,219,0,0.0,102,191764.49225,124667.98975000001,3116.864252076546
1436,Customer,123289.7525,193518.8475,308,0,0.0,102,191764.49225,124667.98975000001,2230.9863873385953
1446,Customer,120687.8675,195574.715,291,0,0.0,102,191764.49225,124667.98975000001,5509.915655394612
1892,Customer,127531.015,189269.18,458,0,0.0,102,191764.49225,124667.98975000001,3797.827906466756
2115,Customer,128788.1625,193346.3525,371,0,0.0,102,191764.49225,124667.98975000001,4413.400654866109
2288,Customer,126466.8925,187002.665,254,0,0.0,102,191764.49225,124667.98975000001,5090.289762164834
2790,Customer,124648.1375,199691.535,354,0,0.0,102,191764.49225,124667.98975000001,7927.067608653122
209,Facility,46037.035,68450.495,0,4576,74230.0168,134,70113.1125,47010.35517857144,1926.5640714288747
386,Customer,41800.4625,74316.055,401,0,0.0,134,70113.1125,47010.35517857144,6693.855942619203
895,Customer,48626.79,71746.3675,373,0,0.0,134,70113.1125,47010.35517857144,2297.908489681815
1175,Customer,47123.0575,73716.0375,286,0,0.0,134,70113.1125,47010.35517857144,3604.687277543006
1314,Customer,46524.485,71823.725,291,0,0.0,134,70113.1125,47010.35517857144,1778.275837878168
1420,Customer,51609.4525,70025.645,339,0,0.0,134,70113.1125,47010.35517857144,4599.928992444082
1492,Customer,48751.395,68920.1125,379,0,0.0,134,70113.1125,47010.35517857144,2110.5612191547516
1886,Customer,50913.3025,67818.8225,287,0,0.0,134,70113.1125,47010.35517857144,4527.335242496011
2083,Customer,50392.115,67842.4575,292,0,0.0,134,70113.1125,47010.35517857144,4073.349189408333
2447,Customer,47505.825,72491.1825,349,0,0.0,134,70113.1125,47010.35517857144,2429.13714492336
2658,Customer,42080.7525,65139.4725,284,0,0.0,134,70113.1125,47010.35517857144,7002.719287403906
2727,Customer,50387.68,69409.7875,468,0,0.0,134,70113.1125,47010.35517857144,3449.781008276101
2803,Customer,43025.375,70087.085,465,0,0.0,134,70113.1125,47010.35517857144,3985.0651756732277
2854,Customer,43367.245,69796.33,508,0,0.0,134,70113.1125,47010.35517857144,3656.856973620522
210,Facility,15674.515,78984.6325,0,3055,19034.277,284,80353.35818181818,19507.45613636363,4069.993580694835
371,Facility,23007.01,80164.2325,0,5046,43282.7337,284,80353.35818181818,19507.45613636363,3504.6605781466797
424,Customer,21721.615,73933.8225,295,0,0.0,284,80353.35818181818,19507.45613636363,6790.650767309156
643,Customer,19426.555,79191.6875,268,0,0.0,284,80353.35818181818,19507.45613636363,1164.4843351719476
683,Customer,19947.4675,85454.7725,329,0,0.0,284,80353.35818181818,19507.45613636363,5120.355265592382
973,Customer,19446.8375,77282.2475,267,0,0.0,284,80353.35818181818,19507.45613636363,3071.7088792807754
1055,Customer,21243.2525,86019.5325,282,0,0.0,284,80353.35818181818,19507.45613636363,5926.088121183857
1060,Customer,19440.08,85193.6475,263,0,0.0,284,80353.35818181818,19507.45613636363,4840.758228568779
1178,Customer,18947.495,76223.5225,337,0,0.0,284,80353.35818181818,19507.45613636363,4167.625131061606
1641,Customer,21406.6625,80438.2325,369,0,0.0,284,80353.35818181818,19507.45613636363,1901.1019072011109
2580,Customer,14320.5275,81000.61,297,0,0.0,284,80353.35818181818,19507.45613636363,5227.156358371992
214,Facility,70672.5525,72236.605,0,5085,66862.6244,55,71618.15767857143,71111.81696428571,758.5712616269997
226,Customer,75455.4375,75721.4275,338,0,0.0,55,71618.15767857143,71111.81696428571,5975.2709215336345
525,Customer,66310.4625,74147.545,309,0,0.0,55,71618.15767857143,71111.81696428571,5426.859581150038
654,Customer,73219.1625,67113.805,220,0,0.0,55,71618.15767857143,71111.81696428571,4972.936583131604
800,Customer,75057.745,70539.8775,406,0,0.0,55,71618.15767857143,71111.81696428571,4090.6034037212676
1150,Customer,75570.7,72335.9475,317,0,0.0,55,71618.15767857143,71111.81696428571,4516.2883160762785
1193,Customer,66780.415,71289.1475,313,0,0.0,55,71618.15767857143,71111.81696428571,4343.879679943007
1243,Customer,66495.905,71059.39,321,0,0.0,55,71618.15767857143,71111.81696428571,4649.609078261535
1321,Customer,71684.44,67862.2525,232,0,0.0,55,71618.15767857143,71111.81696428571,3799.3053116919023
1894,Customer,72135.6225,67586.68,271,0,0.0,55,71618.15767857143,71111.81696428571,4159.445882299582
1935,Customer,74855.375,71580.095,301,0,0.0,55,71618.15767857143,71111.81696428571,3743.7515321213646
2191,Customer,71196.1,74500.36,257,0,0.0,55,71618.15767857143,71111.81696428571,2883.4343848538447
2434,Customer,69701.1225,71937.0625,405,0,0.0,55,71618.15767857143,71111.81696428571,1446.2915185731897
2574,Customer,66430.3975,74744.0125,462,0,0.0,55,71618.15767857143,71111.81696428571,5629.0902075949425
215,Facility,60960.6375,157463.0775,0,5969,30498.1484,164,159647.3805,60637.0945,2208.134884615959
135,Customer,58156.9575,160820.395,307,0,0.0,164,159647.3805,60637.0945,2743.5456176231587
845,Customer,61565.2275,160284.14,355,0,0.0,164,159647.3805,60637.0945,1125.5636483687947
952,Customer,61726.9575,158578.0275,361,0,0.0,164,159647.3805,60637.0945,1526.865153632763
2957,Customer,60775.6925,161091.2625,366,0,0.0,164,159647.3805,60637.0945,1450.5187470446685
216,Facility,195601.21,114300.245,0,5961,50146.5375,210,115991.1865,194282.19375,2144.5482098069697
918,Customer,193437.965,118431.76,312,0,0.0,210,115991.1865,194282.19375,2582.464170366904
1284,Customer,193560.365,111862.9775,265,0,0.0,210,115991.1865,194282.19375,4190.840761948324
1469,Customer,197009.8525,117815.3675,310,0,0.0,210,115991.1865,194282.19375,3281.42630226744
1683,Customer,191430.9775,119197.2525,322,0,0.0,210,115991.1865,194282.19375,4290.488701840396
2027,Customer,192411.0525,119388.805,283,0,0.0,210,115991.1865,194282.19375,3878.786027740361
2101,Customer,197511.5975,113787.7,289,0,0.0,210,115991.1865,194282.19375,3909.5269964787676
2705,Customer,194104.29,118417.7975,385,0,0.0,210,115991.1865,194282.19375,2433.1236486428475
2832,Customer,192013.7075,112126.4075,411,0,0.0,210,115991.1865,194282.19375,4481.355440631784
2899,Customer,195740.92,114583.5525,292,0,0.0,210,115991.1865,194282.19375,2027.1447285270624
217,Facility,146523.68,90197.0,0,4645,45767.0998,278,88863.81025,146384.50325,1340.4346598195802
266,Facility,145930.32,91740.745,0,5440,63270.0638,278,88863.81025,146384.50325,2912.565189028072
980,Customer,149980.34,85447.36,262,0,0.0,278,88863.81025,146384.50325,4960.057887099252
1066,Customer,147461.2675,90377.855,326,0,0.0,278,88863.81025,146384.50325,1857.889327995772
1250,Customer,146526.25,89347.3125,298,0,0.0,278,88863.81025,146384.50325,503.8517310584805
1566,Customer,142976.805,91264.99,335,0,0.0,278,88863.81025,146384.50325,4168.7014230888835
1725,Customer,147380.3525,86260.9475,399,0,0.0,278,88863.81025,146384.50325,2786.8638689507466
2282,Customer,145922.9,84723.9125,334,0,0.0,278,88863.81025,146384.50325,4165.552897379356
2362,Customer,150014.4675,92243.38,209,0,0.0,278,88863.81025,146384.50325,4959.650406167064
2592,Customer,141128.65,87034.6,408,0,0.0,278,88863.81025,146384.50325,5565.069947830013
218,Facility,16860.3875,153261.3225,0,5809,34221.288,39,148949.5840909091,19401.467954545442,5004.815479605879
603,Customer,23071.3975,152938.855,448,0,0.0,39,148949.5840909091,19401.467954545442,5420.577944713946
1005,Customer,19471.065,145142.55,234,0,0.0,39,148949.5840909091,19401.467954545442,3807.6701955500575
1289,Customer,18115.95,145519.92,428,0,0.0,39,148949.5840909091,19401.467954545442,3662.6700899657876
1464,Customer,18874.7125,143179.4,387,0,0.0,39,148949.5840909091,19401.467954545442,5794.1777459682735
1606,Customer,17346.4925,144050.6375,415,0,0.0,39,148949.5840909091,19401.467954545442,5312.494877114149
1932,Customer,20892.0275,154410.595,331,0,0.0,39,148949.5840909091,19401.467954545442,5660.778030249505
1936,Customer,17944.9375,149342.685,289,0,0.0,39,148949.5840909091,19401.467954545442,1508.6448520929096
2346,Customer,24035.88,149977.57,272,0,0.0,39,148949.5840909091,19401.467954545442,4747.054880275112
2411,Customer,16276.225,148473.545,162,0,0.0,39,148949.5840909091,19401.467954545442,3161.290360123454
2910,Customer,20527.0725,152148.345,376,0,0.0,39,148949.5840909091,19401.467954545442,3391.025943026088
219,Facility,60502.9575,138279.165,0,5525,56387.0972,256,138732.012,58327.566999999995,2222.024804744366
279,Customer,58398.93,139422.885,394,0,0.0,256,138732.012,58327.566999999995,694.5489038923251
586,Customer,60731.9875,136316.7175,376,0,0.0,256,138732.012,58327.566999999995,3408.061833733432
1782,Customer,55272.885,144195.915,430,0,0.0,256,138732.012,58327.566999999995,6259.817738124105
1918,Customer,59597.0575,135294.9125,363,0,0.0,256,138732.012,58327.566999999995,3664.049549677296
2072,Customer,56648.515,136318.92,298,0,0.0,256,138732.012,58327.566999999995,2939.766762715686
2267,Customer,60355.405,135904.9625,207,0,0.0,256,138732.012,58327.566999999995,3479.1286020631987
2435,Customer,59773.9425,140904.6425,471,0,0.0,256,138732.012,58327.566999999995,2610.0431752234485
2724,Customer,53430.2275,144305.8325,390,0,0.0,256,138732.012,58327.566999999995,7419.66368135918
2905,Customer,58563.7625,136376.1675,296,0,0.0,256,138732.012,58327.566999999995,2367.6553005875653
220,Facility,121199.6275,60854.89,0,4329,53561.6417,260,63997.89519230769,124273.80576923076,4396.481965149378
246,Facility,127805.1075,67064.0875,0,5939,12748.4429,260,63997.89519230769,124273.80576923076,4676.711150101667
307,Facility,125086.1175,63990.1175,0,5192,76833.3857,260,63997.89519230769,124273.80576923076,812.3489646961675
13,Customer,125664.3825,59592.71,404,0,0.0,260,63997.89519230769,124273.80576923076,4619.454537354363
711,Customer,120986.3225,65739.005,321,0,0.0,260,63997.89519230769,124273.80576923076,3720.0819356453144
878,Customer,125528.2325,63812.4325,190,0,0.0,260,63997.89519230769,124273.80576923076,1268.0626298043828
1498,Customer,126494.9075,60807.2825,458,0,0.0,260,63997.89519230769,124273.80576923076,3887.583086024146
2134,Customer,124414.03,61591.04,254,0,0.0,260,63997.89519230769,124273.80576923076,2410.936488510907
2259,Customer,125199.5425,64243.31,440,0,0.0,260,63997.89519230769,124273.80576923076,957.7144263975352
2543,Customer,121846.33,68164.3075,430,0,0.0,260,63997.89519230769,124273.80576923076,4821.994413921734
2545,Customer,123520.8625,67090.74,248,0,0.0,260,63997.89519230769,124273.80576923076,3183.176490732052
2559,Customer,128192.0425,61787.42,286,0,0.0,260,63997.89519230769,124273.80576923076,4498.753122161394
2875,Customer,119621.97,67235.295,287,0,0.0,260,63997.89519230769,124273.80576923076,5667.480351861924
221,Facility,39216.4875,49446.39,0,5252,41448.6067,71,48705.74142857144,38933.99821428572,792.6919344250525
116,Customer,38485.12,50478.035,430,0,0.0,71,48705.74142857144,38933.99821428572,1828.2549479181905
274,Customer,32916.5575,47951.6825,263,0,0.0,71,48705.74142857144,38933.99821428572,6064.503080855157
329,Customer,35725.0625,46729.68,378,0,0.0,71,48705.74142857144,38933.99821428572,3768.5656671877427
388,Customer,34126.48,46456.9225,495,0,0.0,71,48705.74142857144,38933.99821428572,5307.48697164582
427,Customer,44187.8725,50554.28,319,0,0.0,71,48705.74142857144,38933.99821428572,5569.586148013949
796,Customer,43469.205,50477.2175,230,0,0.0,71,48705.74142857144,38933.99821428572,4868.904195076428
1226,Customer,38395.715,48117.655,366,0,0.0,71,48705.74142857144,38933.99821428572,797.2417865689694
1276,Customer,33952.13,48576.425,313,0,0.0,71,48705.74142857144,38933.99821428572,4983.546291869764
1767,Customer,41852.7975,48995.1125,296,0,0.0,71,48705.74142857144,38933.99821428572,2933.1084001901318
1795,Customer,38969.625,51050.9,384,0,0.0,71,48705.74142857144,38933.99821428572,2345.4291703236704
1922,Customer,43862.0375,47460.44,315,0,0.0,71,48705.74142857144,38933.99821428572,5082.946669948975
2547,Customer,40441.84,49739.4125,371,0,0.0,71,48705.74142857144,38933.99821428572,1828.1309402376748
2653,Customer,39475.045,45846.2275,408,0,0.0,71,48705.74142857144,38933.99821428572,2910.249393441363
222,Facility,143303.035,115281.9225,0,5590,33091.858,183,113680.31138888889,145272.83277777777,2538.751944671398
366,Facility,146901.4725,115963.9775,0,4530,70200.9822,183,113680.31138888889,145272.83277777777,2804.9239297773133
73,Customer,146717.9325,113135.47,347,0,0.0,183,113680.31138888889,145272.83277777777,1544.398053033322
396,Customer,141714.3425,111303.82,332,0,0.0,183,113680.31138888889,145272.83277777777,4279.084525748699
1196,Customer,149464.9375,115408.8375,392,0,0.0,183,113680.31138888889,145272.83277777777,4534.483930820657
1437,Customer,145343.34,112369.36,400,0,0.0,183,113680.31138888889,145272.83277777777,1312.846073389872
2801,Customer,144215.1325,109684.3675,345,0,0.0,183,113680.31138888889,145272.83277777777,4133.557480035774
2812,Customer,141322.0175,114754.92,251,0,0.0,183,113680.31138888889,145272.83277777777,4094.352821411036
2859,Customer,148473.285,115220.1275,306,0,0.0,183,113680.31138888889,145272.83277777777,3551.609224388932
223,Facility,151364.975,185004.8025,0,5640,63688.5176,101,184897.1822222222,152471.7422222222,1111.9873238371097
410,Customer,151508.1675,185547.11,234,0,0.0,101,184897.1822222222,152471.7422222222,1162.2746498279757
1023,Customer,156132.8525,183822.7975,398,0,0.0,101,184897.1822222222,152471.7422222222,3815.498787497483
1547,Customer,155629.52,187450.0325,209,0,0.0,101,184897.1822222222,152471.7422222222,4060.6163367864883
1826,Customer,154155.13,183468.7475,357,0,0.0,101,184897.1822222222,152471.7422222222,2207.7636118981845
1837,Customer,147715.29,186114.32,383,0,0.0,101,184897.1822222222,152471.7422222222,4909.711000901823
2005,Customer,151150.9075,185757.095,373,0,0.0,101,184897.1822222222,152471.7422222222,1576.0883061596933
2226,Customer,152145.715,184941.7425,314,0,0.0,101,184897.1822222222,152471.7422222222,329.05830484211265
2334,Customer,152443.1225,181967.9925,274,0,0.0,101,184897.1822222222,152471.7422222222,2929.329533745282
224,Facility,188896.51,66169.79,0,4486,46224.5909,238,69005.0725,190517.61725,3266.0091198294017
125,Customer,191427.2975,71404.71,334,0,0.0,238,69005.0725,190517.61725,2566.2771262368224
258,Customer,187756.3925,68757.47,271,0,0.0,238,69005.0725,190517.61725,2772.3039368039963
414,Customer,188552.79,73193.685,305,0,0.0,238,69005.0725,190517.61725,4626.556040674191
964,Customer,197255.9075,69652.1775,189,0,0.0,238,69005.0725,190517.61725,6769.290980174361
977,Customer,193439.0975,70655.115,361,0,0.0,238,69005.0725,190517.61725,3355.247696213546
1710,Customer,190564.725,68885.955,276,0,0.0,238,69005.0725,190517.61725,128.0941798689949
1991,Customer,190073.85,65672.5825,239,0,0.0,238,69005.0725,190517.61725,3361.907043966639
2039,Customer,185586.2975,67971.7575,318,0,0.0,238,69005.0725,190517.61725,5038.417843526406
2143,Customer,191623.305,67687.4825,282,0,0.0,238,69005.0725,190517.61725,1720.0548853452367
227,Facility,179859.795,53617.0875,0,5804,47328.8601,321,56237.105833333335,178298.35833333334,3050.0132017769884
56,Customer,175519.1575,60342.675,294,0,0.0,321,56237.105833333335,178298.35833333334,4957.787354686035
196,Customer,178586.9625,58426.73,263,0,0.0,321,56237.105833333335,178298.35833333334,2208.562056241132
1080,Customer,179284.9075,51497.26,240,0,0.0,321,56237.105833333335,178298.35833333334,4841.427246382831
1157,Customer,180033.005,56062.86,227,0,0.0,321,56237.105833333335,178298.35833333334,1743.3762269263077
2122,Customer,176506.3225,57476.0225,405,0,0.0,321,56237.105833333335,178298.35833333334,2178.602059784006
229,Facility,177863.17,161698.145,0,5179,67551.5133,188,160415.95666666667,177125.053125,1479.4672836179461
296,Facility,175481.39,158960.645,0,7294,75938.4285,188,160415.95666666667,177125.053125,2195.3497479037082
871,Customer,177520.05,158356.18,349,0,0.0,188,160415.95666666667,177125.053125,2097.3083816654666
874,Customer,179669.205,158408.1625,444,0,0.0,188,160415.95666666667,177125.053125,3240.979200606907
1053,Customer,179931.69,159237.6925,404,0,0.0,188,160415.95666666667,177125.053125,3043.931174412527
1127,Customer,180156.795,161780.425,419,0,0.0,188,160415.95666666667,177125.053125,3324.6402255429043
1772,Customer,178861.85,161854.3175,301,0,0.0,188,160415.95666666667,177125.053125,2255.0710126018525
1947,Customer,174378.7325,161189.835,273,0,0.0,188,160415.95666666667,177125.053125,2853.2726210621936
1992,Customer,175425.4075,161886.0675,359,0,0.0,188,160415.95666666667,177125.053125,2247.2252029704773
2071,Customer,174215.105,162315.07,323,0,0.0,188,160415.95666666667,177125.053125,3474.827987546357
2524,Customer,176300.47,158793.35,325,0,0.0,188,160415.95666666667,177125.053125,1820.1070640887751
2947,Customer,175696.7725,160511.59,452,0,0.0,188,160415.95666666667,177125.053125,1431.4787033675614
230,Facility,116566.5725,195244.775,0,4987,52569.3198,250,195007.0125,113267.59942307691,3307.529949776658
242,Facility,109398.1525,196174.1625,0,3640,24348.7952,250,195007.0125,113267.59942307691,4041.6405843431216
303,Facility,109183.0275,193401.6525,0,3729,52804.5035,250,195007.0125,113267.59942307691,4388.725159358731
389,Facility,110367.08,196608.0425,0,3952,45094.0738,250,195007.0125,113267.59942307691,3313.0514611980325
114,Customer,110096.9275,196185.4325,437,0,0.0,250,195007.0125,113267.59942307691,3382.5780316480777
292,Customer,111587.1375,199248.32,385,0,0.0,250,195007.0125,113267.59942307691,4562.087415259333
664,Customer,112477.1975,191833.9575,327,0,0.0,250,195007.0125,113267.59942307691,3270.017313872945
920,Customer,114667.175,192679.4625,379,0,0.0,250,195007.0125,113267.59942307691,2715.934608568417
936,Customer,117524.01,193478.475,255,0,0.0,250,195007.0125,113267.59942307691,4522.549932090185
1264,Customer,110636.4625,198056.64,268,0,0.0,250,195007.0125,113267.59942307691,4027.7921243200904
1891,Customer,115338.325,196489.6625,306,0,0.0,250,195007.0125,113267.59942307691,2546.7931673819567
2593,Customer,116813.08,190739.6275,533,0,0.0,250,195007.0125,113267.59942307691,5548.063379194938
2759,Customer,117823.645,194950.9525,406,0,0.0,250,195007.0125,113267.59942307691,4556.3904598487225
232,Facility,29783.15,143802.3925,0,5146,51767.066,66,140970.28025,28731.61675,3021.0233319945564
489,Facility,24883.0875,138865.83,0,6391,52898.8417,66,140970.28025,28731.61675,4386.32970065301
30,Customer,29834.81,140002.385,316,0,0.0,66,140970.28025,28731.61675,1467.6023173251426
397,Customer,31596.0125,142524.7175,322,0,0.0,66,140970.28025,28731.61675,3258.9934300034397
806,Customer,32074.705,139984.2025,423,0,0.0,66,140970.28025,28731.61675,3485.482517002936
1253,Customer,25307.12,143222.03,292,0,0.0,66,140970.28025,28731.61675,4098.482027212707
1293,Customer,31646.1225,139915.1225,358,0,0.0,66,140970.28025,28731.61675,3099.6292752792474
1870,Customer,25980.5125,140851.67,247,0,0.0,66,140970.28025,28731.61675,2753.6599255850615
2224,Customer,28818.0825,136737.5525,295,0,0.0,66,140970.28025,28731.61675,4233.610814841546
2993,Customer,27392.565,143796.9,346,0,0.0,66,140970.28025,28731.61675,3127.7529954054935
233,Facility,114456.7675,109338.9925,0,5077,53546.1094,286,110052.1815909091,118328.24681818183,3936.6217484667422
244,Facility,121305.39,111204.4775,0,4212,30429.4104,286,110052.1815909091,118328.24681818183,3192.3607858689875
166,Customer,115748.9425,108521.81,311,0,0.0,286,110052.1815909091,118328.24681818183,2999.141205754245
432,Customer,119114.26,108417.95,397,0,0.0,286,110052.1815909091,118328.24681818183,1813.4303446003107
715,Customer,119287.2675,113354.29,251,0,0.0,286,110052.1815909091,118328.24681818183,3438.5521100521114
1769,Customer,121765.1675,109297.8975,352,0,0.0,286,110052.1815909091,118328.24681818183,3518.7168489249066
1819,Customer,117866.015,112483.21,417,0,0.0,286,110052.1815909091,118328.24681818183,2474.5822636450716
2069,Customer,119525.5175,107985.995,169,0,0.0,286,110052.1815909091,118328.24681818183,2388.0083990626845
2106,Customer,113806.025,111373.03,242,0,0.0,286,110052.1815909091,118328.24681818183,4711.170840952147
2760,Customer,116281.4625,113683.785,380,0,0.0,286,110052.1815909091,118328.24681818183,4168.677172206523
2879,Customer,122453.9,104912.56,369,0,0.0,286,110052.1815909091,118328.24681818183,6590.654313069783
235,Facility,110191.9125,105175.6075,0,5150,46913.2591,76,105019.4596875,107572.0384375,2624.5232410304206
493,Customer,105321.425,104091.0325,328,0,0.0,76,105019.4596875,107572.0384375,2434.591934502517
669,Customer,106166.96,102681.465,354,0,0.0,76,105019.4596875,107572.0384375,2727.721498669843
741,Customer,107014.68,105258.9925,390,0,0.0,76,105019.4596875,107572.0384375,606.6501430945235
833,Customer,110433.26,109509.0675,350,0,0.0,76,105019.4596875,107572.0384375,5323.830119357303
2605,Customer,108603.79,103435.215,338,0,0.0,76,105019.4596875,107572.0384375,1890.5931652772786
2969,Customer,106267.485,107771.09,358,0,0.0,76,105019.4596875,107572.0384375,3045.214121857755
2980,Customer,106576.795,102233.2075,322,0,0.0,76,105019.4596875,107572.0384375,2958.6670566718594
236,Facility,145774.505,49670.9725,0,4467,38987.8878,156,50294.38272727272,148432.03613636363,2729.6725173929526
281,Facility,151254.14,47870.6275,0,4786,48775.114,156,50294.38272727272,148432.03613636363,3720.0617762186716
457,Facility,152665.6675,46704.5075,0,6085,38406.875,156,50294.38272727272,148432.03613636363,5550.751180745899
27,Customer,147429.73,46410.715,314,0,0.0,156,50294.38272727272,148432.03613636363,4010.921665509296
658,Customer,145023.95,50924.26,323,0,0.0,156,50294.38272727272,148432.03613636363,3465.8038737892066
872,Customer,151861.8275,44567.3275,317,0,0.0,156,50294.38272727272,148432.03613636363,6675.524726514502
1012,Customer,148327.3075,53076.8725,333,0,0.0,156,50294.38272727272,148432.03613636363,2784.459987610969
1158,Customer,149026.515,54397.29,424,0,0.0,156,50294.38272727272,148432.03613636363,4145.7512235913055
1166,Customer,147145.9075,53054.8475,307,0,0.0,156,50294.38272727272,148432.03613636363,3045.372330396213
1735,Customer,145100.385,51529.8575,432,0,0.0,156,50294.38272727272,148432.03613636363,3553.3501387392917
2319,Customer,149142.4625,55030.9325,318,0,0.0,156,50294.38272727272,148432.03613636363,4789.531226296833
237,Facility,27342.0925,12040.8175,0,4237,46555.8729,175,14025.532222222231,26460.23722222222,2171.8105947688437
10,Customer,23892.1025,12482.3775,303,0,0.0,175,14025.532222222231,26460.23722222222,2996.10454560587
428,Customer,24308.255,10334.89,426,0,0.0,175,14025.532222222231,26460.23722222222,4272.220441083293
541,Customer,25236.93,15626.135,294,0,0.0,175,14025.532222222231,26460.23722222222,2014.5495308308878
826,Customer,28064.2525,15916.755,325,0,0.0,175,14025.532222222231,26460.23722222222,2479.8364072111667
947,Customer,30983.355,13087.0825,370,0,0.0,175,14025.532222222231,26460.23722222222,4619.446104544179
2180,Customer,23842.7725,17716.9525,332,0,0.0,175,14025.532222222231,26460.23722222222,4525.229854854529
2203,Customer,27755.7275,12200.37,437,0,0.0,175,14025.532222222231,26460.23722222222,2238.193958807848
2901,Customer,26716.6475,16824.41,424,0,0.0,175,14025.532222222231,26460.23722222222,2810.5983429669027
238,Facility,70717.73,63800.4425,0,3513,56738.8093,151,64990.273611111115,67384.50861111112,3539.2178373638194
40,Customer,68940.59,67170.7425,367,0,0.0,151,64990.273611111115,67384.50861111112,2678.7746945681424
348,Customer,67926.275,63332.825,387,0,0.0,151,64990.273611111115,67384.50861111112,1743.7450268327277
1113,Customer,68684.81,63445.31,362,0,0.0,151,64990.273611111115,67384.50861111112,2019.3306469233462
1481,Customer,65983.6875,61020.6575,280,0,0.0,151,64990.273611111115,67384.50861111112,4209.531073044539
1647,Customer,69838.8325,65994.505,345,0,0.0,151,64990.273611111115,67384.50861111112,2651.8269992592623
1885,Customer,65259.785,63997.7325,446,0,0.0,151,64990.273611111115,67384.50861111112,2345.1200994530614
2514,Customer,63807.655,67305.98,291,0,0.0,151,64990.273611111115,67384.50861111112,4261.030137755354
2817,Customer,65301.2125,68844.2675,265,0,0.0,151,64990.273611111115,67384.50861111112,4381.026316077498
243,Facility,128621.1875,78808.44,0,4944,41909.2149,174,74301.81409090909,127013.51318181818,4784.798198234789
471,Customer,124276.87,72018.5175,477,0,0.0,174,74301.81409090909,127013.51318181818,3564.079015208421
544,Customer,127899.6275,75030.2725,313,0,0.0,174,74301.81409090909,127013.51318181818,1147.10515588681
623,Customer,128635.2125,77546.93,374,0,0.0,174,74301.81409090909,127013.51318181818,3627.7659712316404
682,Customer,124726.385,77207.3875,336,0,0.0,174,74301.81409090909,127013.51318181818,3697.744198248866
746,Customer,123589.605,74028.1275,311,0,0.0,174,74301.81409090909,127013.51318181818,3434.829193360998
953,Customer,130743.64,73597.3575,377,0,0.0,174,74301.81409090909,127013.51318181818,3796.0644315125173
1143,Customer,123885.05,73628.365,370,0,0.0,174,74301.81409090909,127013.51318181818,3200.127428406282
1220,Customer,132546.755,72605.3525,351,0,0.0,174,74301.81409090909,127013.51318181818,5787.464639019911
2123,Customer,125379.02,71238.165,313,0,0.0,174,74301.81409090909,127013.51318181818,3472.3930816712314
2809,Customer,126845.2925,71611.04,315,0,0.0,174,74301.81409090909,127013.51318181818,2696.0273377877743
245,Facility,28101.4125,75098.4475,0,4521,57260.4094,130,73245.216,31636.365666666665,3991.2856178327957
362,Facility,28192.4625,74457.7975,0,4924,47243.2729,130,73245.216,31636.365666666665,3651.1399474025807
399,Facility,36709.8125,71112.1275,0,5627,55027.9725,130,73245.216,31636.365666666665,5503.6287410664145
124,Customer,31425.4475,77326.0425,420,0,0.0,130,73245.216,31636.365666666665,4086.2735341790617
165,Customer,35526.78,75846.3675,440,0,0.0,130,73245.216,31636.365666666665,4679.883845883107
619,Customer,27103.3,73905.69,418,0,0.0,130,73245.216,31636.365666666665,4580.928971615703
1149,Customer,29902.1375,75362.065,397,0,0.0,130,73245.216,31636.365666666665,2736.530106331927
1722,Customer,29223.72,77475.8625,350,0,0.0,130,73245.216,31636.365666666665,4870.239103046964
1765,Customer,30768.88,77953.1475,326,0,0.0,130,73245.216,31636.365666666665,4787.186061828432
1940,Customer,36536.51,71659.51,321,0,0.0,130,73245.216,31636.365666666665,5150.3279512992995
2304,Customer,31922.4075,70065.5775,301,0,0.0,130,73245.216,31636.365666666665,3192.4788051135047
2330,Customer,28458.5275,69804.5825,342,0,0.0,130,73245.216,31636.365666666665,4683.653946956967
2399,Customer,34827.79,69342.745,293,0,0.0,130,73245.216,31636.365666666665,5041.276542824562
2464,Customer,28381.01,70368.6375,366,0,0.0,130,73245.216,31636.365666666665,4344.1966326538495
2885,Customer,37465.2875,68899.64,298,0,0.0,130,73245.216,31636.365666666665,7270.5130844312525
248,Facility,37502.24,108036.6425,0,4893,44425.2104,32,108486.86050000001,34543.962499999994,2992.3405579128653
122,Customer,37637.195,110978.69,254,0,0.0,32,108486.86050000001,34543.962499999994,3972.0651500354948
1620,Customer,36788.24,112548.66,314,0,0.0,32,108486.86050000001,34543.962499999994,4640.5815018385865
1663,Customer,29344.405,105737.5175,319,0,0.0,32,108486.86050000001,34543.962499999994,5881.69066914057
1770,Customer,34372.455,106823.65,250,0,0.0,32,108486.86050000001,34543.962499999994,1672.0299010085164
2236,Customer,39571.415,111490.35,367,0,0.0,32,108486.86050000001,34543.962499999994,5856.2981324695675
2372,Customer,34981.3675,107138.945,308,0,0.0,32,108486.86050000001,34543.962499999994,1417.1094979447646
2557,Customer,29836.3075,104853.3275,309,0,0.0,32,108486.86050000001,34543.962499999994,5946.812394982208
2751,Customer,31300.5175,107941.4475,284,0,0.0,32,108486.86050000001,34543.962499999994,3288.9832484514063
2810,Customer,34105.4825,109319.375,348,0,0.0,32,108486.86050000001,34543.962499999994,940.9277884674414
249,Facility,85654.525,28943.3675,0,5917,36917.1349,157,32286.63285714286,82624.62607142857,4511.951990616679
350,Facility,81239.515,33197.9575,0,5976,51066.3279,157,32286.63285714286,82624.62607142857,1658.024512747837
163,Customer,83096.0025,36380.705,353,0,0.0,157,32286.63285714286,82624.62607142857,4121.119077184208
224,Customer,80456.07,32364.045,329,0,0.0,157,32286.63285714286,82624.62607142857,2169.93734351742
1883,Customer,80290.4925,33916.1625,215,0,0.0,157,32286.63285714286,82624.62607142857,2846.6728625221513
2055,Customer,84828.565,30256.3825,335,0,0.0,157,32286.63285714286,82624.62607142857,2996.541892507309
2062,Customer,82807.2125,30947.81,314,0,0.0,157,32286.63285714286,82624.62607142857,1351.2159141701352
250,Facility,80409.975,56575.515,0,5657,61662.2495,322,60156.97916666667,77853.56972222222,4400.2378937243275
588,Customer,79835.6125,58275.7475,406,0,0.0,322,60156.97916666667,77853.56972222222,2732.6774702863368
835,Customer,78728.5275,55688.345,303,0,0.0,322,60156.97916666667,77853.56972222222,4553.486842892438
919,Customer,74646.3525,64357.5525,348,0,0.0,322,60156.97916666667,77853.56972222222,5284.984261020077
2018,Customer,79141.8775,56495.865,337,0,0.0,322,60156.97916666667,77853.56972222222,3881.1717137547694
2185,Customer,78183.125,60874.49,286,0,0.0,322,60156.97916666667,77853.56972222222,789.5748710932186
2695,Customer,77356.0875,57391.87,279,0,0.0,322,60156.97916666667,77853.56972222222,2809.5048077928623
2797,Customer,74769.645,65845.08,344,0,0.0,322,60156.97916666667,77853.56972222222,6470.323236322952
2912,Customer,77610.925,65908.3475,315,0,0.0,322,60156.97916666667,77853.56972222222,5756.48453197711
252,Facility,24205.655,192996.5575,0,5750,68236.591,160,195735.8176785714,27763.58535714286,4490.257760105282
365,Facility,22813.8575,198893.1825,0,4468,29359.8067,160,195735.8176785714,27763.58535714286,5871.010004707109
385,Facility,29127.0525,197665.48,0,5389,50275.4029,160,195735.8176785714,27763.58535714286,2362.760953713329
404,Facility,29637.395,195283.0975,0,6358,46440.9199,160,195735.8176785714,27763.58535714286,1927.723563623714
529,Customer,33704.295,198211.895,434,0,0.0,160,195735.8176785714,27763.58535714286,6436.069449782905
662,Customer,31379.5725,197229.1775,277,0,0.0,160,195735.8176785714,27763.58535714286,3912.2227152304868
700,Customer,24105.41,190335.655,263,0,0.0,160,195735.8176785714,27763.58535714286,6522.576477025211
1063,Customer,27072.9775,189587.925,286,0,0.0,160,195735.8176785714,27763.58535714286,6186.559916430072
1221,Customer,21412.485,196527.27,406,0,0.0,160,195735.8176785714,27763.58535714286,6400.224411971417
1291,Customer,35261.325,197766.38,401,0,0.0,160,195735.8176785714,27763.58535714286,7767.836448669414
1421,Customer,29046.9725,191474.59,307,0,0.0,160,195735.8176785714,27763.58535714286,4450.297056048499
1630,Customer,23437.57,199439.54,305,0,0.0,160,195735.8176785714,27763.58535714286,5694.907190155471
2009,Customer,32008.2075,199335.7,312,0,0.0,160,195735.8176785714,27763.58535714286,5565.6059745339035
2788,Customer,25477.42,195554.9975,378,0,0.0,160,195735.8176785714,27763.58535714286,2293.305033609515
257,Facility,97070.4825,24058.57,0,5125,53828.9329,17,21350.856607142865,100954.36678571429,4734.582237397116
687,Customer,102985.015,18229.7175,341,0,0.0,17,21350.856607142865,100954.36678571429,3723.579124487396
786,Customer,101412.8825,18956.825,388,0,0.0,17,21350.856607142865,100954.36678571429,2437.5446654873813
834,Customer,100097.2925,23142.3225,264,0,0.0,17,21350.856607142865,100954.36678571429,1985.932117798357
1261,Customer,100193.485,21028.09,368,0,0.0,17,21350.856607142865,100954.36678571429,826.5103595952544
1534,Customer,95040.36,19238.93,255,0,0.0,17,21350.856607142865,100954.36678571429,6279.785844710996
1729,Customer,104008.845,22993.9275,389,0,0.0,17,21350.856607142865,100954.36678571429,3468.3597161338957
1942,Customer,101325.375,17385.2425,395,0,0.0,17,21350.856607142865,100954.36678571429,3982.9313754869004
2014,Customer,103339.5475,24183.0025,298,0,0.0,17,21350.856607142865,100954.36678571429,3702.720270048501
2155,Customer,103875.59,22118.65,296,0,0.0,17,21350.856607142865,100954.36678571429,3020.4390015023987
2258,Customer,100984.5525,20779.8075,380,0,0.0,17,21350.856607142865,100954.36678571429,571.846360586131
2375,Customer,101052.1875,21288.3875,268,0,0.0,17,21350.856607142865,100954.36678571429,116.06584980343645
2840,Customer,103921.6475,21669.36,234,0,0.0,17,21350.856607142865,100954.36678571429,2984.32559360293
2962,Customer,98053.8725,23839.16,294,0,0.0,17,21350.856607142865,100954.36678571429,3821.586172830016
258,Facility,164886.6975,197572.1625,0,5467,54870.8509,314,195819.98666666663,164489.59291666665,1796.611310501483
126,Customer,163812.33,194277.985,381,0,0.0,314,195819.98666666663,164489.59291666665,1684.1776029547932
1812,Customer,163411.025,199455.6025,339,0,0.0,314,195819.98666666663,164489.59291666665,3792.2303778181727
2170,Customer,166018.375,192566.5375,356,0,0.0,314,195819.98666666663,164489.59291666665,3594.733110872746
2426,Customer,164722.2575,198781.41,389,0,0.0,314,195819.98666666663,164489.59291666665,2970.548933707204
2776,Customer,164086.8725,192266.2225,347,0,0.0,314,195819.98666666663,164489.59291666665,3576.5099589241936
259,Facility,104648.57,120044.855,0,5712,39788.8542,335,124237.16477272728,106952.31863636363,4783.588507600958
279,Facility,111691.06,124026.195,0,7071,61737.6317,335,124237.16477272728,106952.31863636363,4743.435248471599
344,Customer,107508.0075,126419.715,426,0,0.0,335,124237.16477272728,106952.31863636363,2252.180189891047
903,Customer,103283.1125,124274.0475,424,0,0.0,335,124237.16477272728,106952.31863636363,3669.3915036010535
1172,Customer,104987.2875,122786.0625,322,0,0.0,335,124237.16477272728,106952.31863636363,2442.7536046013333
1933,Customer,107675.8925,128269.0675,320,0,0.0,335,124237.16477272728,106952.31863636363,4096.315263541968
2003,Customer,108630.4075,124823.755,355,0,0.0,335,124237.16477272728,106952.31863636363,1777.6586649276237
2054,Customer,104627.51,127286.225,260,0,0.0,335,124237.16477272728,106952.31863636363,3834.2539646256314
2287,Customer,107554.525,123836.0825,375,0,0.0,335,124237.16477272728,106952.31863636363,723.5464697586496
2379,Customer,108915.975,120377.5375,293,0,0.0,335,124237.16477272728,106952.31863636363,4330.435197394113
2588,Customer,106953.1575,124465.27,343,0,0.0,335,124237.16477272728,106952.31863636363,228.10676974027277
268,Facility,82253.4775,96590.5675,0,5021,69064.3831,290,95681.9934375,85949.74625,3806.2986613341764
1858,Customer,87712.0625,98592.3275,271,0,0.0,290,95681.9934375,85949.74625,3402.3231651860788
2269,Customer,82798.955,90249.72,272,0,0.0,290,95681.9934375,85949.74625,6279.894919570278
2544,Customer,86313.17,95103.15,338,0,0.0,290,95681.9934375,85949.74625,683.4738818717861
2556,Customer,89113.11,95267.765,320,0,0.0,290,95681.9934375,85949.74625,3190.3691656684155
2639,Customer,87424.7675,99377.76,228,0,0.0,290,95681.9934375,85949.74625,3979.243417088806
2841,Customer,84154.92,97222.2075,483,0,0.0,290,95681.9934375,85949.74625,2365.092096729389
2922,Customer,87827.5075,93052.45,361,0,0.0,290,95681.9934375,85949.74625,3231.1740902806428
271,Facility,67364.415,170055.58,0,5047,40516.3927,334,164856.79333333333,66114.86458333333,5346.845710257852
400,Facility,66031.0275,162283.6325,0,6587,47959.3236,334,164856.79333333333,66114.86458333333,2574.526234230777
492,Facility,62491.8425,167155.8,0,4159,59294.8814,334,164856.79333333333,66114.86458333333,4290.8880980163885
1227,Customer,68505.2975,159024.9175,399,0,0.0,334,164856.79333333333,66114.86458333333,6302.772823488151
2233,Customer,66001.81,164525.0425,344,0,0.0,334,164856.79333333333,66114.86458333333,350.48531243124614
2555,Customer,66294.795,166095.7875,304,0,0.0,334,164856.79333333333,66114.86458333333,1251.9910142951826
272,Facility,100231.215,54059.8725,0,4679,52771.3563,109,52906.20916666667,99605.06666666667,1312.6312589657
25,Customer,96394.4875,53437.2325,350,0,0.0,109,52906.20916666667,99605.06666666667,3254.1979604778876
595,Customer,98206.945,49632.21,297,0,0.0,109,52906.20916666667,99605.06666666667,3560.0301597229195
693,Customer,102292.8175,55140.7475,353,0,0.0,109,52906.20916666667,99605.06666666667,3495.3062963380125
705,Customer,102446.285,55948.4525,423,0,0.0,109,52906.20916666667,99605.06666666667,4162.663344168079
986,Customer,98688.1425,52538.3,224,0,0.0,109,52906.20916666667,99605.06666666667,987.981316794359
1643,Customer,102626.48,52991.2225,282,0,0.0,109,52906.20916666667,99605.06666666667,3022.60910434824
1734,Customer,96128.2675,54051.6675,364,0,0.0,109,52906.20916666667,99605.06666666667,3660.629350089516
1998,Customer,95358.8575,52119.91,254,0,0.0,109,52906.20916666667,99605.06666666667,4318.39769666768
2153,Customer,99131.2825,51241.25,401,0,0.0,109,52906.20916666667,99605.06666666667,1731.0576140762587
2187,Customer,101447.4875,51578.6275,455,0,0.0,109,52906.20916666667,99605.06666666667,2270.900175870826
2448,Customer,102308.5325,52135.0175,211,0,0.0,109,52906.20916666667,99605.06666666667,2811.3100324825105
273,Facility,147597.87,17137.08,0,6395,38751.088,185,19539.987692307695,149726.78,3210.3306941577684
412,Facility,147550.54,18388.25,0,4439,38920.0029,185,19539.987692307695,149726.78,2462.218562492415
110,Customer,147437.035,21699.9875,340,0,0.0,185,19539.987692307695,149726.78,3147.781970571623
535,Customer,146459.395,19246.0475,307,0,0.0,185,19539.987692307695,149726.78,3280.5800668294846
538,Customer,153468.19,20959.085,358,0,0.0,185,19539.987692307695,149726.78,4001.4979641128857
1114,Customer,150023.525,16621.075,222,0,0.0,185,19539.987692307695,149726.78,2933.9578900079587
1263,Customer,148495.105,17246.31,374,0,0.0,185,19539.987692307695,149726.78,2603.4555233026203
1398,Customer,149350.4575,21704.2425,349,0,0.0,185,19539.987692307695,149726.78,2196.728817270241
1572,Customer,147939.175,23770.32,422,0,0.0,185,19539.987692307695,149726.78,4592.5203395880935
2291,Customer,152288.385,24464.2175,247,0,0.0,185,19539.987692307695,149726.78,5550.662967159007
2569,Customer,151341.12,22704.6425,311,0,0.0,185,19539.987692307695,149726.78,3552.623493624116
2669,Customer,154056.275,14878.13,294,0,0.0,185,19539.987692307695,149726.78,6362.188624864356
2764,Customer,150441.0675,15200.4525,261,0,0.0,185,19539.987692307695,149726.78,4397.928184717578
275,Facility,177187.5475,188717.135,0,5346,58969.1008,44,187493.83925000002,181346.08925000002,4334.734360772454
1162,Customer,180723.035,183751.0575,281,0,0.0,44,187493.83925000002,181346.08925000002,3794.286734891859
1222,Customer,179785.6825,189726.465,403,0,0.0,44,187493.83925000002,181346.08925000002,2723.873522212182
1279,Customer,181577.0575,184229.6225,405,0,0.0,44,187493.83925000002,181346.08925000002,3272.377931029476
1347,Customer,185050.3575,185823.81,384,0,0.0,44,187493.83925000002,181346.08925000002,4063.323881234875
1723,Customer,180979.1925,187907.135,421,0,0.0,44,187493.83925000002,181346.08925000002,552.6541433198773
2077,Customer,183461.17,190907.0475,332,0,0.0,44,187493.83925000002,181346.08925000002,4015.414939565819
2257,Customer,181041.2075,186951.6175,286,0,0.0,44,187493.83925000002,181346.08925000002,622.0589261928257
2324,Customer,188007.8,190544.875,302,0,0.0,44,187493.83925000002,181346.08925000002,7327.1556053111835
2444,Customer,175647.8425,186379.6275,402,0,0.0,44,187493.83925000002,181346.08925000002,5806.1591304169315
276,Facility,95130.795,2552.455,0,5168,48185.5489,196,3568.1318181818206,97832.9025,2886.6908979917102
48,Customer,100657.165,2875.6425,406,0,0.0,196,3568.1318181818206,97832.9025,2907.9202404299463
278,Customer,97505.665,5377.8275,441,0,0.0,196,3568.1318181818206,97832.9025,1839.044002246172
416,Customer,102320.31,5948.31,335,0,0.0,196,3568.1318181818206,97832.9025,5079.574219189986
859,Customer,100767.4725,5166.6275,347,0,0.0,196,3568.1318181818206,97832.9025,3341.6896219863697
1138,Customer,91055.9775,3156.755,340,0,0.0,196,3568.1318181818206,97832.9025,6789.399335888444
1375,Customer,94393.25,448.57,309,0,0.0,196,3568.1318181818206,97832.9025,4643.584311522091
1820,Customer,102548.395,4527.8825,344,0,0.0,196,3568.1318181818206,97832.9025,4812.171120066989
1868,Customer,95460.87,4822.8075,348,0,0.0,196,3568.1318181818206,97832.9025,2683.421183415337
2131,Customer,92595.235,3781.4125,329,0,0.0,196,3568.1318181818206,97832.9025,5242.008154304325
2723,Customer,103726.7925,591.16,377,0,0.0,196,3568.1318181818206,97832.9025,6603.05236525872
277,Facility,31684.83,176466.515,0,5561,64720.6967,276,177777.5375,33065.10272727272,1903.6629946393093
14,Customer,31065.75,175694.5625,390,0,0.0,276,177777.5375,33065.10272727272,2887.2471627274826
107,Customer,36478.1475,180362.5825,308,0,0.0,276,177777.5375,33065.10272727272,4281.510512969214
853,Customer,36295.1675,179020.42,463,0,0.0,276,177777.5375,33065.10272727272,3460.935616971227
905,Customer,32062.035,176842.1675,274,0,0.0,276,177777.5375,33065.10272727272,1371.5181013738231
913,Customer,30458.84,176775.5975,361,0,0.0,276,177777.5375,33065.10272727272,2792.219398108081
1073,Customer,31798.2775,180090.265,354,0,0.0,276,177777.5375,33065.10272727272,2636.9593560976386
1691,Customer,35432.8975,170785.7825,309,0,0.0,276,177777.5375,33065.10272727272,7381.8080485596265
1825,Customer,35129.87,179999.6225,320,0,0.0,276,177777.5375,33065.10272727272,3033.302760647314
1830,Customer,30649.835,176922.685,309,0,0.0,276,177777.5375,33065.10272727272,2562.087233323918
2440,Customer,32660.48,182592.7125,275,0,0.0,276,177777.5375,33065.10272727272,4832.1454688420245
280,Facility,159151.8025,169790.8875,0,3894,56890.1408,124,173943.9369642857,156671.38357142857,4837.385441953029
311,Facility,160358.7475,172698.57,0,5745,81900.7912,124,173943.9369642857,156671.38357142857,3891.9907011019322
477,Facility,154623.6175,174112.3175,0,4195,46027.5307,124,173943.9369642857,156671.38357142857,2054.6770763556615
502,Customer,153422.2025,177895.41,204,0,0.0,124,173943.9369642857,156671.38357142857,5115.790924862623
517,Customer,152854.525,177280.085,506,0,0.0,124,173943.9369642857,156671.38357142857,5069.3483871685185
1001,Customer,150585.1775,172805.9925,434,0,0.0,124,173943.9369642857,156671.38357142857,6191.6735982844375
1004,Customer,156936.6875,176908.05,370,0,0.0,124,173943.9369642857,156671.38357142857,2975.962409541958
1435,Customer,160105.0625,175454.29,338,0,0.0,124,173943.9369642857,156671.38357142857,3751.17545270904
1615,Customer,154861.8675,176275.1475,304,0,0.0,124,173943.9369642857,156671.38357142857,2951.0830172300457
1761,Customer,157951.0425,172258.615,327,0,0.0,124,173943.9369642857,156671.38357142857,2116.090049307088
2326,Customer,160639.165,172117.715,236,0,0.0,124,173943.9369642857,156671.38357142857,4367.88004960713
2485,Customer,156367.4975,170363.0175,321,0,0.0,124,173943.9369642857,156671.38357142857,3593.790610776956
2889,Customer,157024.0425,172552.205,238,0,0.0,124,173943.9369642857,156671.38357142857,1435.7180016687616
2978,Customer,158517.9325,174702.815,305,0,0.0,124,173943.9369642857,156671.38357142857,1996.4064763213628
282,Facility,98459.855,191750.0375,0,5706,31587.7478,309,193748.49625000003,94803.29,4167.049912669232
810,Customer,92197.265,190738.745,401,0,0.0,309,193748.49625000003,94803.29,3981.2019400555046
906,Customer,98098.9925,195249.705,237,0,0.0,309,193748.49625000003,94803.29,3621.5028205957115
928,Customer,94939.465,196965.52,318,0,0.0,309,193748.49625000003,94803.29,3219.9045698108557
1182,Customer,86915.7875,199673.53,445,0,0.0,309,193748.49625000003,94803.29,9865.025120401104
1244,Customer,94356.6525,192645.89,386,0,0.0,309,193748.49625000003,94803.29,1189.6325478673384
2145,Customer,98889.0875,189500.2575,372,0,0.0,309,193748.49625000003,94803.29,5894.172858680679
2175,Customer,94569.215,193464.285,239,0,0.0,309,193748.49625000003,94803.29,368.1944326732463
286,Facility,11047.095,65144.46,0,4517,66369.647,181,66374.61145833334,11646.748958333337,1368.5238325233822
377,Facility,11820.245,64706.8675,0,4837,60499.9957,181,66374.61145833334,11646.748958333337,1676.7441030256696
406,Facility,16218.5,69823.765,0,4581,61030.8375,181,66374.61145833334,11646.748958333337,5726.916075949767
210,Customer,4218.53,68471.84,428,0,0.0,181,66374.61145833334,11646.748958333337,7718.601197686279
316,Customer,13373.8875,64078.86,346,0,0.0,181,66374.61145833334,11646.748958333337,2872.88745003178
441,Customer,11066.14,67946.2625,412,0,0.0,181,66374.61145833334,11646.748958333337,1675.4682209068637
640,Customer,11028.9825,69228.18,363,0,0.0,181,66374.61145833334,11646.748958333337,2919.672724644196
1140,Customer,13244.75,67407.9,377,0,0.0,181,66374.61145833334,11646.748958333337,1902.969400570419
1333,Customer,7927.7575,63290.3425,310,0,0.0,181,66374.61145833334,11646.748958333337,4831.522790435222
1368,Customer,11563.3175,69509.86,337,0,0.0,181,66374.61145833334,11646.748958333337,3136.3584339584895
1551,Customer,13688.4475,64384.9,276,0,0.0,181,66374.61145833334,11646.748958333337,2850.8743610455303
2963,Customer,14563.335,62502.1,306,0,0.0,181,66374.61145833334,11646.748958333337,4847.970620101552
289,Facility,18158.73,115350.2125,0,4344,33264.8042,21,114240.37525000001,19091.25324999998,1449.5993699219273
442,Facility,19871.48,111409.12,0,5542,37782.5058,21,114240.37525000001,19091.25324999998,2936.7941827898408
121,Customer,19068.1475,116598.51,328,0,0.0,21,114240.37525000001,19091.25324999998,2358.2479460057934
489,Customer,18076.2375,116051.655,410,0,0.0,21,114240.37525000001,19091.25324999998,2076.2926830069114
657,Customer,16899.57,118212.97,318,0,0.0,21,114240.37525000001,19091.25324999998,4537.067832428555
839,Customer,19632.875,110506.005,369,0,0.0,21,114240.37525000001,19091.25324999998,3773.4434253289396
1706,Customer,18228.635,110384.9125,252,0,0.0,21,114240.37525000001,19091.25324999998,3950.7851449896184
2504,Customer,21180.8825,117335.1975,261,0,0.0,21,114240.37525000001,19091.25324999998,3734.230196647042
2519,Customer,20442.63,110926.585,370,0,0.0,21,114240.37525000001,19091.25324999998,3578.7462806736826
2719,Customer,19353.345,115628.585,275,0,0.0,21,114240.37525000001,19091.25324999998,1412.734368313138
290,Facility,197688.81,20759.1475,0,5109,60897.39,296,18879.225416666683,196641.19916666666,2152.1141924911076
306,Facility,197211.415,17843.9725,0,4740,51736.8866,296,18879.225416666683,196641.19916666666,1181.902998579376
259,Customer,197381.2525,22246.2175,420,0,0.0,296,18879.225416666683,196641.19916666666,3447.363431001585
269,Customer,194131.4025,15637.3675,281,0,0.0,296,18879.225416666683,196641.19916666666,4099.844150680063
581,Customer,198297.085,16145.095,292,0,0.0,296,18879.225416666683,196641.19916666666,3196.4710273011956
2254,Customer,195137.23,20643.5525,361,0,0.0,296,18879.225416666683,196641.19916666666,2318.355734409072
297,Facility,67799.0375,6073.4325,0,5848,57986.6762,227,8248.188928571413,68570.47,2307.525433374231
460,Customer,70427.02,8619.81,365,0,0.0,227,8248.188928571413,68570.47,1893.377966289283
951,Customer,67680.01,6161.5125,477,0,0.0,227,8248.188928571413,68570.47,2268.730378241443
1585,Customer,69859.54,12285.5625,220,0,0.0,227,8248.188928571413,68570.47,4238.170220763909
2121,Customer,68948.4525,11643.62,342,0,0.0,227,8248.188928571413,68570.47,3416.404971769145
2836,Customer,66937.895,12865.305,257,0,0.0,227,8248.188928571413,68570.47,4897.250447717489
2926,Customer,68341.335,88.08,408,0,0.0,227,8248.188928571413,68570.47,8163.3253380210135
301,Facility,269.595,27474.96,0,4111,59823.9247,136,32508.0175,4648.682187499988,6671.437056139615
431,Facility,5711.825,30283.48,0,3434,47889.1039,136,32508.0175,4648.682187499988,2465.53031388314
99,Customer,8525.86,30297.3475,535,0,0.0,136,32508.0175,4648.682187499988,4463.134508239965
533,Customer,2757.7575,27792.9625,336,0,0.0,136,32508.0175,4648.682187499988,5080.09250179777
892,Customer,2006.49,31535.55,334,0,0.0,136,32508.0175,4648.682187499988,2815.470226133146
941,Customer,5346.02,33219.195,211,0,0.0,136,32508.0175,4648.682187499988,996.0188056701288
1269,Customer,5496.8475,36637.5825,313,0,0.0,136,32508.0175,4648.682187499988,4215.767010468345
1410,Customer,6887.1925,36102.8975,323,0,0.0,136,32508.0175,4648.682187499988,4234.866070322518
1803,Customer,5150.715,37741.3275,286,0,0.0,136,32508.0175,4648.682187499988,5257.334923792344
1963,Customer,1983.8025,37231.84,359,0,0.0,136,32508.0175,4648.682187499988,5423.659535807556
2220,Customer,8544.29,28627.2625,335,0,0.0,136,32508.0175,4648.682187499988,5498.728907560014
2515,Customer,5384.7575,31502.4225,345,0,0.0,136,32508.0175,4648.682187499988,1246.205508612842
2636,Customer,2665.555,29351.635,227,0,0.0,136,32508.0175,4648.682187499988,3727.67272277327
2750,Customer,6541.64,35894.845,380,0,0.0,136,32508.0175,4648.682187499988,3879.9342513322413
2756,Customer,6364.84,33680.69,277,0,0.0,136,32508.0175,4648.682187499988,2078.5471920697587
2815,Customer,741.7275,32754.2825,324,0,0.0,136,32508.0175,4648.682187499988,3914.708339123507
305,Facility,159888.5825,64614.9275,0,5487,64390.8026,229,62108.97772727273,164076.275,4880.220562432413
446,Facility,167229.0625,62212.46,0,4996,54366.009,229,62108.97772727273,164076.275,3154.4853147423414
479,Facility,161301.85,57984.815,0,4374,58665.5003,229,62108.97772727273,164076.275,4970.528370470342
698,Customer,164136.07,60808.94,332,0,0.0,229,62108.97772727273,164076.275,1301.4121308630251
1318,Customer,162369.61,59221.4425,334,0,0.0,229,62108.97772727273,164076.275,3354.186206960791
1495,Customer,165287.61,63503.97,345,0,0.0,229,62108.97772727273,164076.275,1847.5215623082127
1588,Customer,161821.6425,65594.9575,357,0,0.0,229,62108.97772727273,164076.275,4151.5566581608855
1848,Customer,166814.76,60014.8575,402,0,0.0,229,62108.97772727273,164076.275,3447.4105675851665
1917,Customer,169462.3575,64923.52,334,0,0.0,229,62108.97772727273,164076.275,6077.131963498507
2517,Customer,164964.3075,63240.1325,315,0,0.0,229,62108.97772727273,164076.275,1438.0934743332696
2774,Customer,161563.1725,61078.7325,359,0,0.0,229,62108.97772727273,164076.275,2716.0797859828294
308,Facility,108255.41,72001.72,0,5449,51071.4,89,76608.345,105708.67666666667,5263.729149731787
281,Customer,102728.9775,77862.2825,331,0,0.0,89,76608.345,105708.67666666667,3232.795443225617
285,Customer,106003.15,73773.5975,425,0,0.0,89,76608.345,105708.67666666667,2850.0013917190777
680,Customer,107319.0325,80234.1275,373,0,0.0,89,76608.345,105708.67666666667,3967.309497286159
1549,Customer,107344.5025,80473.38,289,0,0.0,89,76608.345,105708.67666666667,4196.953860626268
1823,Customer,102600.9875,75304.9625,202,0,0.0,89,76608.345,105708.67666666667,3369.9462752280797
310,Facility,126563.8025,21676.56,0,4589,49726.1333,61,18523.88307692307,124242.81923076924,3914.8863479481715
339,Facility,126621.2175,17075.75,0,5764,54366.4387,61,18523.88307692307,124242.81923076924,2784.5767605793453
93,Customer,126744.965,19694.2025,369,0,0.0,61,18523.88307692307,124242.81923076924,2762.3144286106362
900,Customer,123394.135,16458.7125,430,0,0.0,61,18523.88307692307,124242.81923076924,2232.754898179632
917,Customer,121565.3775,17377.16,346,0,0.0,61,18523.88307692307,124242.81923076924,2912.673692127642
1025,Customer,122310.2425,14226.11,336,0,0.0,61,18523.88307692307,124242.81923076924,4712.2930979551265
1792,Customer,119813.9325,14280.4475,300,0,0.0,61,18523.88307692307,124242.81923076924,6133.659851139471
2024,Customer,124794.745,24951.325,237,0,0.0,61,18523.88307692307,124242.81923076924,6451.095389875106
2047,Customer,123062.9925,21548.1325,344,0,0.0,61,18523.88307692307,124242.81923076924,3246.240238740624
2488,Customer,125680.105,20734.3025,398,0,0.0,61,18523.88307692307,124242.81923076924,2636.6160904365674
2577,Customer,123741.695,18065.7225,439,0,0.0,61,18523.88307692307,124242.81923076924,678.9967664949023
2783,Customer,123954.2575,19858.0,491,0,0.0,61,18523.88307692307,124242.81923076924,1364.9673391348194
2904,Customer,126909.1825,14864.055,332,0,0.0,61,18523.88307692307,124242.81923076924,4528.116013988307
313,Facility,181145.765,128289.2175,0,5113,35934.929,346,127626.39931818182,176960.43454545457,4237.489699798022
432,Facility,175444.245,125660.945,0,4717,45980.6803,346,127626.39931818182,176960.43454545457,2482.305665023003
446,Customer,174908.525,125351.035,374,0,0.0,346,127626.39931818182,176960.43454545457,3063.921598733005
495,Customer,178001.05,132103.92,275,0,0.0,346,127626.39931818182,176960.43454545457,4596.854574635618
1300,Customer,175168.49,123182.25,362,0,0.0,346,127626.39931818182,176960.43454545457,4791.818904787657
1406,Customer,180262.1925,126474.27,261,0,0.0,346,127626.39931818182,176960.43454545457,3496.9997935685037
1850,Customer,178526.1025,130118.76,401,0,0.0,346,127626.39931818182,176960.43454545457,2943.32769364263
1957,Customer,172176.18,125293.835,327,0,0.0,346,127626.39931818182,176960.43454545457,5322.588454329131
2138,Customer,178182.415,129095.12,429,0,0.0,346,127626.39931818182,176960.43454545457,1910.5958946076264
2213,Customer,173915.02,129331.795,422,0,0.0,346,127626.39931818182,176960.43454545457,3490.404587613076
2808,Customer,178834.795,128989.245,329,0,0.0,346,127626.39931818182,176960.43454545457,2317.450207882414
314,Facility,159713.265,191040.17,0,6390,58805.7525,141,191200.1725,158175.53208333335,1546.0347095089412
348,Facility,157309.9975,194533.0625,0,4784,48427.1725,141,191200.1725,158175.53208333335,3443.4438963116763
177,Customer,158662.0725,187972.625,264,0,0.0,141,191200.1725,158175.53208333335,3264.0135480427043
534,Customer,159085.6975,187059.4075,383,0,0.0,141,191200.1725,158175.53208333335,4239.615061644259
1521,Customer,156901.5825,196812.505,279,0,0.0,141,191200.1725,158175.53208333335,5755.104137322947
1847,Customer,157380.5775,189783.265,305,0,0.0,141,191200.1725,158175.53208333335,1624.6783229669973
317,Facility,79472.8425,100054.7825,0,4519,53792.3395,26,97260.785,77325.3265909091,3523.953264418351
441,Facility,75982.885,103667.3975,0,4508,53401.2186,26,97260.785,77325.3265909091,6545.749242841407
509,Customer,77303.4675,96488.1375,413,0,0.0,26,97260.785,77325.3265909091,772.9566476275576
645,Customer,77228.885,92082.9025,248,0,0.0,26,97260.785,77325.3265909091,5178.780567301863
681,Customer,76159.875,93638.45,464,0,0.0,26,97260.785,77325.3265909091,3805.2054166598678
1831,Customer,80743.4125,101491.855,313,0,0.0,26,97260.785,77325.3265909091,5439.233827187957
1988,Customer,78191.6575,93877.9625,368,0,0.0,26,97260.785,77325.3265909091,3491.9933147920806
2042,Customer,77674.515,94707.8825,213,0,0.0,26,97260.785,77325.3265909091,2576.672994298979
2237,Customer,77305.5525,101104.5025,331,0,0.0,26,97260.785,77325.3265909091,3843.768363790607
2601,Customer,74893.85,93493.655,278,0,0.0,26,97260.785,77325.3265909091,4483.675595874321
2746,Customer,75621.65,99261.1075,273,0,0.0,26,97260.785,77325.3265909091,2627.509092356846
320,Facility,161046.77,35730.32,0,4804,45355.0743,262,40747.54318181818,160632.52386363636,5034.295215585391
478,Customer,163701.0325,38616.315,287,0,0.0,262,40747.54318181818,160632.52386363636,3736.024466517082
713,Customer,162803.8575,40015.0725,158,0,0.0,262,40747.54318181818,160632.52386363636,2291.5503616825386
1020,Customer,154287.7425,41440.43,392,0,0.0,262,40747.54318181818,160632.52386363636,6382.502855084166
1033,Customer,160085.7,40791.4725,328,0,0.0,262,40747.54318181818,160632.52386363636,548.585565648704
1129,Customer,161857.3625,39171.295,435,0,0.0,262,40747.54318181818,160632.52386363636,1996.1933813672042
1781,Customer,160429.4875,40967.94,466,0,0.0,262,40747.54318181818,160632.52386363636,299.66401589672563
2380,Customer,162471.405,41527.4,399,0,0.0,262,40747.54318181818,160632.52386363636,1997.413450074541
2451,Customer,160753.705,40239.595,359,0,0.0,262,40747.54318181818,160632.52386363636,522.2032393836473
2671,Customer,159649.8125,44840.3975,244,0,0.0,262,40747.54318181818,160632.52386363636,4209.17784063344
2711,Customer,159870.8875,44882.7375,332,0,0.0,262,40747.54318181818,160632.52386363636,4204.749933056236
322,Facility,63135.4925,181599.5025,0,4655,52732.0041,176,181265.16791666666,63526.10979166667,514.160949666235
331,Facility,61405.3275,185642.8875,0,3581,53114.6753,176,181265.16791666666,63526.10979166667,4864.375219794139
308,Customer,64269.525,175393.5175,359,0,0.0,176,181265.16791666666,63526.10979166667,5918.525558576493
592,Customer,65251.84,181830.405,312,0,0.0,176,181265.16791666666,63526.10979166667,1815.9398977745298
678,Customer,58012.01,182253.97,195,0,0.0,176,181265.16791666666,63526.10979166667,5602.055522079619
1352,Customer,63686.845,186566.1225,283,0,0.0,176,181265.16791666666,63526.10979166667,5303.390924848054
1774,Customer,67221.2175,174713.355,436,0,0.0,176,181265.16791666666,63526.10979166667,7521.972711409177
1817,Customer,67201.4,181152.4125,366,0,0.0,176,181265.16791666666,63526.10979166667,3677.01943147687
1927,Customer,67366.3325,178928.42,351,0,0.0,176,181265.16791666666,63526.10979166667,4495.297684875265
2385,Customer,60524.1225,185127.4925,273,0,0.0,176,181265.16791666666,63526.10979166667,4891.776659491848
2694,Customer,59080.71,179980.2175,317,0,0.0,176,181265.16791666666,63526.10979166667,4627.383373035122
2930,Customer,65158.495,181993.7125,339,0,0.0,176,181265.16791666666,63526.10979166667,1787.5845933241324
330,Facility,141461.2575,47505.77,0,5432,61575.6059,203,47490.12694444445,140332.76638888888,1128.5995273098176
11,Customer,139914.79,44740.5525,401,0,0.0,203,47490.12694444445,140332.76638888888,2781.1623266559945
435,Customer,142613.525,47144.735,277,0,0.0,203,47490.12694444445,140332.76638888888,2306.762978167593
1132,Customer,138201.7625,47892.1875,289,0,0.0,203,47490.12694444445,140332.76638888888,2168.6009925279272
1367,Customer,135881.7575,49800.31,261,0,0.0,203,47490.12694444445,140332.76638888888,5014.82062282827
2056,Customer,140152.8525,45957.0725,333,0,0.0,203,47490.12694444445,140332.76638888888,1543.5753745917254
2693,Customer,142401.285,48223.0525,360,0,0.0,203,47490.12694444445,140332.76638888888,2194.527082197782
2960,Customer,139376.4475,51696.35,299,0,0.0,203,47490.12694444445,140332.76638888888,4313.566762011771
2973,Customer,142991.22,44451.1125,326,0,0.0,203,47490.12694444445,140332.76638888888,4037.695431303821
333,Facility,119187.76,27142.1075,0,5379,33424.8775,110,30465.063928571442,119621.76428571428,3351.1787696574247
145,Customer,124118.15,28098.1125,223,0,0.0,110,30465.063928571442,119621.76428571428,5081.332852397003
770,Customer,116827.9975,36146.85,306,0,0.0,110,30465.063928571442,119621.76428571428,6331.494753566479
1212,Customer,120268.425,33408.165,342,0,0.0,110,30465.063928571442,119621.76428571428,3013.306157038221
1345,Customer,123885.96,30696.245,295,0,0.0,110,30465.063928571442,119621.76428571428,4270.457794841161
1607,Customer,115958.7125,29801.3775,311,0,0.0,110,30465.063928571442,119621.76428571428,3722.6909702921253
2824,Customer,117105.345,27962.59,367,0,0.0,110,30465.063928571442,119621.76428571428,3548.907125397133
335,Facility,186205.6525,101279.415,0,5173,55942.8704,80,104791.75944444444,184484.12333333335,3911.5503535176076
443,Facility,181652.3675,105676.0325,0,5371,58706.4724,80,104791.75944444444,184484.12333333335,2966.610850178882
379,Customer,183936.7175,107585.4125,340,0,0.0,80,104791.75944444444,184484.12333333335,2846.778976524579
383,Customer,183209.78,102163.8,334,0,0.0,80,104791.75944444444,184484.12333333335,2920.637220343512
568,Customer,184697.9125,107535.9275,435,0,0.0,80,104791.75944444444,184484.12333333335,2752.483265147244
982,Customer,182408.945,105076.305,330,0,0.0,80,104791.75944444444,184484.12333333335,2094.5957338643116
999,Customer,189526.4025,104324.0225,407,0,0.0,80,104791.75944444444,184484.12333333335,5063.92703776414
1415,Customer,183564.5625,103217.6525,373,0,0.0,80,104791.75944444444,184484.12333333335,1823.0207894450766
1507,Customer,183645.3425,107976.0325,509,0,0.0,80,104791.75944444444,184484.12333333335,3292.893587516083
1565,Customer,188960.77,101248.33,308,0,0.0,80,104791.75944444444,184484.12333333335,5709.313234175661
1732,Customer,180341.13,101102.745,364,0,0.0,80,104791.75944444444,184484.12333333335,5547.361654999998
2020,Customer,188856.3175,108457.5875,407,0,0.0,80,104791.75944444444,184484.12333333335,5705.644325046219
2059,Customer,183758.99,101217.02,364,0,0.0,80,104791.75944444444,184484.12333333335,3647.544440685825
2308,Customer,187966.9975,107033.8825,165,0,0.0,80,104791.75944444444,184484.12333333335,4142.164682516584
2419,Customer,188428.3325,104526.275,357,0,0.0,80,104791.75944444444,184484.12333333335,3953.1339391246424
2479,Customer,185624.89,105962.2,326,0,0.0,80,104791.75944444444,184484.12333333335,1634.404993221377
2507,Customer,178188.1525,105394.945,399,0,0.0,80,104791.75944444444,184484.12333333335,6324.7989334535505
2736,Customer,179740.9575,106474.085,376,0,0.0,80,104791.75944444444,184484.12333333335,5032.677358760077
337,Facility,53846.585,197777.305,0,2264,35357.7498,62,197738.63464285713,56339.71071428572,2493.4256002043144
428,Facility,59752.3275,199424.5225,0,5947,57262.0713,62,197738.63464285713,56339.71071428572,3806.3330375836294
202,Customer,59708.305,193947.25,362,0,0.0,62,197738.63464285713,56339.71071428572,5071.688572047752
239,Customer,54396.885,199360.775,367,0,0.0,62,197738.63464285713,56339.71071428572,2530.9901411031615
811,Customer,52596.085,196151.7,429,0,0.0,62,197738.63464285713,56339.71071428572,4066.0908806077264
870,Customer,56280.8925,198264.2775,293,0,0.0,62,197738.63464285713,56339.71071428572,528.92343075069
1337,Customer,57796.895,199244.6125,423,0,0.0,62,197738.63464285713,56339.71071428572,2095.556095344916
338,Facility,37635.52,150550.7325,0,3264,56659.4748,245,146773.35153846155,41534.570192307685,5428.7382816569725
352,Facility,47921.105,142658.4875,0,3807,52916.0731,245,146773.35153846155,41534.570192307685,7597.363549606516
44,Customer,42914.115,148582.075,232,0,0.0,245,146773.35153846155,41534.570192307685,2274.780085360014
830,Customer,37290.865,148703.8575,247,0,0.0,245,146773.35153846155,41534.570192307685,4662.1762114654975
1189,Customer,46832.22,149211.92,313,0,0.0,245,146773.35153846155,41534.570192307685,5831.955900600803
1325,Customer,42782.65,147046.9625,307,0,0.0,245,146773.35153846155,41534.570192307685,1277.7191258814607
1354,Customer,39227.035,142144.29,353,0,0.0,245,146773.35153846155,41534.570192307685,5172.323403520158
1815,Customer,39051.16,144699.785,405,0,0.0,245,146773.35153846155,41534.570192307685,3235.275007272961
1816,Customer,37754.9775,150771.855,387,0,0.0,245,146773.35153846155,41534.570192307685,5502.12239519267
2186,Customer,39922.205,145057.7,400,0,0.0,245,146773.35153846155,41534.570192307685,2354.396252713383
2566,Customer,43946.295,143867.585,359,0,0.0,245,146773.35153846155,41534.570192307685,3776.227710835427
2737,Customer,43177.495,148116.63,340,0,0.0,245,146773.35153846155,41534.570192307685,2122.1684544267378
2919,Customer,41493.77,146641.69,328,0,0.0,245,146773.35153846155,41534.570192307685,137.83837057367154
340,Facility,67431.555,50046.395,0,5540,63108.4495,2,48458.07225,67443.495,1588.3676280280836
203,Customer,71894.5575,48035.7425,337,0,0.0,2,48458.07225,67443.495,4471.053544371987
361,Customer,63125.4525,44950.71,384,0,0.0,2,48458.07225,67443.495,5563.010065111447
482,Customer,70999.78,49751.9175,384,0,0.0,2,48458.07225,67443.495,3784.3359433555315
883,Customer,66488.0425,49897.555,279,0,0.0,2,48458.07225,67443.495,1727.7152737947938
1450,Customer,68948.7125,44474.7625,336,0,0.0,2,48458.07225,67443.495,4258.219849508866
2298,Customer,67738.5975,50234.7125,314,0,0.0,2,48458.07225,67443.495,1800.9819719881516
2367,Customer,65677.6075,51489.0325,392,0,0.0,2,48458.07225,67443.495,3507.859561005304
2641,Customer,66594.6725,50985.88,278,0,0.0,2,48458.07225,67443.495,2666.5167648950387
2771,Customer,65535.9725,44714.015,392,0,0.0,2,48458.07225,67443.495,4201.976532452765
341,Facility,114317.6175,89567.7225,0,5299,59158.8143,33,88391.55611111112,113973.14833333333,1225.571858821811
353,Facility,111867.775,88040.9675,0,5752,46753.4253,33,88391.55611111112,113973.14833333333,2134.3638975001304
600,Customer,111298.225,92702.94,212,0,0.0,33,88391.55611111112,113973.14833333333,5073.780235345409
758,Customer,115961.355,86074.51,304,0,0.0,33,88391.55611111112,113973.14833333333,3053.1407485395994
1035,Customer,112972.29,86803.1275,351,0,0.0,33,88391.55611111112,113973.14833333333,1877.4511594177807
1181,Customer,115388.76,83156.5425,253,0,0.0,33,88391.55611111112,113973.14833333333,5423.036409551522
1560,Customer,110701.08,90278.7475,221,0,0.0,33,88391.55611111112,113973.14833333333,3777.2903669560665
1971,Customer,116584.975,86094.0175,363,0,0.0,33,88391.55611111112,113973.14833333333,3478.5517397700937
2001,Customer,116666.2575,92805.43,405,0,0.0,33,88391.55611111112,113973.14833333333,5170.601482477556
342,Facility,81756.425,176916.03,0,5862,38894.3695,257,173773.7472916667,84571.22,4218.650437179586
12,Customer,84015.96,174590.645,365,0,0.0,257,173773.7472916667,84571.22,987.7426453688194
299,Customer,82962.815,177168.7125,388,0,0.0,257,173773.7472916667,84571.22,3756.6947453604216
406,Customer,86599.78,173946.5975,309,0,0.0,257,173773.7472916667,84571.22,2035.910820276974
438,Customer,82139.445,178155.245,383,0,0.0,257,173773.7472916667,84571.22,5011.092876684186
475,Customer,87166.64,170888.1075,291,0,0.0,257,173773.7472916667,84571.22,3881.1238042157433
1170,Customer,83406.995,169897.4825,376,0,0.0,257,173773.7472916667,84571.22,4047.3261032118116
1334,Customer,84435.6175,170027.5975,257,0,0.0,257,173773.7472916667,84571.22,3748.6032464920313
1805,Customer,88451.0025,174310.1575,296,0,0.0,257,173773.7472916667,84571.22,3916.688417389166
2016,Customer,80799.855,176988.8075,480,0,0.0,257,173773.7472916667,84571.22,4955.785115038106
2349,Customer,88937.25,172829.7575,364,0,0.0,257,173773.7472916667,84571.22,4466.915567555637
2775,Customer,84182.855,169565.8275,163,0,0.0,257,173773.7472916667,84571.22,4225.803633195124
343,Facility,66373.565,194157.395,0,5887,33763.7275,187,193940.8175,66614.98583333334,324.32982020407314
46,Customer,68316.7825,192898.6275,347,0,0.0,187,193940.8175,66614.98583333334,1995.5630510654794
462,Customer,66152.6625,193241.705,464,0,0.0,187,193940.8175,66614.98583333334,838.1534180570519
584,Customer,66509.3125,193297.2025,244,0,0.0,187,193940.8175,66614.98583333334,652.2324137934016
824,Customer,68840.13,193276.115,302,0,0.0,187,193940.8175,66614.98583333334,2322.3040231539358
861,Customer,61537.585,193863.86,342,0,0.0,187,193940.8175,66614.98583333334,5077.98401721986
924,Customer,61878.2175,190701.055,296,0,0.0,187,193940.8175,66614.98583333334,5738.731157675522
2057,Customer,72016.02,197501.2275,327,0,0.0,187,193940.8175,66614.98583333334,6468.979010446757
2199,Customer,67910.5975,196530.17,455,0,0.0,187,193940.8175,66614.98583333334,2895.4025557872023
344,Facility,175070.5525,4624.8925,0,4461,50768.2944,225,4198.604999999996,168349.845,6734.213416072612
346,Customer,170072.3575,1914.2225,282,0,0.0,225,4198.604999999996,168349.845,2861.0230196491816
497,Customer,171659.58,518.5125,254,0,0.0,225,4198.604999999996,168349.845,4949.487506679972
1135,Customer,164709.8625,7035.1375,328,0,0.0,225,4198.604999999996,168349.845,4614.692755088102
1191,Customer,165191.85,2788.685,279,0,0.0,225,4198.604999999996,168349.845,3458.4399411331347
2343,Customer,166720.4625,8434.7825,408,0,0.0,225,4198.604999999996,168349.845,4538.731887081737
2799,Customer,166987.215,7563.09,440,0,0.0,225,4198.604999999996,168349.845,3629.9476349012307
2851,Customer,166386.88,709.5175,446,0,0.0,225,4198.604999999996,168349.845,4003.368977983569
346,Facility,54570.4425,50414.0325,0,5245,48930.7762,248,48944.9921875,55161.1178125,1583.3435396486377
76,Customer,57944.1575,45506.395,247,0,0.0,248,48944.9921875,55161.1178125,4423.715691597171
407,Customer,54941.1825,49030.185,508,0,0.0,248,48944.9921875,55161.1178125,235.85876491267294
747,Customer,56327.1175,47483.0575,280,0,0.0,248,48944.9921875,55161.1178125,1869.9754815948288
1130,Customer,48309.6475,50622.7925,346,0,0.0,248,48944.9921875,55161.1178125,7053.910924564753
2094,Customer,53689.8425,47766.875,386,0,0.0,248,48944.9921875,55161.1178125,1884.8371687376307
2286,Customer,58332.3625,49358.5575,278,0,0.0,248,48944.9921875,55161.1178125,3198.097737046229
2811,Customer,57174.19,51378.0425,281,0,0.0,248,48944.9921875,55161.1178125,3157.877998790075
349,Facility,137847.9525,23522.8925,0,4450,73589.8982,82,22412.408249999993,141270.41075,3598.110023677864
869,Customer,137035.88,24078.1325,338,0,0.0,82,22412.408249999993,141270.41075,4550.372286938035
970,Customer,142395.2325,19614.7825,330,0,0.0,82,22412.408249999993,141270.41075,3015.2833708187504
1074,Customer,136894.6925,17860.4925,384,0,0.0,82,22412.408249999993,141270.41075,6314.019892151205
1419,Customer,141173.7025,22752.1875,330,0,0.0,82,22412.408249999993,141270.41075,353.2738659292942
1580,Customer,144044.48,24264.9725,413,0,0.0,82,22412.408249999993,141270.41075,3335.783941470678
1696,Customer,144988.1375,23554.02,325,0,0.0,82,22412.408249999993,141270.41075,3889.057671905066
2668,Customer,141794.8875,27830.965,380,0,0.0,82,22412.408249999993,141270.41075,5443.880336144542
2792,Customer,141907.5175,17293.4025,420,0,0.0,82,22412.408249999993,141270.41075,5158.500254863668
2915,Customer,144621.625,23352.235,296,0,0.0,82,22412.408249999993,141270.41075,3480.5044561699056
355,Facility,193277.7975,13781.34,0,4371,47329.4608,24,12358.706666666665,188941.18104166666,4564.00349559448
129,Customer,190271.1375,9572.09,457,0,0.0,24,12358.706666666665,188941.18104166666,3087.720296271513
141,Customer,186682.5525,9838.3375,317,0,0.0,24,12358.706666666665,188941.18104166666,3384.326170083981
311,Customer,190040.3075,17274.525,302,0,0.0,24,12358.706666666665,188941.18104166666,5037.1965276078445
354,Customer,187466.91,12784.9325,303,0,0.0,24,12358.706666666665,188941.18104166666,1534.6477007110043
666,Customer,183460.65,16178.58,305,0,0.0,24,12358.706666666665,188941.18104166666,6680.393160689196
1054,Customer,190233.82,9612.3475,244,0,0.0,24,12358.706666666665,188941.18104166666,3035.3589818891523
1163,Customer,187077.5475,14252.6925,356,0,0.0,24,12358.706666666665,188941.18104166666,2657.12482102223
1192,Customer,186802.5475,13667.86,329,0,0.0,24,12358.706666666665,188941.18104166666,2507.515877461099
1301,Customer,188533.7975,10865.6775,288,0,0.0,24,12358.706666666665,188941.18104166666,1547.6102359890997
1753,Customer,191305.4775,9468.93,272,0,0.0,24,12358.706666666665,188941.18104166666,3733.725609374467
1921,Customer,192141.6275,11007.1675,262,0,0.0,24,12358.706666666665,188941.18104166666,3474.1208458676974
356,Facility,141788.895,34799.1475,0,4698,43849.9672,30,37601.27857142857,141574.15035714285,2810.3476302943873
425,Facility,139396.6975,37220.3525,0,5825,50021.3537,30,37601.27857142857,141574.15035714285,2210.521571252702
391,Customer,142937.9025,42035.44,348,0,0.0,30,37601.27857142857,141574.15035714285,4639.138657313241
1010,Customer,142876.0075,32132.31,318,0,0.0,30,37601.27857142857,141574.15035714285,5621.783458626066
1236,Customer,137062.5475,40096.215,277,0,0.0,30,37601.27857142857,141574.15035714285,5155.508522269396
2206,Customer,146833.1975,40803.8125,320,0,0.0,30,37601.27857142857,141574.15035714285,6157.418323814391
2819,Customer,140123.805,36121.6725,405,0,0.0,30,37601.27857142857,141574.15035714285,2071.891836364563
359,Facility,58582.7825,111546.42,0,5152,43180.6461,54,113300.71522727273,62022.82886363636,3861.5373529722056
123,Customer,62751.0825,108445.04,397,0,0.0,54,113300.71522727273,62022.82886363636,4909.983225187939
332,Customer,64794.105,114803.59,362,0,0.0,54,113300.71522727273,62022.82886363636,3152.5551551842295
530,Customer,58524.42,117261.255,407,0,0.0,54,113300.71522727273,62022.82886363636,5284.386423088691
866,Customer,63930.715,112654.835,297,0,0.0,54,113300.71522727273,62022.82886363636,2014.2469504284802
956,Customer,59034.6375,116574.89,370,0,0.0,54,113300.71522727273,62022.82886363636,4432.776564194797
1112,Customer,63325.42,113400.5125,271,0,0.0,54,113300.71522727273,62022.82886363636,1306.4084982029633
1372,Customer,62621.4675,112742.3675,461,0,0.0,54,113300.71522727273,62022.82886363636,818.608820803896
1571,Customer,62023.365,115947.03,396,0,0.0,54,113300.71522727273,62022.82886363636,2646.3148270371767
1592,Customer,61041.2225,110274.6725,440,0,0.0,54,113300.71522727273,62022.82886363636,3181.2710730793656
2881,Customer,65621.9,112657.255,392,0,0.0,54,113300.71522727273,62022.82886363636,3656.1392354077134
360,Facility,154348.1925,65333.9,0,5337,48689.4007,59,68289.78272727273,153780.71159090908,3009.8633323744
410,Facility,154121.31,63719.3075,0,5183,64323.8581,59,68289.78272727273,153780.71159090908,4583.148598877081
572,Customer,152368.275,69999.615,290,0,0.0,59,68289.78272727273,153780.71159090908,2217.769943929847
880,Customer,152884.6075,71809.85,344,0,0.0,59,68289.78272727273,153780.71159090908,3632.3375595158564
893,Customer,153131.5575,69029.005,272,0,0.0,59,68289.78272727273,153780.71159090908,983.7939836368568
943,Customer,151453.34,71485.3,238,0,0.0,59,68289.78272727273,153780.71159090908,3953.2251595967846
1328,Customer,152686.1125,67345.0325,336,0,0.0,59,68289.78272727273,153780.71159090908,1445.9253652076516
1472,Customer,152795.595,68582.16,325,0,0.0,59,68289.78272727273,153780.71159090908,1027.5890069924658
1514,Customer,155364.1725,66447.98,335,0,0.0,59,68289.78272727273,153780.71159090908,2428.906284072789
2053,Customer,155670.645,66785.555,366,0,0.0,59,68289.78272727273,153780.71159090908,2415.4811831794705
2654,Customer,156764.02,70649.905,421,0,0.0,59,68289.78272727273,153780.71159090908,3803.985568581441
363,Facility,169374.885,174575.7075,0,5164,47975.121,253,177505.20944444445,171996.51083333333,3931.2725233064843
471,Facility,171304.9725,179651.79,0,4992,63930.1636,253,177505.20944444445,171996.51083333333,2255.2235693958683
954,Customer,170904.8725,178255.09,258,0,0.0,253,177505.20944444445,171996.51083333333,1324.3847999743414
1320,Customer,173985.0375,182384.9125,497,0,0.0,253,177505.20944444445,171996.51083333333,5269.320659671669
1497,Customer,172426.7875,172884.6825,241,0,0.0,253,177505.20944444445,171996.51083333333,4640.517994169941
1777,Customer,174076.6125,175406.055,362,0,0.0,253,177505.20944444445,171996.51083333333,2955.2110458138723
1907,Customer,172123.5825,178646.9275,405,0,0.0,253,177505.20944444445,171996.51083333333,1148.7677427796107
2215,Customer,173626.47,177186.34,443,0,0.0,253,177505.20944444445,171996.51083333333,1660.8565885111852
2827,Customer,170145.3775,178555.38,272,0,0.0,253,177505.20944444445,171996.51083333333,2128.274609521438
369,Facility,118176.0375,45423.6525,0,5347,61911.1008,53,45902.6915,120011.0125,1896.4734678201992
488,Customer,121800.8,46732.6075,315,0,0.0,53,45902.6915,120011.0125,1972.8405567131538
1030,Customer,120196.8175,49900.74,388,0,0.0,53,45902.6915,120011.0125,4002.3637149036354
1429,Customer,115731.5375,41100.3175,277,0,0.0,53,45902.6915,120011.0125,6432.472488203969
1752,Customer,124223.8425,46423.7575,222,0,0.0,53,45902.6915,120011.0125,4244.931846950669
1824,Customer,119942.895,45341.4625,312,0,0.0,53,45902.6915,120011.0125,565.3476667036385
2338,Customer,116186.095,42697.8475,503,0,0.0,53,45902.6915,120011.0125,4990.092077922231
2791,Customer,120942.1375,48161.4075,362,0,0.0,53,45902.6915,120011.0125,2443.1110769428806
2800,Customer,123278.0075,44675.7575,328,0,0.0,53,45902.6915,120011.0125,3489.7884420665196
2952,Customer,119631.955,48569.365,255,0,0.0,53,45902.6915,120011.0125,2693.479560699966
374,Facility,99033.5775,138543.6725,0,5150,40564.2301,84,136259.64974999998,94883.09475,4737.432530449917
237,Customer,89943.285,138925.055,416,0,0.0,84,136259.64974999998,94883.09475,5613.029976128997
436,Customer,96130.49,135484.905,274,0,0.0,84,136259.64974999998,94883.09475,1468.4087773420256
1479,Customer,98208.0,134217.615,425,0,0.0,84,136259.64974999998,94883.09475,3901.9098966640768
1512,Customer,92415.47,140350.0325,290,0,0.0,84,136259.64974999998,94883.09475,4777.070540436921
1655,Customer,95719.66,133371.2125,348,0,0.0,84,136259.64974999998,94883.09475,3007.143356192893
2142,Customer,95668.635,135812.1825,341,0,0.0,84,136259.64974999998,94883.09475,904.0466935908781
2195,Customer,96441.05,138132.64,352,0,0.0,84,136259.64974999998,94883.09475,2436.250610589506
2472,Customer,91653.9575,135984.91,177,0,0.0,84,136259.64974999998,94883.09475,3240.803806090028
2725,Customer,93616.8225,131774.2725,398,0,0.0,84,136259.64974999998,94883.09475,4660.692489956569
381,Facility,94211.075,182628.695,0,4911,38486.5358,198,182276.44392857142,93155.72678571429,1112.5828826288073
456,Customer,92174.9025,181107.07,222,0,0.0,198,182276.44392857142,93155.72678571429,1526.254128338228
618,Customer,95542.4425,182225.61,304,0,0.0,198,182276.44392857142,93155.72678571429,2387.2570010605036
729,Customer,93902.275,186198.9775,339,0,0.0,198,182276.44392857142,93155.72678571429,3992.9442589695022
778,Customer,91475.55,180805.31,278,0,0.0,198,182276.44392857142,93155.72678571429,2233.210484268593
1414,Customer,89758.6275,182304.43,382,0,0.0,198,182276.44392857142,93155.72678571429,3397.2145615481086
2623,Customer,95025.215,180665.015,262,0,0.0,198,182276.44392857142,93155.72678571429,2468.134796803034
382,Facility,56565.42,171926.4625,0,5407,43810.1083,38,171102.52386363636,58414.00113636364,2023.8891012632678
248,Customer,56393.82,176928.665,415,0,0.0,38,171102.52386363636,58414.00113636364,6166.445683256127
286,Customer,61278.2625,175228.585,307,0,0.0,38,171102.52386363636,58414.00113636364,5022.785448357348
543,Customer,57137.0825,168020.805,370,0,0.0,38,171102.52386363636,58414.00113636364,3335.7926132157895
801,Customer,59102.79,175703.95,461,0,0.0,38,171102.52386363636,58414.00113636364,4652.693046728954
989,Customer,59298.055,168950.1875,306,0,0.0,38,171102.52386363636,58414.00113636364,2326.82252353758
1346,Customer,59377.0175,170691.825,283,0,0.0,38,171102.52386363636,58414.00113636364,1046.9355630713856
1379,Customer,55161.695,169970.035,436,0,0.0,38,171102.52386363636,58414.00113636364,3443.8388799258514
1996,Customer,63653.545,172046.065,304,0,0.0,38,171102.52386363636,58414.00113636364,5323.8228534559485
2239,Customer,56186.385,166006.4,391,0,0.0,38,171102.52386363636,58414.00113636364,5561.722043082676
2366,Customer,58399.94,166654.7825,400,0,0.0,38,171102.52386363636,58414.00113636364,4447.763590093081
384,Facility,168335.7275,18854.0275,0,5090,57849.0631,121,17266.999166666676,171881.65277777778,3884.8738726483934
139,Customer,170433.8875,14750.0,361,0,0.0,121,17266.999166666676,171881.65277777778,2903.671659216944
523,Customer,175531.38,17387.3,471,0,0.0,121,17266.999166666676,171881.65277777778,3651.7093377116753
582,Customer,171859.9225,13095.2325,271,0,0.0,121,17266.999166666676,171881.65277777778,4171.823261606786
1204,Customer,177343.4725,20455.795,466,0,0.0,121,17266.999166666676,171881.65277777778,6324.546904303865
1249,Customer,170033.9025,23807.0,364,0,0.0,121,17266.999166666676,171881.65277777778,6796.012947973868
2051,Customer,173409.8,17399.8125,256,0,0.0,121,17266.999166666676,171881.65277777778,1533.9078571728346
2279,Customer,170581.8475,16610.76,267,0,0.0,121,17266.999166666676,171881.65277777778,1456.071290839271
2620,Customer,169404.935,13043.065,402,0,0.0,121,17266.999166666676,171881.65277777778,4896.503935982756
393,Facility,92978.9375,63563.0075,0,5280,61332.4924,42,62566.925555555565,95437.995,2653.138335698769
481,Facility,96388.185,61504.5975,0,4775,62328.3421,42,62566.925555555565,95437.995,1425.272582252414
331,Customer,98029.975,62109.87,264,0,0.0,42,62566.925555555565,95437.995,2631.9688640377676
608,Customer,94504.8675,63514.8925,359,0,0.0,42,62566.925555555565,95437.995,1330.1760255754036
673,Customer,95675.335,63984.055,356,0,0.0,42,62566.925555555565,95437.995,1436.866778066568
1083,Customer,97058.1625,62507.4,304,0,0.0,42,62566.925555555565,95437.995,1621.2606267409576
1670,Customer,98585.26,59010.5725,272,0,0.0,42,62566.925555555565,95437.995,4748.991896811825
1771,Customer,91786.4575,67593.63,365,0,0.0,42,62566.925555555565,95437.995,6213.009229488049
2735,Customer,93934.775,59314.305,393,0,0.0,42,62566.925555555565,95437.995,3583.184456153854
394,Facility,150512.835,126229.515,0,6456,57738.6982,224,127507.86235294119,156145.23705882352,5775.649306096351
62,Customer,155919.1475,122031.135,350,0,0.0,224,127507.86235294119,156145.23705882352,5481.392066534125
557,Customer,157862.39,132382.7875,342,0,0.0,224,127507.86235294119,156145.23705882352,5168.5113343029
652,Customer,160532.53,126967.775,255,0,0.0,224,127507.86235294119,156145.23705882352,4420.411032981432
723,Customer,158139.0125,124813.5075,331,0,0.0,224,127507.86235294119,156145.23705882352,3351.8186978722742
1268,Customer,156497.835,130253.6075,385,0,0.0,224,127507.86235294119,156145.23705882352,2768.292202914806
1386,Customer,152277.6125,124341.425,270,0,0.0,224,127507.86235294119,156145.23705882352,4998.484294075163
1389,Customer,152811.335,133241.9575,303,0,0.0,224,127507.86235294119,156145.23705882352,6632.853842302806
1416,Customer,152926.41,126222.4875,363,0,0.0,224,127507.86235294119,156145.23705882352,3465.98271016865
1463,Customer,153177.54,131440.6,443,0,0.0,224,127507.86235294119,156145.23705882352,4926.8297345801875
1842,Customer,157941.8,125792.125,233,0,0.0,224,127507.86235294119,156145.23705882352,2484.228867452889
1906,Customer,157799.285,127150.9075,285,0,0.0,224,127507.86235294119,156145.23705882352,1692.1262833336123
2295,Customer,153230.8425,124914.2425,329,0,0.0,224,127507.86235294119,156145.23705882352,3901.353558198852
2325,Customer,161951.9975,125639.1925,462,0,0.0,224,127507.86235294119,156145.23705882352,6100.032281923043
2716,Customer,157554.21,133361.5875,349,0,0.0,224,127507.86235294119,156145.23705882352,6020.905483918191
2849,Customer,159763.31,123877.6175,378,0,0.0,224,127507.86235294119,156145.23705882352,5125.341891033165
2965,Customer,155570.9375,128973.19,374,0,0.0,224,127507.86235294119,156145.23705882352,1573.8504047398596
395,Facility,104292.3325,163175.82,0,5051,46095.2851,154,161217.35375,100928.975,3892.0128115404877
791,Customer,98136.02,159677.7725,396,0,0.0,154,161217.35375,100928.975,3189.1861120631743
921,Customer,101029.3225,165870.7425,357,0,0.0,154,161217.35375,100928.975,4654.470590666854
1187,Customer,100410.2225,159626.28,306,0,0.0,154,161217.35375,100928.975,1673.5052537101126
1224,Customer,100744.555,161384.4675,314,0,0.0,154,161217.35375,100928.975,248.87294316390384
1374,Customer,96825.4375,163445.26,450,0,0.0,154,161217.35375,100928.975,4669.323963133781
1530,Customer,98507.07,164390.38,360,0,0.0,154,161217.35375,100928.975,3991.7063284031838
1738,Customer,100282.4,154786.3975,300,0,0.0,154,161217.35375,100928.975,6463.378181728136
2119,Customer,104207.5625,156327.9025,375,0,0.0,154,161217.35375,100928.975,5886.923604165668
2657,Customer,104854.8275,163488.515,379,0,0.0,154,161217.35375,100928.975,4535.470347743196
402,Facility,161823.965,86388.2825,0,4643,53759.2589,23,83774.66035714286,160176.32214285713,3089.6193439203944
545,Customer,157719.12,86919.04,302,0,0.0,23,83774.66035714286,160176.32214285713,3990.6096914226096
1762,Customer,161933.095,84769.2925,306,0,0.0,23,83774.66035714286,160176.32214285713,2018.797654842734
2063,Customer,162786.7375,80016.3875,274,0,0.0,23,83774.66035714286,160176.32214285713,4575.9024471183875
2631,Customer,161513.8125,81319.43,432,0,0.0,23,83774.66035714286,160176.32214285713,2795.896378996554
2718,Customer,156665.3425,82776.535,332,0,0.0,23,83774.66035714286,160176.32214285713,3650.100311104986
2994,Customer,158792.1825,84233.655,328,0,0.0,23,83774.66035714286,160176.32214285713,1458.2587675375803
408,Facility,159708.465,135219.3375,0,5233,54458.5769,104,140647.67977272728,159533.9375,5431.147178831952
17,Customer,162681.995,145025.6375,507,0,0.0,104,140647.67977272728,159533.9375,5392.288928191187
290,Customer,158173.155,142229.84,315,0,0.0,104,140647.67977272728,159533.9375,2086.854090987176
590,Customer,158122.13,144509.945,336,0,0.0,104,140647.67977272728,159533.9375,4112.212677240356
942,Customer,161593.6075,138455.3525,343,0,0.0,104,140647.67977272728,159533.9375,3008.079018184836
1188,Customer,160348.1425,143422.6975,395,0,0.0,104,140647.67977272728,159533.9375,2891.998127368496
1533,Customer,162882.7875,139934.6125,356,0,0.0,104,140647.67977272728,159533.9375,3423.924832401374
1745,Customer,157699.3475,137284.84,290,0,0.0,104,140647.67977272728,159533.9375,3830.719489226073
1893,Customer,155190.24,136100.4075,221,0,0.0,104,140647.67977272728,159533.9375,6288.512788714088
1977,Customer,162610.6,142372.6325,365,0,0.0,104,140647.67977272728,159533.9375,3527.224695172099
1978,Customer,155862.8425,142569.175,389,0,0.0,104,140647.67977272728,159533.9375,4143.5591473341865
409,Facility,190011.58,32513.4875,0,5483,39041.3598,88,32498.2278125,189130.30812499998,881.403979868836
458,Facility,187739.1325,29674.06,0,5614,33899.4723,88,32498.2278125,189130.30812499998,3148.2206804407956
178,Customer,189011.2925,32249.855,488,0,0.0,88,32498.2278125,189130.30812499998,275.41563678065677
979,Customer,191220.7475,37929.5025,307,0,0.0,88,32498.2278125,189130.30812499998,5819.6805334681985
1161,Customer,188205.725,30372.7775,334,0,0.0,88,32498.2278125,189130.30812499998,2317.8423125702648
1496,Customer,187377.985,29898.8925,298,0,0.0,88,32498.2278125,189130.30812499998,3134.8333928965376
2038,Customer,187795.8775,32342.015,339,0,0.0,88,32498.2278125,189130.30812499998,1343.5429043119523
2126,Customer,191680.125,35005.2325,298,0,0.0,88,32498.2278125,189130.30812499998,3575.8409639107017
413,Facility,102803.605,93145.385,0,5116,46922.9873,269,96772.34571428571,102231.73821428571,3671.7673732924745
264,Customer,99975.97,97628.93,279,0,0.0,269,96772.34571428571,102231.73821428571,2412.929106939196
265,Customer,98697.59,97162.4075,425,0,0.0,269,96772.34571428571,102231.73821428571,3555.6084988667576
671,Customer,102004.585,97519.275,355,0,0.0,269,96772.34571428571,102231.73821428571,780.7060526331153
901,Customer,108693.925,97432.6225,385,0,0.0,269,96772.34571428571,102231.73821428571,6495.831239126646
1994,Customer,98938.6025,98488.2675,454,0,0.0,269,96772.34571428571,102231.73821428571,3713.371838019056
2048,Customer,104507.89,96029.5325,332,0,0.0,269,96772.34571428571,102231.73821428571,2394.292885786493
422,Facility,12588.59,70619.0425,0,5734,62654.4158,83,73989.71783333334,11679.678,3491.070498641623
491,Facility,7181.7375,71815.45,0,4053,43849.0265,83,73989.71783333334,11679.678,4995.88924543052
497,Facility,7026.7875,72428.9825,0,4891,43538.7998,83,73989.71783333334,11679.678,4907.676108475925
301,Customer,10771.41,78897.41,419,0,0.0,83,73989.71783333334,11679.678,4991.031272451145
426,Customer,11734.7025,75296.3175,212,0,0.0,83,73989.71783333334,11679.678,1307.7577698234795
444,Customer,15479.7425,72734.3775,261,0,0.0,83,73989.71783333334,11679.678,4002.045671485236
453,Customer,9828.125,73727.035,378,0,0.0,83,73989.71783333334,11679.678,1870.093789823663
865,Customer,14376.5375,74853.755,360,0,0.0,83,73989.71783333334,11679.678,2831.8918390577005
930,Customer,15608.39,70713.4875,233,0,0.0,83,73989.71783333334,11679.678,5115.512015037936
1144,Customer,10793.5825,75324.6975,315,0,0.0,83,73989.71783333334,11679.678,1602.2908429912634
1287,Customer,8278.37,74866.8125,308,0,0.0,83,73989.71783333334,11679.678,3512.5761436813136
1383,Customer,13641.54,76691.2275,426,0,0.0,83,73989.71783333334,11679.678,3338.7208607694893
1558,Customer,10844.6675,73662.7325,189,0,0.0,83,73989.71783333334,11679.678,896.7507699050886
2358,Customer,15298.23,72118.1625,291,0,0.0,83,73989.71783333334,11679.678,4073.8971443118758
2470,Customer,11742.7575,76096.2775,362,0,0.0,83,73989.71783333334,11679.678,2107.503891466626
426,Facility,179011.7,151429.2025,0,4494,55937.7294,259,153856.213125,179451.940625,2466.615572350754
495,Facility,179695.005,152940.4925,0,6166,48878.6095,259,153856.213125,179451.940625,947.4305005880743
288,Customer,174277.07,153697.625,286,0,0.0,259,153856.213125,179451.940625,5177.300085843848
298,Customer,182629.98,154149.6025,256,0,0.0,259,153856.213125,179451.940625,3191.553163338098
310,Customer,185765.2075,156641.275,506,0,0.0,259,153856.213125,179451.940625,6900.283203068604
660,Customer,179336.63,151919.91,374,0,0.0,259,153856.213125,179451.940625,1939.7335724585155
2357,Customer,175841.3975,154704.5775,355,0,0.0,259,153856.213125,179451.940625,3708.873652506093
2525,Customer,179058.535,155367.02,314,0,0.0,259,153856.213125,179451.940625,1561.1871762632545
427,Facility,190956.91,49235.5,0,4915,58615.0881,337,50522.0371875,189460.56437500002,1973.379883417536
8,Customer,190731.0325,50017.185,358,0,0.0,337,50522.0371875,189460.56437500002,1367.1009428218945
29,Customer,190480.49,52431.5775,264,0,0.0,337,50522.0371875,189460.56437500002,2164.8539178416154
1381,Customer,193504.36,48089.77,337,0,0.0,337,50522.0371875,189460.56437500002,4718.920080713177
1959,Customer,188845.445,49154.375,420,0,0.0,337,50522.0371875,189460.56437500002,1499.6238543773843
2198,Customer,185881.6875,53020.825,326,0,0.0,337,50522.0371875,189460.56437500002,4364.894067249332
2494,Customer,188569.3075,46523.445,307,0,0.0,337,50522.0371875,189460.56437500002,4096.715550190277
2789,Customer,186715.2825,55703.62,463,0,0.0,337,50522.0371875,189460.56437500002,5863.904246830694
444,Facility,144147.7075,197945.1775,0,6806,49864.9592,123,196356.13977272727,146101.7197727273,2518.571988382494
142,Customer,151995.6575,195988.8425,205,0,0.0,123,196356.13977272727,146101.7197727273,5905.37121775774
296,Customer,147818.1275,194943.53,330,0,0.0,123,196356.13977272727,146101.7197727273,2222.9534084739794
442,Customer,141880.8675,193794.7075,385,0,0.0,123,196356.13977272727,146101.7197727273,4937.25927979846
740,Customer,146616.72,195807.2275,268,0,0.0,123,196356.13977272727,146101.7197727273,752.6818167337085
1057,Customer,149541.42,199658.3775,312,0,0.0,123,196356.13977272727,146101.7197727273,4768.260863346659
1474,Customer,142765.4475,198298.69,198,0,0.0,123,196356.13977272727,146101.7197727273,3860.5976303217844
1622,Customer,142823.845,198770.7975,208,0,0.0,123,196356.13977272727,146101.7197727273,4071.2448913765666
2010,Customer,143165.915,198548.3425,226,0,0.0,123,196356.13977272727,146101.7197727273,3663.9735890192023
2255,Customer,145329.48,193333.725,410,0,0.0,123,196356.13977272727,146101.7197727273,3119.510430337087
2762,Customer,151033.73,192828.12,256,0,0.0,123,196356.13977272727,146101.7197727273,6063.963093446179
448,Facility,125719.125,37258.4975,0,5989,52090.3353,178,37220.48227272727,125675.91590909091,57.551568543240286
440,Customer,126211.4425,37977.735,301,0,0.0,178,37220.48227272727,125675.91590909091,927.4806858003607
559,Customer,125757.8925,37937.945,327,0,0.0,178,37220.48227272727,125675.91590909091,722.1308236619601
620,Customer,127126.3875,33395.0375,335,0,0.0,178,37220.48227272727,125675.91590909091,4091.197324160831
904,Customer,127393.895,37524.075,304,0,0.0,178,37220.48227272727,125675.91590909091,1744.597575618439
971,Customer,120296.7025,38654.7825,396,0,0.0,178,37220.48227272727,125675.91590909091,5567.149543751995
1049,Customer,121413.8475,38051.5475,374,0,0.0,178,37220.48227272727,125675.91590909091,4342.3376809907995
1476,Customer,126907.1625,33381.49,279,0,0.0,178,37220.48227272727,125675.91590909091,4031.603879064134
1654,Customer,130514.17,35867.345,396,0,0.0,178,37220.48227272727,125675.91590909091,5023.911138450035
2499,Customer,122641.105,40019.4225,454,0,0.0,178,37220.48227272727,125675.91590909091,4128.455358821594
2697,Customer,128453.345,39357.4275,292,0,0.0,178,37220.48227272727,125675.91590909091,3504.3754449818584
449,Facility,90860.4775,35820.015,0,4407,47040.0103,298,34828.47642857143,90281.46392857144,1148.2183827691788
201,Customer,90326.3575,33500.615,304,0,0.0,298,34828.47642857143,90281.46392857144,1328.620113592808
375,Customer,90584.695,32526.435,276,0,0.0,298,34828.47642857143,90281.46392857144,2321.926747668601
580,Customer,89681.555,32839.0325,299,0,0.0,298,34828.47642857143,90281.46392857144,2077.9263383261314
1277,Customer,87903.5675,36449.235,145,0,0.0,298,34828.47642857143,90281.46392857144,2877.7160686683396
1668,Customer,92975.3575,36900.0025,417,0,0.0,298,34828.47642857143,90281.46392857144,3398.2764512017616
2509,Customer,89638.2375,35764.0,304,0,0.0,298,34828.47642857143,90281.46392857144,1135.316956233472
450,Facility,128993.5175,163332.7425,0,4660,54851.2744,87,160983.79305555555,127043.58944444444,3052.831949911187
368,Customer,129193.05,163127.96,354,0,0.0,87,160983.79305555555,127043.58944444444,3036.0554286009724
1107,Customer,131600.415,159447.1975,189,0,0.0,87,160983.79305555555,127043.58944444444,4808.927639829626
1353,Customer,126088.5425,164783.7125,330,0,0.0,87,160983.79305555555,127043.58944444444,3918.099341563412
1519,Customer,126500.59,163110.4525,281,0,0.0,87,160983.79305555555,127043.58944444444,2194.8869650421207
2242,Customer,122388.2775,163558.525,298,0,0.0,87,160983.79305555555,127043.58944444444,5319.8847624577165
2285,Customer,124523.965,159066.3625,488,0,0.0,87,160983.79305555555,127043.58944444444,3166.2355055207267
2538,Customer,127586.9825,156714.6625,399,0,0.0,87,160983.79305555555,127043.58944444444,4303.574295071946
2600,Customer,126516.965,155712.5225,292,0,0.0,87,160983.79305555555,127043.58944444444,5297.511356793247
454,Facility,32947.6675,131448.75,0,5507,58453.9623,222,129422.95925,34116.329249999995,2338.7172656605176
462,Facility,35585.6525,129696.575,0,5365,66642.0229,222,129422.95925,34116.329249999995,1494.5823468911399
184,Customer,30678.105,132461.15,388,0,0.0,222,129422.95925,34116.329249999995,4588.2446563662625
799,Customer,32822.1675,129483.4275,290,0,0.0,222,129422.95925,34116.329249999995,1295.5736352755505
1341,Customer,34080.7425,124248.6775,370,0,0.0,222,129422.95925,34116.329249999995,5174.404124646486
1509,Customer,33510.4,133947.8675,297,0,0.0,222,129422.95925,34116.329249999995,4565.297901224361
1541,Customer,34816.925,128150.0375,455,0,0.0,222,129422.95925,34116.329249999995,1452.9845789068515
1699,Customer,32460.7325,126241.1875,305,0,0.0,222,129422.95925,34116.329249999995,3586.735572593638
2584,Customer,38884.35,129944.1725,323,0,0.0,222,129422.95925,34116.329249999995,4796.424201882706
2625,Customer,35376.55,128607.7475,208,0,0.0,222,129422.95925,34116.329249999995,1500.9085701896195
460,Facility,75744.24,5056.215,0,4282,25511.6004,293,5879.463611111118,76489.06472222222,1110.1811305051892
137,Customer,79602.445,4926.3025,372,0,0.0,293,5879.463611111118,76489.06472222222,3256.017944942915
837,Customer,74308.325,7735.4525,258,0,0.0,293,5879.463611111118,76489.06472222222,2863.6201723966183
1037,Customer,76011.8625,3518.4625,423,0,0.0,293,5879.463611111118,76489.06472222222,2408.7441141727263
1298,Customer,75123.4475,3081.0475,226,0,0.0,293,5879.463611111118,76489.06472222222,3113.8469982573342
2473,Customer,73702.105,4697.75,311,0,0.0,293,5879.463611111118,76489.06472222222,3027.1424730220815
2768,Customer,77204.1975,8701.355,379,0,0.0,293,5879.463611111118,76489.06472222222,2911.09702698783
2793,Customer,76896.8075,6744.05,342,0,0.0,293,5879.463611111118,76489.06472222222,955.9099312601874
2831,Customer,79808.1525,8454.5375,336,0,0.0,293,5879.463611111118,76489.06472222222,4200.874814825021
467,Facility,153535.56,5167.3425,0,3944,56054.9866,5,4219.952999999994,155925.529,2570.8945302503794
814,Customer,154375.38,5377.07,332,0,0.0,5,4219.952999999994,155925.529,1934.3943946077873
925,Customer,158073.3,7222.2425,249,0,0.0,5,4219.952999999994,155925.529,3691.4309569936695
1067,Customer,156548.8,7306.9125,289,0,0.0,5,4219.952999999994,155925.529,3149.2516085700845
1678,Customer,159057.0525,1298.97,444,0,0.0,5,4219.952999999994,155925.529,4282.35695818799
1863,Customer,152867.0975,2856.9,269,0,0.0,5,4219.952999999994,155925.529,3348.4200335383957
1872,Customer,155263.9475,2621.115,315,0,0.0,5,4219.952999999994,155925.529,1730.3100968861716
2281,Customer,155779.8275,613.435,402,0,0.0,5,4219.952999999994,155925.529,3609.459933483984
2685,Customer,155934.2575,4691.655,419,0,0.0,5,4219.952999999994,155925.529,471.7827503377538
2966,Customer,157820.0675,5043.8875,357,0,0.0,5,4219.952999999994,155925.529,2065.9487380553496
469,Facility,157777.2325,20390.9375,0,4569,55158.634,274,21323.6813888889,158567.37944444444,1222.4333749020632
794,Customer,161292.5525,18629.515,417,0,0.0,274,21323.6813888889,158567.37944444444,3832.114392048424
1312,Customer,161244.66,18612.13,342,0,0.0,274,21323.6813888889,158567.37944444444,3810.5566663863237
1822,Customer,161620.6975,22427.2725,343,0,0.0,274,21323.6813888889,158567.37944444444,3246.638952656285
1884,Customer,156224.0425,17063.72,270,0,0.0,274,21323.6813888889,158567.37944444444,4861.9439599837415
2146,Customer,153265.8675,24982.33,318,0,0.0,274,21323.6813888889,158567.37944444444,6441.408119089512
2205,Customer,162503.4,21385.935,283,0,0.0,274,21323.6813888889,158567.37944444444,3936.5128382684416
2619,Customer,154662.055,24127.9225,289,0,0.0,274,21323.6813888889,158567.37944444444,4807.840183036548
2903,Customer,158515.9075,24293.37,422,0,0.0,274,21323.6813888889,158567.37944444444,2970.134644764081
475,Facility,186019.3025,3910.13,0,5260,50992.2174,153,2381.369583333333,183937.33791666664,2582.9604986954887
83,Customer,184749.795,3816.305,317,0,0.0,153,2381.369583333333,183937.33791666664,1648.9773079890786
211,Customer,181066.8625,278.04,302,0,0.0,153,2381.369583333333,183937.33791666664,3558.5986643358324
1121,Customer,181166.4875,693.985,386,0,0.0,153,2381.369583333333,183937.33791666664,3244.206954497936
1216,Customer,183781.9975,2898.3525,273,0,0.0,153,2381.369583333333,183937.33791666664,539.8166180985357
2184,Customer,186839.5825,2691.405,284,0,0.0,153,2381.369583333333,183937.33791666664,2918.7575406455794
478,Facility,199782.2775,143689.4325,0,6908,53379.2151,347,147254.9772222222,196056.83777777778,5156.74415596486
52,Customer,199395.6775,146472.1025,323,0,0.0,347,147254.9772222222,196056.83777777778,3429.394045802168
405,Customer,196456.4575,141238.0025,272,0,0.0,347,147254.9772222222,196056.83777777778,6030.230570239399
718,Customer,193388.595,149411.185,227,0,0.0,347,147254.9772222222,196056.83777777778,3430.561397513935
1176,Customer,194040.715,151347.01,375,0,0.0,347,147254.9772222222,196056.83777777778,4561.741258497946
1581,Customer,193392.95,148117.4225,362,0,0.0,347,147254.9772222222,196056.83777777778,2800.0196338159813
2080,Customer,195228.8925,146257.1875,283,0,0.0,347,147254.9772222222,196056.83777777778,1296.5638097551498
2649,Customer,199812.2725,151823.08,436,0,0.0,347,147254.9772222222,196056.83777777778,5913.61589395299
2906,Customer,193013.7025,146939.3725,376,0,0.0,347,147254.9772222222,196056.83777777778,3059.457249177459
480,Facility,190913.3775,58570.8275,0,4822,55378.6216,305,61296.300833333335,194285.74972222222,4336.02344273265
106,Customer,197174.5575,61412.43,433,0,0.0,305,61296.300833333335,194285.74972222222,2891.141013561962
1086,Customer,199516.9975,66009.1775,348,0,0.0,305,61296.300833333335,194285.74972222222,7041.105011837001
1168,Customer,196039.9425,60592.9075,340,0,0.0,305,61296.300833333335,194285.74972222222,1889.9615030432587
1404,Customer,194105.345,60464.5425,290,0,0.0,305,61296.300833333335,194285.74972222222,851.0979901688851
2015,Customer,191588.5625,62315.21,384,0,0.0,305,61296.300833333335,194285.74972222222,2883.2264568771125
2087,Customer,191924.4375,57426.5375,264,0,0.0,305,61296.300833333335,194285.74972222222,4533.306041602215
2355,Customer,195214.5375,64103.5075,328,0,0.0,305,61296.300833333335,194285.74972222222,2956.86590929098
2975,Customer,192093.99,60771.5675,204,0,0.0,305,61296.300833333335,194285.74972222222,2253.698238688303
482,Facility,137755.05,198415.7475,0,5312,29395.9621,318,195319.2086111111,134439.74166666667,4536.498918270637
53,Customer,133681.1575,198478.63,268,0,0.0,318,195319.2086111111,134439.74166666667,3249.2142820205113
92,Customer,138693.7275,195492.7475,407,0,0.0,318,195319.2086111111,134439.74166666667,4257.524071118981
506,Customer,136076.1375,197388.455,405,0,0.0,318,195319.2086111111,134439.74166666667,2638.1000627876933
1317,Customer,129942.14,198046.98,302,0,0.0,318,195319.2086111111,134439.74166666667,5260.14804944155
1671,Customer,135480.9075,192689.2575,419,0,0.0,318,195319.2086111111,134439.74166666667,2828.545410513177
2408,Customer,137382.9725,192194.2425,289,0,0.0,318,195319.2086111111,134439.74166666667,4292.787082290118
2409,Customer,130570.6525,191970.5375,265,0,0.0,318,195319.2086111111,134439.74166666667,5116.976567271674
2626,Customer,130374.93,193196.28,390,0,0.0,318,195319.2086111111,134439.74166666667,4585.795435182823
483,Facility,143528.8,145337.1925,0,4976,58055.2262,96,146593.8519642857,142743.85267857142,1481.666395176974
339,Customer,142438.33,145540.0175,237,0,0.0,96,146593.8519642857,142743.85267857142,1097.2288663892539
504,Customer,142135.2775,144524.5725,325,0,0.0,96,146593.8519642857,142743.85267857142,2156.9147524387167
634,Customer,139876.2,147279.0325,309,0,0.0,96,146593.8519642857,142743.85267857142,2948.3731533575415
716,Customer,140444.8075,147355.485,437,0,0.0,96,146593.8519642857,142743.85267857142,2421.919407041418
823,Customer,142866.4375,149017.0525,385,0,0.0,96,146593.8519642857,142743.85267857142,2426.2992137678807
1251,Customer,142548.5275,147997.1975,305,0,0.0,96,146593.8519642857,142743.85267857142,1416.873536344441
1351,Customer,142665.3275,150122.4125,261,0,0.0,96,146593.8519642857,142743.85267857142,3529.434183813321
1506,Customer,145590.8325,145426.8025,288,0,0.0,96,146593.8519642857,142743.85267857142,3076.8975536587245
2461,Customer,145161.22,147368.835,217,0,0.0,96,146593.8519642857,142743.85267857142,2538.5553908385987
2468,Customer,142941.3,144200.4175,337,0,0.0,96,146593.8519642857,142743.85267857142,2401.5649022189486
2712,Customer,143561.94,144766.645,326,0,0.0,96,146593.8519642857,142743.85267857142,2001.9870518603368
2721,Customer,141936.535,148156.6425,374,0,0.0,96,146593.8519642857,142743.85267857142,1758.9986050739346
2931,Customer,142718.4025,145221.6225,395,0,0.0,96,146593.8519642857,142743.85267857142,1372.4654510198718
487,Facility,43457.89,197687.9175,0,5772,54088.0141,182,192406.41604166664,44458.05208333333,5375.3680662179
548,Customer,43644.225,192504.0575,273,0,0.0,182,192406.41604166664,44458.05208333333,819.6635748600146
812,Customer,44039.1975,194392.4225,348,0,0.0,182,192406.41604166664,44458.05208333333,2029.6947589529534
1173,Customer,49560.8575,194391.48,341,0,0.0,182,192406.41604166664,44458.05208333333,5475.317528603875
1941,Customer,47880.0175,194359.555,433,0,0.0,182,192406.41604166664,44458.05208333333,3940.1267877344008
2092,Customer,41711.215,189546.6825,293,0,0.0,182,192406.41604166664,44458.05208333333,3965.247771792883
2097,Customer,45904.04,192063.94,321,0,0.0,182,192406.41604166664,44458.05208333333,1485.9915525539413
2276,Customer,41425.765,190610.685,221,0,0.0,182,192406.41604166664,44458.05208333333,3524.119028885846
2438,Customer,46732.7575,188457.995,313,0,0.0,182,192406.41604166664,44458.05208333333,4556.787624510124
2758,Customer,41135.2375,189293.3925,354,0,0.0,182,192406.41604166664,44458.05208333333,4553.241957790451
2806,Customer,41494.535,192718.56,399,0,0.0,182,192406.41604166664,44458.05208333333,2979.910628514297
2813,Customer,46510.8875,192850.305,332,0,0.0,182,192406.41604166664,44458.05208333333,2100.278708945859
493,Facility,70891.9025,111314.3875,0,4606,45937.8442,343,109683.65424999999,69684.612,2029.0000699965083
434,Customer,66363.595,109912.665,441,0,0.0,343,109683.65424999999,69684.612,3328.9036991034322
757,Customer,72195.5275,114418.3875,327,0,0.0,343,109683.65424999999,69684.612,5359.327905325058
1068,Customer,68009.065,108328.26,440,0,0.0,343,109683.65424999999,69684.612,2155.1221130465037
2489,Customer,74799.06,107190.89,189,0,0.0,343,109683.65424999999,69684.612,5689.591545162277
2505,Customer,64890.5275,108801.9725,237,0,0.0,343,109683.65424999999,69684.612,4874.485501201462
2534,Customer,70797.785,114249.8325,327,0,0.0,343,109683.65424999999,69684.612,4699.9082904565485
2587,Customer,71724.04,110765.61,408,0,0.0,343,109683.65424999999,69684.612,2308.6564950511975
2640,Customer,67089.74,105131.3325,282,0,0.0,343,109683.65424999999,69684.612,5239.94217638963
2777,Customer,70084.8775,106723.205,307,0,0.0,343,109683.65424999999,69684.612,2987.385517859348
494,Facility,152813.6525,59007.115,0,5736,48315.144,246,58936.53799999999,154738.0455,1925.686768760185
156,Customer,154625.695,60908.4675,390,0,0.0,246,58936.53799999999,154738.0455,1975.127486472841
724,Customer,156434.6925,55855.545,292,0,0.0,246,58936.53799999999,154738.0455,3517.2615638672596
935,Customer,151163.145,55108.8025,290,0,0.0,246,58936.53799999999,154738.0455,5237.506338216746
1438,Customer,154262.24,56852.81,290,0,0.0,246,58936.53799999999,154738.0455,2137.361282472911
1664,Customer,157356.6925,58558.2825,459,0,0.0,246,58936.53799999999,154738.0455,2645.824887230678
2420,Customer,152396.7075,62059.26,417,0,0.0,246,58936.53799999999,154738.0455,3902.980440577193
2460,Customer,158432.7025,56689.6725,311,0,0.0,246,58936.53799999999,154738.0455,4324.2218863905755
2672,Customer,156027.55,61473.8125,285,0,0.0,246,58936.53799999999,154738.0455,2846.152445648421
2673,Customer,153867.3775,62851.6125,241,0,0.0,246,58936.53799999999,154738.0455,4010.719524820245
496,Facility,44392.7125,59933.445,0,5009,44247.2746,326,58225.8017857143,45037.75785714286,1825.411969958442
372,Customer,47231.6875,58983.2125,353,0,0.0,326,58225.8017857143,45037.75785714286,2320.9907944500846
567,Customer,43701.3325,52841.0475,421,0,0.0,326,58225.8017857143,45037.75785714286,5548.1178297448705
1105,Customer,43867.2925,60192.19,338,0,0.0,326,58225.8017857143,45037.75785714286,2288.377539120954
1784,Customer,42203.445,62443.2225,327,0,0.0,326,58225.8017857143,45037.75785714286,5081.335144767709
2064,Customer,46396.635,59087.91,209,0,0.0,326,58225.8017857143,45037.75785714286,1609.278615566141
2961,Customer,47471.2,54099.585,334,0,0.0,326,58225.8017857143,45037.75785714286,4790.334604737291
0,Customer,98959.7075,115832.405,297,0,0.0,34,118238.20406250001,98938.9984375,2405.8881924136776
727,Customer,97329.455,119073.6,376,0,0.0,34,118238.20406250001,98938.9984375,1813.426714700881
785,Customer,94558.085,121990.8425,314,0,0.0,34,118238.20406250001,98938.9984375,5768.42246974599
1809,Customer,101560.965,117068.6775,271,0,0.0,34,118238.20406250001,98938.9984375,2870.975624288909
1903,Customer,101411.4775,113553.4875,375,0,0.0,34,118238.20406250001,98938.9984375,5297.142813391261
2111,Customer,99880.1625,117450.5275,312,0,0.0,34,118238.20406250001,98938.9984375,1227.283243450076
2273,Customer,98572.5825,119173.3125,307,0,0.0,34,118238.20406250001,98938.9984375,1004.3348192399193
2611,Customer,99239.5525,121762.78,428,0,0.0,34,118238.20406250001,98938.9984375,3537.3674227720808
1,Customer,193195.6025,85836.355,399,0,0.0,46,81976.4153125,191854.3771875,4086.3210507776157
41,Customer,195066.99,81078.69,312,0,0.0,46,81976.4153125,191854.3771875,3335.6846103524626
1532,Customer,190802.1575,79009.46,436,0,0.0,46,81976.4153125,191854.3771875,3148.013674864605
1741,Customer,189262.6975,81419.825,332,0,0.0,46,81976.4153125,191854.3771875,2650.772788937021
2114,Customer,195032.445,85711.62,279,0,0.0,46,81976.4153125,191854.3771875,4904.270494005245
2283,Customer,189419.6475,82672.5375,293,0,0.0,46,81976.4153125,191854.3771875,2532.2904160312505
2738,Customer,189024.12,79402.685,333,0,0.0,46,81976.4153125,191854.3771875,3825.499113694428
2770,Customer,193031.3575,80680.15,270,0,0.0,46,81976.4153125,191854.3771875,1750.8816111900162
2,Customer,56501.45,109927.7375,416,0,0.0,327,109474.75416666667,54084.215,2459.3126977883035
127,Customer,54915.895,110011.7775,335,0,0.0,327,109474.75416666667,54084.215,989.9927691374529
934,Customer,56760.3625,109489.5525,374,0,0.0,327,109474.75416666667,54084.215,2676.1884149711373
978,Customer,54353.7175,106611.0325,299,0,0.0,327,109474.75416666667,54084.215,2876.3750418960235
1477,Customer,51918.485,104085.3875,422,0,0.0,327,109474.75416666667,54084.215,5808.24065450785
1704,Customer,55149.385,112796.6725,247,0,0.0,327,109474.75416666667,54084.215,3488.5138013538276
1717,Customer,52351.7375,111994.86,319,0,0.0,327,109474.75416666667,54084.215,3058.171299846843
2164,Customer,52963.58,107507.005,347,0,0.0,327,109474.75416666667,54084.215,2264.477773382271
2602,Customer,51843.3225,112848.7625,280,0,0.0,327,109474.75416666667,54084.215,4050.374233322026
16,Customer,144079.135,125420.3,356,0,0.0,69,126505.02900000001,142634.0635,1806.8947516535993
133,Customer,145174.085,126568.0275,314,0,0.0,69,126505.02900000001,142634.0635,2540.8026352836837
155,Customer,148581.1675,128652.5025,293,0,0.0,69,126505.02900000001,142634.0635,6322.949345046066
498,Customer,142477.8825,129031.6475,282,0,0.0,69,126505.02900000001,142634.0635,2531.4410025325947
1106,Customer,139605.65,124402.88,404,0,0.0,69,126505.02900000001,142634.0635,3686.504949838429
1793,Customer,144250.3325,125350.115,362,0,0.0,69,126505.02900000001,142634.0635,1986.492342738076
2370,Customer,137679.4275,123260.91,283,0,0.0,69,126505.02900000001,142634.0635,5922.223060528624
2382,Customer,141891.2575,128776.7925,306,0,0.0,69,126505.02900000001,142634.0635,2390.1192760128442
2443,Customer,142712.885,124078.12,287,0,0.0,69,126505.02900000001,142634.0635,2428.1886506495584
2954,Customer,139888.8125,129508.995,405,0,0.0,69,126505.02900000001,142634.0635,4069.4243797073873
22,Customer,154902.2325,106958.325,321,0,0.0,308,105626.0205,153804.5155,1726.2728326684792
337,Customer,152055.2025,103067.7825,250,0,0.0,308,105626.0205,153804.5155,3099.141435399967
690,Customer,160931.4175,103542.4775,215,0,0.0,308,105626.0205,153804.5155,7425.219427764613
860,Customer,154490.21,105189.0175,369,0,0.0,308,105626.0205,153804.5155,813.1104287482877
1290,Customer,158483.715,106930.0125,357,0,0.0,308,105626.0205,153804.5155,4857.499675436338
1844,Customer,148359.0125,106868.455,443,0,0.0,308,105626.0205,153804.5155,5585.440574368259
2008,Customer,152909.26,104356.585,319,0,0.0,308,105626.0205,153804.5155,1553.3669556613079
2302,Customer,151131.7975,104150.8925,317,0,0.0,308,105626.0205,153804.5155,3052.773185794862
2659,Customer,153764.45,106764.5225,220,0,0.0,308,105626.0205,153804.5155,1139.2067627495314
2741,Customer,151017.8575,108432.135,413,0,0.0,308,105626.0205,153804.5155,3954.7112911152194
23,Customer,150306.465,138318.2,276,0,0.0,272,138743.00833333333,147529.2125,2809.553980407868
200,Customer,146833.525,136054.605,442,0,0.0,272,138743.00833333333,147529.2125,2776.9576122681387
223,Customer,148868.405,139494.245,297,0,0.0,272,138743.00833333333,147529.2125,1535.510690747773
260,Customer,147760.935,139861.3125,338,0,0.0,272,138743.00833333333,147529.2125,1142.0593356696857
1184,Customer,147057.4625,136537.7275,260,0,0.0,272,138743.00833333333,147529.2125,2255.1744093012667
1911,Customer,144259.045,139498.9375,425,0,0.0,272,138743.00833333333,147529.2125,3356.400509932254
1913,Customer,145234.4175,141177.45,276,0,0.0,272,138743.00833333333,147529.2125,3345.5328903521136
2293,Customer,151651.4475,142003.3775,338,0,0.0,272,138743.00833333333,147529.2125,5255.742430730015
2535,Customer,146721.9925,134849.845,408,0,0.0,272,138743.00833333333,147529.2125,3975.968418940358
2570,Customer,149585.6875,134051.0475,327,0,0.0,272,138743.00833333333,147529.2125,5122.849391418722
2729,Customer,143412.875,140690.48,396,0,0.0,272,138743.00833333333,147529.2125,4553.776488407802
2820,Customer,148658.2925,142378.8725,236,0,0.0,272,138743.00833333333,147529.2125,3807.141957538585
26,Customer,106013.345,42578.2225,302,0,0.0,125,45493.145000000004,109717.0788888889,4713.217361920653
275,Customer,107504.795,44293.27,374,0,0.0,125,45493.145000000004,109717.0788888889,2516.724065260709
1225,Customer,104336.6775,44994.61,265,0,0.0,125,45493.145000000004,109717.0788888889,5403.448551784543
1449,Customer,111147.745,40882.1975,212,0,0.0,125,45493.145000000004,109717.0788888889,4827.798915576128
1632,Customer,111295.3375,48493.5175,228,0,0.0,125,45493.145000000004,109717.0788888889,3390.1527078145873
1687,Customer,113932.6275,44947.6025,349,0,0.0,125,45493.145000000004,109717.0788888889,4250.701908149648
1754,Customer,109807.15,46254.3525,411,0,0.0,125,45493.145000000004,109717.0788888889,766.5178817960045
2463,Customer,110228.7,49204.16,493,0,0.0,125,45493.145000000004,109717.0788888889,3746.1164546179766
2607,Customer,113187.3325,47790.3725,309,0,0.0,125,45493.145000000004,109717.0788888889,4161.720114590352
32,Customer,163376.1525,91885.02,335,0,0.0,167,91907.905,157117.72653846155,6258.467802847873
69,Customer,159044.805,92805.9375,311,0,0.0,167,91907.905,157117.72653846155,2126.05121480684
401,Customer,159628.34,96516.78,258,0,0.0,167,91907.905,157117.72653846155,5248.3243724910035
1024,Customer,152870.6575,94346.3475,319,0,0.0,167,91907.905,157117.72653846155,4897.305100079527
1206,Customer,153310.0625,95522.5075,422,0,0.0,167,91907.905,157117.72653846155,5250.110157206189
1393,Customer,162842.545,93083.55,300,0,0.0,167,91907.905,157117.72653846155,5844.286747208479
1834,Customer,154724.715,88684.1875,269,0,0.0,167,91907.905,157117.72653846155,4014.829852312094
2204,Customer,152846.835,86960.635,347,0,0.0,167,91907.905,157117.72653846155,6535.747469586209
2430,Customer,160500.1625,91700.6325,415,0,0.0,167,91907.905,157117.72653846155,3388.7807428579463
2454,Customer,153252.6,88270.565,339,0,0.0,167,91907.905,157117.72653846155,5307.489560415514
2554,Customer,158666.28,89024.545,342,0,0.0,167,91907.905,157117.72653846155,3272.885991421444
2814,Customer,154690.6225,92172.695,458,0,0.0,167,91907.905,157117.72653846155,2441.5052237536497
2945,Customer,156776.6675,93829.3625,416,0,0.0,167,91907.905,157117.72653846155,1951.4917863067149
51,Customer,110512.3225,65615.005,290,0,0.0,138,66216.81045454546,112108.39431818182,1705.759377495808
277,Customer,112842.9575,68443.485,279,0,0.0,138,66216.81045454546,112108.39431818182,2344.70949148462
499,Customer,109235.44,62703.5025,383,0,0.0,138,66216.81045454546,112108.39431818182,4538.413742469046
1038,Customer,108072.8825,66297.5675,157,0,0.0,138,66216.81045454546,112108.39431818182,4036.3197761173
1539,Customer,117328.53,65120.545,310,0,0.0,138,66216.81045454546,112108.39431818182,5334.005482132647
1595,Customer,112739.195,68210.4675,267,0,0.0,138,66216.81045454546,112108.39431818182,2091.0709971382685
1713,Customer,112910.015,68813.8375,300,0,0.0,138,66216.81045454546,112108.39431818182,2717.930314106853
1855,Customer,114115.7175,62066.505,439,0,0.0,138,66216.81045454546,112108.39431818182,4610.247468660923
1865,Customer,111013.7225,70626.77,240,0,0.0,138,66216.81045454546,112108.39431818182,4543.792422862995
2266,Customer,110158.3575,66875.415,346,0,0.0,138,66216.81045454546,112108.39431818182,2058.2525451358133
2869,Customer,114263.1975,63611.815,299,0,0.0,138,66216.81045454546,112108.39431818182,3380.706741285942
58,Customer,187216.965,127320.1825,241,0,0.0,29,122708.23025000001,187211.60175,4611.955368466884
377,Customer,186266.5575,122112.44,404,0,0.0,29,122708.23025000001,187211.60175,1117.1726171246517
843,Customer,190928.765,122499.9775,308,0,0.0,29,122708.23025000001,187211.60175,3722.992322720156
1142,Customer,185403.345,123573.1425,293,0,0.0,29,122708.23025000001,187211.60175,2004.4614424130527
1409,Customer,189696.1275,123740.1525,363,0,0.0,29,122708.23025000001,187211.60175,2690.303278899631
1993,Customer,189083.9075,120143.235,398,0,0.0,29,122708.23025000001,187211.60175,3175.6463049284407
2234,Customer,183430.565,123632.485,338,0,0.0,29,122708.23025000001,187211.60175,3892.3624892535518
2551,Customer,184491.4675,126114.205,273,0,0.0,29,122708.23025000001,187211.60175,4358.875352159155
2745,Customer,189006.43,119552.2575,351,0,0.0,29,122708.23025000001,187211.60175,3630.643530524664
2784,Customer,186591.8875,118394.225,390,0,0.0,29,122708.23025000001,187211.60175,4358.289463617651
64,Customer,150675.8875,111572.925,379,0,0.0,75,114849.291,155186.5545,5575.00591487084
240,Customer,159766.3125,115926.855,327,0,0.0,75,114849.291,155186.5545,4704.819604688368
262,Customer,152977.36,119684.5575,224,0,0.0,75,114849.291,155186.5545,5316.045754586065
404,Customer,155966.2625,110552.815,273,0,0.0,75,114849.291,155186.5545,4366.6521024510275
606,Customer,155070.4,118629.4175,488,0,0.0,75,114849.291,155186.5545,3781.9106578385067
1662,Customer,153113.365,114693.59,322,0,0.0,75,114849.291,155186.5545,2079.0280191260726
2035,Customer,160519.01,110676.585,271,0,0.0,75,114849.291,155186.5545,6771.008567555966
2253,Customer,156788.2975,119526.06,334,0,0.0,75,114849.291,155186.5545,4943.455159846195
2532,Customer,153067.7725,114170.82,367,0,0.0,75,114849.291,155186.5545,2224.760675076089
2572,Customer,153920.8775,113059.285,323,0,0.0,75,114849.291,155186.5545,2192.27273585313
66,Customer,77658.545,131674.77,442,0,0.0,85,129984.36083333332,77995.7825,1723.720476805024
822,Customer,75132.7525,131334.3975,175,0,0.0,85,129984.36083333332,77995.7825,3165.365663275641
1338,Customer,76095.0575,133689.2175,247,0,0.0,85,129984.36083333332,77995.7825,4163.978679840894
1587,Customer,79364.1325,130612.645,378,0,0.0,85,129984.36083333332,77995.7825,1505.6967545239843
1625,Customer,80969.9525,128360.845,544,0,0.0,85,129984.36083333332,77995.7825,3388.434867307322
1849,Customer,79106.915,128735.2675,374,0,0.0,85,129984.36083333332,77995.7825,1671.78036474113
1862,Customer,76414.845,124948.7375,362,0,0.0,85,129984.36083333332,77995.7825,5277.960376330732
2105,Customer,80673.565,132455.9175,382,0,0.0,85,129984.36083333332,77995.7825,3644.0515190994206
2992,Customer,76546.2775,128047.45,333,0,0.0,85,129984.36083333332,77995.7825,2419.23300269094
67,Customer,19982.8425,58149.4825,306,0,0.0,270,57286.94136363635,15150.246818181811,4908.967125154463
324,Customer,11096.1875,57151.3775,313,0,0.0,270,57286.94136363635,15150.246818181811,4056.3252478642275
867,Customer,16551.305,58331.4075,345,0,0.0,270,57286.94136363635,15150.246818181811,1747.5335587192872
1179,Customer,13864.3075,58842.275,359,0,0.0,270,57286.94136363635,15150.246818181811,2018.0938160675455
1612,Customer,17826.4825,57637.61,424,0,0.0,270,57286.94136363635,15150.246818181811,2699.112060875946
1677,Customer,15658.8725,57792.57,309,0,0.0,270,57286.94136363635,15150.246818181811,717.1892373118669
1981,Customer,17813.8925,58865.965,241,0,0.0,270,57286.94136363635,15150.246818181811,3096.501891241753
2344,Customer,14231.2275,58531.5375,378,0,0.0,270,57286.94136363635,15150.246818181811,1547.1315554414475
2617,Customer,14622.145,50555.615,245,0,0.0,270,57286.94136363635,15150.246818181811,6752.010526069459
2781,Customer,13493.235,57412.7575,302,0,0.0,270,57286.94136363635,15150.246818181811,1661.7815337052177
2863,Customer,11512.2175,56885.7575,390,0,0.0,270,57286.94136363635,15150.246818181811,3660.0827603201274
70,Customer,28956.5775,159970.19,341,0,0.0,1,160290.80333333334,25154.659583333327,3815.4125274447283
119,Customer,23611.71,164190.8325,399,0,0.0,1,160290.80333333334,25154.659583333327,4194.15318241466
491,Customer,22838.9225,156455.5225,246,0,0.0,1,160290.80333333334,25154.659583333327,4480.180499674016
622,Customer,27060.62,155608.95,327,0,0.0,1,160290.80333333334,25154.659583333327,5054.9417152668175
802,Customer,25996.16,158642.7825,460,0,0.0,1,160290.80333333334,25154.659583333327,1850.4311979511454
1614,Customer,26680.5,162728.03,292,0,0.0,1,160290.80333333334,25154.659583333327,2875.4587115527465
1658,Customer,20451.33,164329.035,208,0,0.0,1,160290.80333333334,25154.659583333327,6199.082525916865
1697,Customer,28117.335,161718.77,314,0,0.0,1,160290.80333333334,25154.659583333327,3288.8500156790506
1806,Customer,24243.52,157592.25,137,0,0.0,1,160290.80333333334,25154.659583333327,2848.2214508639127
1845,Customer,22891.9175,160613.42,399,0,0.0,1,160290.80333333334,25154.659583333327,2285.625351911104
1875,Customer,24186.14,161897.1,328,0,0.0,1,160290.80333333334,25154.659583333327,1875.691649670753
2148,Customer,26821.1825,159742.7575,315,0,0.0,1,160290.80333333334,25154.659583333327,1754.3240485181818
71,Customer,8618.84,114284.275,301,0,0.0,331,114774.57041666667,10271.525208333347,1723.8787641386464
704,Customer,8250.4825,112169.86,321,0,0.0,331,114774.57041666667,10271.525208333347,3296.8363598454866
1042,Customer,12395.865,120266.3975,425,0,0.0,331,114774.57041666667,10271.525208333347,5888.377048363315
1065,Customer,12789.59,116700.8825,352,0,0.0,331,114774.57041666667,10271.525208333347,3170.3830269270697
1601,Customer,12436.95,113881.1525,424,0,0.0,331,114774.57041666667,10271.525208333347,2342.490149858818
1908,Customer,12601.0125,110778.7075,243,0,0.0,331,114774.57041666667,10271.525208333347,4625.3033944627105
2025,Customer,11507.9375,111083.905,356,0,0.0,331,114774.57041666667,10271.525208333347,3892.264966926552
2125,Customer,11706.0075,119327.1925,322,0,0.0,331,114774.57041666667,10271.525208333347,4773.270082318783
2210,Customer,10159.5425,115330.5425,465,0,0.0,331,114774.57041666667,10271.525208333347,567.1376238724347
2410,Customer,6355.2225,117071.0275,292,0,0.0,331,114774.57041666667,10271.525208333347,4539.949563474348
2497,Customer,9340.815,113126.8925,313,0,0.0,331,114774.57041666667,10271.525208333347,1892.3699450601384
2740,Customer,7096.0375,113274.01,311,0,0.0,331,114774.57041666667,10271.525208333347,3512.1793447719942
77,Customer,86053.7675,83699.4825,429,0,0.0,113,85021.22888888889,88439.04138888889,2727.002941244458
408,Customer,85712.86,83278.4125,346,0,0.0,113,85021.22888888889,88439.04138888889,3235.656645953618
647,Customer,91333.9275,85618.9625,237,0,0.0,113,85021.22888888889,88439.04138888889,2955.951803760673
2108,Customer,88922.52,84978.3525,333,0,0.0,113,85021.22888888889,88439.04138888889,485.37609348430664
2218,Customer,88371.28,88478.215,333,0,0.0,113,85021.22888888889,88439.04138888889,3457.650152667164
2225,Customer,92668.555,85520.655,358,0,0.0,113,85021.22888888889,88439.04138888889,4258.897959218285
2439,Customer,89151.4225,85872.1875,386,0,0.0,113,85021.22888888889,88439.04138888889,1109.7825937056587
2742,Customer,85028.7775,80273.435,257,0,0.0,113,85021.22888888889,88439.04138888889,5845.634833209329
2950,Customer,88708.2625,87471.3575,371,0,0.0,113,85021.22888888889,88439.04138888889,2464.875294543958
78,Customer,21794.465,31400.9825,261,0,0.0,56,28065.596124999982,25981.56624999999,5353.187755747712
147,Customer,28660.5275,31607.4125,349,0,0.0,56,28065.596124999982,25981.56624999999,4440.866651141405
204,Customer,26713.7925,27642.0925,278,0,0.0,56,28065.596124999982,25981.56624999999,845.8785974223513
231,Customer,25968.7275,31846.5725,134,0,0.0,56,28065.596124999982,25981.56624999999,3780.9981726800434
307,Customer,27529.6175,32971.7175,198,0,0.0,56,28065.596124999982,25981.56624999999,5144.559224934499
309,Customer,21324.3175,27812.35,337,0,0.0,56,28065.596124999982,25981.56624999999,4664.129020428569
363,Customer,25422.145,29597.395,417,0,0.0,56,28065.596124999982,25981.56624999999,1630.754404686025
694,Customer,26822.7975,23677.305,263,0,0.0,56,28065.596124999982,25981.56624999999,4468.195274798337
821,Customer,29249.8375,29967.3475,302,0,0.0,56,28065.596124999982,25981.56624999999,3781.303380567487
1058,Customer,27620.0225,31809.7525,415,0,0.0,56,28065.596124999982,25981.56624999999,4086.9604651399995
1164,Customer,22807.585,31768.6475,360,0,0.0,56,28065.596124999982,25981.56624999999,4877.165822610608
1209,Customer,30614.53,31751.6875,261,0,0.0,56,28065.596124999982,25981.56624999999,5920.441092829459
1361,Customer,24657.4825,25184.9775,360,0,0.0,56,28065.596124999982,25981.56624999999,3170.3566738950394
1401,Customer,22037.7575,26022.0325,295,0,0.0,56,28065.596124999982,25981.56624999999,4441.821669765631
1441,Customer,25038.985,27428.54,167,0,0.0,56,28065.596124999982,25981.56624999999,1137.6730282693406
1537,Customer,26643.6225,23541.565,369,0,0.0,56,28065.596124999982,25981.56624999999,4572.217853310654
1578,Customer,29571.9925,22966.0775,251,0,0.0,56,28065.596124999982,25981.56624999999,6236.685887826231
1968,Customer,25580.525,21341.2275,300,0,0.0,56,28065.596124999982,25981.56624999999,6736.317056751834
2675,Customer,24741.8275,27337.6275,334,0,0.0,56,28065.596124999982,25981.56624999999,1437.6684204766768
2883,Customer,26830.7675,25636.6125,246,0,0.0,56,28065.596124999982,25981.56624999999,2573.1506394923017
79,Customer,140657.9175,131365.245,403,0,0.0,180,135271.0803125,140247.121875,3927.3785829597864
707,Customer,138228.12,136898.5075,180,0,0.0,180,135271.0803125,140247.121875,2593.2388671057156
1758,Customer,141782.975,132253.72,254,0,0.0,180,135271.0803125,140247.121875,3385.7507405333895
1878,Customer,141362.6775,139429.4175,290,0,0.0,180,135271.0803125,140247.121875,4305.372517844944
2466,Customer,142918.045,135504.635,342,0,0.0,180,135271.0803125,140247.121875,2681.1150910979177
2715,Customer,140012.8775,135726.9575,363,0,0.0,180,135271.0803125,140247.121875,512.5372545503761
2908,Customer,139335.0725,133993.585,293,0,0.0,180,135271.0803125,140247.121875,1569.658668595632
2998,Customer,137679.29,136996.575,302,0,0.0,180,135271.0803125,140247.121875,3093.7182248641784
80,Customer,24472.645,56445.7925,429,0,0.0,132,53842.46017857143,25626.98142857144,2847.7766355740982
293,Customer,24235.46,50889.385,336,0,0.0,132,53842.46017857143,25626.98142857144,3264.503774920193
809,Customer,26534.86,53283.115,362,0,0.0,132,53842.46017857143,25626.98142857144,1066.3538480496413
1148,Customer,26696.5975,58064.0275,428,0,0.0,132,53842.46017857143,25626.98142857144,4354.963741480727
1357,Customer,25762.3075,56503.815,366,0,0.0,132,53842.46017857143,25626.98142857144,2664.7931685497433
1502,Customer,30275.0825,54658.36,366,0,0.0,132,53842.46017857143,25626.98142857144,4719.166885036226
1656,Customer,22084.2175,54805.5875,332,0,0.0,132,53842.46017857143,25626.98142857144,3671.347231040549
1751,Customer,25508.515,58143.055,304,0,0.0,132,53842.46017857143,25626.98142857144,4302.22618103659
1854,Customer,25976.675,51849.0625,322,0,0.0,132,53842.46017857143,25626.98142857144,2023.8379131818933
1890,Customer,27417.285,53448.8,381,0,0.0,132,53842.46017857143,25626.98142857144,1833.0726156000346
2058,Customer,22930.7625,47990.185,324,0,0.0,132,53842.46017857143,25626.98142857144,6443.502252386526
2318,Customer,24186.505,53037.4525,342,0,0.0,132,53842.46017857143,25626.98142857144,1650.1544484771393
2456,Customer,26108.9625,57394.02,424,0,0.0,132,53842.46017857143,25626.98142857144,3584.1153606435605
2844,Customer,26587.865,47281.785,255,0,0.0,132,53842.46017857143,25626.98142857144,6630.667842424666
85,Customer,49367.2875,77803.665,451,0,0.0,18,79348.21458333333,49392.995416666665,1544.763513407323
1790,Customer,52787.2125,81826.25,344,0,0.0,18,79348.21458333333,49392.995416666665,4202.543174679613
1985,Customer,50671.355,77892.035,431,0,0.0,18,79348.21458333333,49392.995416666665,1937.6950748807253
2120,Customer,43391.5775,80252.16,268,0,0.0,18,79348.21458333333,49392.995416666665,6069.113141703682
2200,Customer,51375.545,76965.355,308,0,0.0,18,79348.21458333333,49392.995416666665,3099.7617076573333
2873,Customer,48764.995,81349.8225,286,0,0.0,18,79348.21458333333,49392.995416666665,2097.812855188982
87,Customer,18969.6725,19514.6525,390,0,0.0,301,11364.6484375,17320.895937499998,8315.108560434785
314,Customer,16321.8475,12959.3725,358,0,0.0,301,11364.6484375,17320.895937499998,1881.8189647220822
317,Customer,13845.7025,9570.765,321,0,0.0,301,11364.6484375,17320.895937499998,3910.880618911791
784,Customer,17632.3675,9242.4,296,0,0.0,301,11364.6484375,17320.895937499998,2144.9832084931077
1019,Customer,20466.025,13498.0675,299,0,0.0,301,11364.6484375,17320.895937499998,3800.4359902543456
1708,Customer,19036.995,7281.51,332,0,0.0,301,11364.6484375,17320.895937499998,4429.110011289325
1813,Customer,15275.2375,10844.395,406,0,0.0,301,11364.6484375,17320.895937499998,2110.777601298986
2021,Customer,17019.32,8006.025,337,0,0.0,301,11364.6484375,17320.895937499998,3372.135738816473
88,Customer,130022.35,1542.45,286,0,0.0,313,2133.083437500012,132787.1365625,2827.1704217598262
828,Customer,132321.2225,975.3325,323,0,0.0,313,2133.083437500012,132787.1365625,1247.983632471761
1422,Customer,135438.72,1928.4075,354,0,0.0,313,2133.083437500012,132787.1365625,2659.471181535121
1427,Customer,132623.5625,2369.82,311,0,0.0,313,2133.083437500012,132787.1365625,287.75106246035955
1489,Customer,136909.4775,578.7725,411,0,0.0,313,2133.083437500012,132787.1365625,4405.63018141793
1880,Customer,136133.9525,4254.51,392,0,0.0,313,2133.083437500012,132787.1365625,3962.5279279248734
2081,Customer,129086.9,2416.1325,264,0,0.0,313,2133.083437500012,132787.1365625,3711.0466704481105
2392,Customer,129760.9075,2999.2425,361,0,0.0,313,2133.083437500012,132787.1365625,3147.7442495016176
91,Customer,40349.4875,168227.7475,224,0,0.0,320,164610.96535714285,39913.262142857144,3642.9940476350985
158,Customer,41140.5775,163599.485,291,0,0.0,320,164610.96535714285,39913.262142857144,1590.4073373713259
551,Customer,42600.7275,168021.1975,220,0,0.0,320,164610.96535714285,39913.262142857144,4341.906645014275
721,Customer,37993.5075,161021.5275,335,0,0.0,320,164610.96535714285,39913.262142857144,4070.5677760064186
2103,Customer,40033.085,163142.91,521,0,0.0,320,164610.96535714285,39913.262142857144,1472.937218190133
2246,Customer,34103.0925,164264.03,324,0,0.0,320,164610.96535714285,39913.262142857144,5820.518483847857
2900,Customer,43172.3575,163999.86,320,0,0.0,320,164610.96535714285,39913.262142857144,3315.8938922225507
94,Customer,177047.2125,174191.935,266,0,0.0,344,177225.98541666666,179954.971875,4202.442922131783
357,Customer,182390.64,180418.655,378,0,0.0,344,177225.98541666666,179954.971875,4015.6715856109295
365,Customer,182623.975,177348.885,273,0,0.0,344,177225.98541666666,179954.971875,2671.831205155627
959,Customer,177091.8,179520.3225,377,0,0.0,344,177225.98541666666,179954.971875,3669.023826271721
1258,Customer,177221.41,174810.3075,300,0,0.0,344,177225.98541666666,179954.971875,3647.994013361925
1308,Customer,180273.1,179118.05,335,0,0.0,344,177225.98541666666,179954.971875,1918.622915379762
1456,Customer,181665.17,180372.775,240,0,0.0,344,177225.98541666666,179954.971875,3581.4888396487795
1780,Customer,182820.65,176126.2,206,0,0.0,344,177225.98541666666,179954.971875,3069.468859398347
1966,Customer,185031.5775,178241.515,162,0,0.0,344,177225.98541666666,179954.971875,5177.183115016032
1995,Customer,178347.4025,174348.1975,417,0,0.0,344,177225.98541666666,179954.971875,3296.352922359871
2152,Customer,177609.675,176102.0575,423,0,0.0,344,177225.98541666666,179954.971875,2600.698251190907
2634,Customer,177337.05,176112.925,303,0,0.0,344,177225.98541666666,179954.971875,2844.7176370869756
95,Customer,99168.9825,179306.4525,471,0,0.0,81,175662.634,97767.6275,3903.999115902488
113,Customer,98409.675,176884.4075,272,0,0.0,81,175662.634,97767.6275,1380.2012453111777
389,Customer,100288.965,174477.705,410,0,0.0,81,175662.634,97767.6275,2785.8929491183308
676,Customer,92713.7275,176556.065,354,0,0.0,81,175662.634,97767.6275,5132.263064356805
1207,Customer,104061.195,171264.2775,340,0,0.0,81,175662.634,97767.6275,7678.185448278031
1675,Customer,93350.8575,175507.16,366,0,0.0,81,175662.634,97767.6275,4419.505560306043
1728,Customer,97297.8325,175674.925,365,0,0.0,81,175662.634,97767.6275,469.9557539875412
2405,Customer,102347.36,171695.1225,309,0,0.0,81,175662.634,97767.6275,6059.298414353631
2501,Customer,93433.045,175723.0625,309,0,0.0,81,175662.634,97767.6275,4335.003696990181
2713,Customer,96604.635,179537.1625,347,0,0.0,81,175662.634,97767.6275,4045.308721515409
96,Customer,116797.0725,141554.2425,308,0,0.0,216,141020.04875,122417.38208333333,5645.6392707157265
879,Customer,123920.4575,144755.755,469,0,0.0,216,141020.04875,122417.38208333333,4026.752648782501
1304,Customer,126367.6625,136730.6825,250,0,0.0,216,141020.04875,122417.38208333333,5831.241565647854
1411,Customer,122140.3225,144441.99,306,0,0.0,216,141020.04875,122417.38208333333,3433.1390783317283
1689,Customer,123233.275,137259.4075,302,0,0.0,216,141020.04875,122417.38208333333,3848.1299175922186
2060,Customer,122045.5025,141378.215,325,0,0.0,216,141020.04875,122417.38208333333,516.3114245678074
97,Customer,193940.2475,100591.95,388,0,0.0,78,102387.57194444444,194603.44333333333,1914.1804723487112
413,Customer,192436.66,100539.1275,256,0,0.0,78,102387.57194444444,194603.44333333333,2848.104084791949
625,Customer,198486.775,99575.305,230,0,0.0,78,102387.57194444444,194603.44333333333,4794.696048776294
813,Customer,192249.41,106380.6875,293,0,0.0,78,102387.57194444444,194603.44333333333,4635.347319723107
827,Customer,191937.8075,101447.6275,318,0,0.0,78,102387.57194444444,194603.44333333333,2826.501362920715
1395,Customer,192106.1525,98656.74,343,0,0.0,78,102387.57194444444,194603.44333333333,4489.495350697864
1645,Customer,198973.395,106280.7375,306,0,0.0,78,102387.57194444444,194603.44333333333,5852.624677182621
1923,Customer,198253.5125,101649.7775,385,0,0.0,78,102387.57194444444,194603.44333333333,3723.8885004392782
2943,Customer,193047.03,106366.195,378,0,0.0,78,102387.57194444444,194603.44333333333,4272.220018020617
100,Customer,132855.08,163513.3875,337,0,0.0,332,163869.12291666667,137696.755,4854.725995594002
1205,Customer,142793.6175,167951.225,376,0,0.0,332,163869.12291666667,137696.755,6530.050900464747
1640,Customer,136974.76,166445.725,259,0,0.0,332,163869.12291666667,137696.755,2675.846609180477
1648,Customer,134885.68,158479.71,303,0,0.0,332,163869.12291666667,137696.755,6078.479599534636
1833,Customer,138465.34,164489.47,433,0,0.0,332,163869.12291666667,137696.755,987.7010711876103
2019,Customer,140206.0525,162335.22,419,0,0.0,332,163869.12291666667,137696.755,2940.9916867044535
104,Customer,92.095,106753.13,368,0,0.0,235,102763.8586111111,3008.132777777777,4941.413010024026
321,Customer,2196.88,103137.89,441,0,0.0,235,102763.8586111111,3008.132777777777,893.325556181123
412,Customer,3987.0025,102700.3425,323,0,0.0,235,102763.8586111111,3008.132777777777,980.928248881686
760,Customer,3300.375,102649.4375,279,0,0.0,235,102763.8586111111,3008.132777777777,313.8434436423414
1007,Customer,1338.7,99223.645,348,0,0.0,235,102763.8586111111,3008.132777777777,3914.0922589810198
1016,Customer,7186.0325,102245.3425,321,0,0.0,235,102763.8586111111,3008.132777777777,4209.953093138488
1081,Customer,5223.445,106242.5225,401,0,0.0,235,102763.8586111111,3008.132777777777,4124.161817119547
1233,Customer,3414.8075,100801.1425,258,0,0.0,235,102763.8586111111,3008.132777777777,2004.404864918668
1586,Customer,333.8575,101121.275,292,0,0.0,235,102763.8586111111,3008.132777777777,3138.44375141952
108,Customer,86802.2525,148433.965,392,0,0.0,193,148262.5245,90960.49925,4161.779412574115
875,Customer,92400.455,146116.5425,251,0,0.0,193,148262.5245,90960.49925,2584.3202793543296
1089,Customer,89864.09,151669.935,305,0,0.0,193,148262.5245,90960.49925,3579.463585370829
2331,Customer,90155.005,149034.2775,357,0,0.0,193,148262.5245,90960.49925,1115.537395066629
2390,Customer,91978.0625,150602.74,350,0,0.0,193,148262.5245,90960.49925,2551.8705990294225
2414,Customer,89198.35,145475.8775,411,0,0.0,193,148262.5245,90960.49925,3297.0549710134505
2655,Customer,90768.435,149718.6475,262,0,0.0,193,148262.5245,90960.49925,1468.7351249483477
2794,Customer,93763.585,144673.335,362,0,0.0,193,148262.5245,90960.49925,4554.071912998678
2830,Customer,93186.81,146946.655,404,0,0.0,193,148262.5245,90960.49925,2586.1113851873884
2983,Customer,91487.9475,149953.27,306,0,0.0,193,148262.5245,90960.49925,1771.1075637008273
111,Customer,30546.8025,95708.6425,364,0,0.0,170,95629.4559375,34868.953906250004,4322.876737801975
171,Customer,30282.2775,94375.345,373,0,0.0,170,95629.4559375,34868.953906250004,4755.0388746263225
646,Customer,35819.09,95672.1675,278,0,0.0,170,95629.4559375,34868.953906250004,951.0956178101576
1088,Customer,30891.3975,98728.83,235,0,0.0,170,95629.4559375,34868.953906250004,5042.526603221668
1247,Customer,31574.5875,96772.14,311,0,0.0,170,95629.4559375,34868.953906250004,3486.9150958003083
1267,Customer,32317.365,92386.725,328,0,0.0,170,95629.4559375,34868.953906250004,4126.246463738885
1445,Customer,34043.78,93410.4,425,0,0.0,170,95629.4559375,34868.953906250004,2367.5137231513363
1591,Customer,36584.1525,95144.1825,348,0,0.0,170,95629.4559375,34868.953906250004,1782.5253224414562
1674,Customer,33970.0,90612.84,365,0,0.0,170,95629.4559375,34868.953906250004,5096.523676972485
1690,Customer,39907.58,98572.545,452,0,0.0,170,95629.4559375,34868.953906250004,5835.197181109264
1840,Customer,39224.9875,99674.5225,431,0,0.0,170,95629.4559375,34868.953906250004,5944.543057707142
1961,Customer,32456.765,90789.9325,408,0,0.0,170,95629.4559375,34868.953906250004,5407.369269945175
1970,Customer,34153.37,95311.8525,272,0,0.0,170,95629.4559375,34868.953906250004,782.8999108416278
2567,Customer,35765.735,99503.71,414,0,0.0,170,95629.4559375,34868.953906250004,3976.689687529727
2847,Customer,37339.1675,95175.735,415,0,0.0,170,95629.4559375,34868.953906250004,2511.536957297893
2916,Customer,43026.205,98231.725,326,0,0.0,170,95629.4559375,34868.953906250004,8562.27479587815
112,Customer,22339.7325,136436.0325,360,0,0.0,155,132722.53211538462,24562.214423076934,4327.760506883712
254,Customer,26365.4575,129795.565,293,0,0.0,155,132722.53211538462,24562.214423076934,3437.851376807016
335,Customer,23974.0025,131725.23,402,0,0.0,155,132722.53211538462,24562.214423076934,1157.8448841707923
1116,Customer,28171.52,130086.2125,436,0,0.0,155,132722.53211538462,24562.214423076934,4469.593702124353
1327,Customer,23035.9475,132104.215,374,0,0.0,155,132722.53211538462,24562.214423076934,1646.756440903236
1413,Customer,22316.205,135203.62,337,0,0.0,155,132722.53211538462,24562.214423076934,3346.6932066945706
1608,Customer,25732.8625,132675.1475,288,0,0.0,155,132722.53211538462,24562.214423076934,1171.6066839083928
1877,Customer,24433.7675,137186.295,403,0,0.0,155,132722.53211538462,24562.214423076934,4465.610563194903
2290,Customer,25698.8,136157.325,247,0,0.0,155,132722.53211538462,24562.214423076934,3617.959222251418
2475,Customer,27744.1125,126870.5475,418,0,0.0,155,132722.53211538462,24562.214423076934,6661.095954167372
2786,Customer,21420.745,133147.5775,337,0,0.0,155,132722.53211538462,24562.214423076934,3170.093644533262
2833,Customer,24403.125,135314.7525,399,0,0.0,155,132722.53211538462,24562.214423076934,2597.0976044327813
2888,Customer,23672.51,128690.3975,244,0,0.0,155,132722.53211538462,24562.214423076934,4129.1262413524555
120,Customer,147954.2725,159114.1525,407,0,0.0,289,160566.06208333332,147121.90208333335,1673.583564904052
732,Customer,146993.0375,160965.5775,254,0,0.0,289,160566.06208333332,147121.90208333335,419.7840504259727
1288,Customer,145727.56,164367.755,348,0,0.0,289,160566.06208333332,147121.90208333335,4049.3282008239353
1859,Customer,145707.5075,161846.3575,394,0,0.0,289,160566.06208333332,147121.90208333335,1907.7914957616385
2147,Customer,148179.26,160565.775,340,0,0.0,289,160566.06208333332,147121.90208333335,1057.3579556396694
2766,Customer,148169.775,156536.755,304,0,0.0,289,160566.06208333332,147121.90208333335,4163.33438739714
134,Customer,176946.905,168179.045,254,0,0.0,148,167237.24333333335,180823.596,3989.4515273176394
199,Customer,181440.2725,168844.1575,400,0,0.0,148,167237.24333333335,180823.596,1721.1807123850303
409,Customer,183144.1025,169435.565,371,0,0.0,148,167237.24333333335,180823.596,3196.4618825630305
418,Customer,181385.785,171036.545,363,0,0.0,148,167237.24333333335,180823.596,3840.670465694385
613,Customer,181568.2,167432.1325,114,0,0.0,148,167237.24333333335,180823.596,769.6862374370851
1002,Customer,183589.2475,166435.7175,316,0,0.0,148,167237.24333333335,180823.596,2879.4568725634713
1255,Customer,182179.1475,163492.5475,348,0,0.0,148,167237.24333333335,180823.596,3982.4950412193216
1631,Customer,179581.495,166008.395,301,0,0.0,148,167237.24333333335,180823.596,1747.250159690122
1718,Customer,181621.6475,165831.71,346,0,0.0,148,167237.24333333335,180823.596,1616.2951920250903
1742,Customer,180090.005,166798.35,296,0,0.0,148,167237.24333333335,180823.596,854.85853410107
1750,Customer,174956.2825,170571.0875,338,0,0.0,148,167237.24333333335,180823.596,6748.324579841975
2007,Customer,182048.5,164271.7775,387,0,0.0,148,167237.24333333335,180823.596,3208.485221702522
2374,Customer,180789.27,169241.1,258,0,0.0,148,167237.24333333335,180823.596,2004.1506467380177
2571,Customer,182640.8625,162568.0875,219,0,0.0,148,167237.24333333335,180823.596,5010.3366880852545
2860,Customer,180372.2175,168412.4325,450,0,0.0,148,167237.24333333335,180823.596,1258.8932153732876
136,Customer,183018.44,110047.4375,311,0,0.0,341,112754.785,184165.17464285716,2940.192311207723
381,Customer,184742.6775,116202.29,303,0,0.0,341,112754.785,184165.17464285716,3495.54005484604
564,Customer,188214.0125,111256.975,330,0,0.0,341,112754.785,184165.17464285716,4317.003913541553
1582,Customer,181170.1375,112641.675,435,0,0.0,341,112754.785,184165.17464285716,2997.172227149106
2322,Customer,182289.6975,115843.6525,354,0,0.0,341,112754.785,184165.17464285716,3613.6570044673363
2503,Customer,183761.94,111943.6275,341,0,0.0,341,112754.785,184165.17464285716,905.8557650125073
2691,Customer,185959.3175,111347.8375,299,0,0.0,341,112754.785,184165.17464285716,2280.0109340950435
138,Customer,102900.2225,129197.7325,201,0,0.0,190,128489.9625,99951.60857142857,3032.3691188022362
922,Customer,101620.8125,130008.0525,477,0,0.0,190,128489.9625,99951.60857142857,2256.2887677020244
1039,Customer,100879.555,130802.415,393,0,0.0,190,128489.9625,99951.60857142857,2491.690417980272
1839,Customer,98150.0775,125527.3425,361,0,0.0,190,128489.9625,99951.60857142857,3467.366647143413
2154,Customer,98867.94,128536.3975,496,0,0.0,190,128489.9625,99951.60857142857,1084.6629808041941
2353,Customer,99367.39,128289.3275,317,0,0.0,190,128489.9625,99951.60857142857,617.7100795899651
2856,Customer,97875.2625,127068.47,451,0,0.0,190,128489.9625,99951.60857142857,2516.3175347902957
144,Customer,33778.6725,6110.645,420,0,0.0,47,6352.9175000000105,33933.85821428572,287.7126520934101
235,Customer,34854.885,9683.39,373,0,0.0,47,6352.9175000000105,33933.85821428572,3455.4793319103155
940,Customer,37752.79,6208.4825,443,0,0.0,47,6352.9175000000105,33933.85821428572,3821.6621322618084
1137,Customer,36547.195,2618.2825,271,0,0.0,47,6352.9175000000105,33933.85821428572,4558.18250389259
1462,Customer,33417.055,5429.65,318,0,0.0,47,6352.9175000000105,33933.85821428572,1058.0682581253068
1473,Customer,29986.295,4960.26,355,0,0.0,47,6352.9175000000105,33933.85821428572,4186.018423644131
2772,Customer,31200.115,9459.7125,267,0,0.0,47,6352.9175000000105,33933.85821428572,4138.300029441816
152,Customer,1666.0825,114432.905,461,0,0.0,79,112073.110625,2344.6387499999983,2455.4160699758586
519,Customer,2383.895,108083.8825,520,0,0.0,79,112073.110625,2344.6387499999983,3989.421272121438
840,Customer,459.57,116877.11,272,0,0.0,79,112073.110625,2344.6387499999983,5160.609865822735
844,Customer,4829.68,108691.9425,364,0,0.0,79,112073.110625,2344.6387499999983,4196.156324985708
972,Customer,3998.235,109452.12,403,0,0.0,79,112073.110625,2344.6387499999983,3099.02765627414
1546,Customer,1490.1575,109513.4025,410,0,0.0,79,112073.110625,2344.6387499999983,2698.563301424037
1550,Customer,1007.4275,116622.69,201,0,0.0,79,112073.110625,2344.6387499999983,4742.025560512297
2365,Customer,2922.0625,112910.8325,294,0,0.0,79,112073.110625,2344.6387499999983,1017.4458840241014
161,Customer,1966.315,11085.3575,355,0,0.0,35,10099.292187500003,3565.467499999999,1878.726568389334
1553,Customer,4418.855,12938.65,311,0,0.0,35,10099.292187500003,3565.467499999999,2964.831025971129
2193,Customer,3531.59,5134.7,426,0,0.0,35,10099.292187500003,3565.467499999999,4964.707773191924
2289,Customer,8233.7125,10545.63,264,0,0.0,35,10099.292187500003,3565.467499999999,4689.533966493077
2445,Customer,7874.1325,12712.625,265,0,0.0,35,10099.292187500003,3565.467499999999,5039.256142637934
2530,Customer,1556.2425,13451.9275,416,0,0.0,35,10099.292187500003,3565.467499999999,3908.599319353027
2596,Customer,842.485,12668.745,300,0,0.0,35,10099.292187500003,3565.467499999999,3743.8912178334444
2757,Customer,100.4075,2256.7025,428,0,0.0,35,10099.292187500003,3565.467499999999,8573.963716396367
167,Customer,138133.43,149862.1925,366,0,0.0,52,151758.65600000002,133816.779,4714.875360243699
338,Customer,129086.0625,152374.565,300,0,0.0,52,151758.65600000002,133816.779,4770.641728284919
477,Customer,131933.815,151163.35,422,0,0.0,52,151758.65600000002,133816.779,1974.8272478705678
575,Customer,135692.7725,147837.3075,372,0,0.0,52,151758.65600000002,133816.779,4346.990415275217
962,Customer,133437.1225,152829.19,323,0,0.0,52,151758.65600000002,133816.779,1135.8618327720264
994,Customer,131974.1875,149237.82,342,0,0.0,52,151758.65600000002,133816.779,3122.4601798531135
1009,Customer,137079.96,150280.9675,254,0,0.0,52,151758.65600000002,133816.779,3582.16604051141
2510,Customer,130245.2025,156013.1125,317,0,0.0,52,151758.65600000002,133816.779,5554.868027752264
2728,Customer,133476.015,153870.375,239,0,0.0,52,151758.65600000002,133816.779,2139.0365211134017
2982,Customer,137109.2225,154117.68,355,0,0.0,52,151758.65600000002,133816.779,4050.3306572757856
170,Customer,83254.7,73002.3275,278,0,0.0,168,73872.3475,85081.52772727273,2023.421445357454
359,Customer,79381.96,71253.215,295,0,0.0,168,73872.3475,85081.52772727273,6272.553493620042
1285,Customer,81622.205,72368.56,280,0,0.0,168,73872.3475,85081.52772727273,3772.0406382463407
1310,Customer,90732.5925,76070.63,316,0,0.0,168,73872.3475,85081.52772727273,6063.578070361213
1382,Customer,87888.6375,75517.4375,358,0,0.0,168,73872.3475,85081.52772727273,3253.6420184526974
1555,Customer,86858.95,70030.9575,322,0,0.0,168,73872.3475,85081.52772727273,4232.67138668796
1685,Customer,87309.2575,73858.6775,287,0,0.0,168,73872.3475,85081.52772727273,2227.771713887118
2342,Customer,84400.38,74974.9275,315,0,0.0,168,73872.3475,85081.52772727273,1296.0111429956135
2717,Customer,84044.16,77445.1725,248,0,0.0,168,73872.3475,85081.52772727273,3720.3777069286866
2753,Customer,86883.605,78744.5625,253,0,0.0,168,73872.3475,85081.52772727273,5194.801392075074
2941,Customer,83520.3575,69329.355,298,0,0.0,168,73872.3475,85081.52772727273,4803.7520058365935
179,Customer,161085.19,116717.7825,339,0,0.0,14,118414.45071428572,164868.39535714284,4146.242371555451
394,Customer,166516.5475,118851.085,311,0,0.0,14,118414.45071428572,164868.39535714284,1705.0087933690604
756,Customer,166462.34,115612.175,314,0,0.0,14,118414.45071428572,164868.39535714284,3223.88100018728
805,Customer,166272.18,117908.1425,353,0,0.0,14,118414.45071428572,164868.39535714284,1492.3000138627513
1682,Customer,159774.36,120102.705,255,0,0.0,14,118414.45071428572,164868.39535714284,5366.507127830373
2678,Customer,165825.7,117924.99,313,0,0.0,14,118414.45071428572,164868.39535714284,1075.176250697983
2861,Customer,168142.45,121784.275,264,0,0.0,14,118414.45071428572,164868.39535714284,4698.419896199605
180,Customer,9048.2825,194883.97,362,0,0.0,254,197156.515,6510.418749999997,3406.6425099486346
633,Customer,7993.0075,197258.8075,230,0,0.0,254,197156.515,6510.418749999997,1486.1134402133696
1789,Customer,8804.0475,196700.51,375,0,0.0,254,197156.515,6510.418749999997,2338.5194895171567
2997,Customer,196.3375,199782.7725,346,0,0.0,254,197156.515,6510.418749999997,6838.483054589495
181,Customer,199775.3375,57145.27,274,0,0.0,146,55603.10916666666,196726.56916666665,3416.6135845605254
1195,Customer,195084.9775,56949.28,375,0,0.0,146,55603.10916666666,196726.56916666665,2122.9694092442187
2386,Customer,196603.4025,52266.615,328,0,0.0,146,55603.10916666666,196726.56916666665,3338.7667411753177
2714,Customer,194081.71,55014.7475,334,0,0.0,146,55603.10916666666,196726.56916666665,2709.510926773214
2807,Customer,195720.1725,56849.73,361,0,0.0,146,55603.10916666666,196726.56916666665,1602.1540977004972
2923,Customer,199093.815,55393.0125,395,0,0.0,146,55603.10916666666,196726.56916666665,2376.550745256357
186,Customer,71369.185,24700.5575,353,0,0.0,192,23938.271000000008,69860.14825,1690.642665063436
650,Customer,65460.47,24474.435,443,0,0.0,192,23938.271000000008,69860.14825,4432.227491726821
720,Customer,71845.9775,21401.4275,395,0,0.0,192,23938.271000000008,69860.14825,3221.6599376172258
798,Customer,74245.7275,26417.0675,272,0,0.0,192,23938.271000000008,69860.14825,5037.632126946422
887,Customer,66129.825,20013.1625,408,0,0.0,192,23938.271000000008,69860.14825,5414.959675405062
1122,Customer,69841.9775,20188.285,404,0,0.0,192,23938.271000000008,69860.14825,3750.0300233933626
1973,Customer,65240.8975,22992.42,390,0,0.0,192,23938.271000000008,69860.14825,4715.094018741998
2364,Customer,74186.9875,28306.1475,274,0,0.0,192,23938.271000000008,69860.14825,6148.160945729444
2761,Customer,69927.8975,25691.54,314,0,0.0,192,23938.271000000008,69860.14825,1754.577483964883
2864,Customer,70352.5375,25197.6675,360,0,0.0,192,23938.271000000008,69860.14825,1352.2302754071877
207,Customer,122955.92,96696.8975,260,0,0.0,204,93536.70153846154,124674.15288461538,3597.1047748290225
433,Customer,125021.3425,98278.695,371,0,0.0,204,93536.70153846154,124674.15288461538,4754.686384852793
527,Customer,126053.905,93987.0875,261,0,0.0,204,93536.70153846154,124674.15288461538,1451.4005009849097
624,Customer,127886.0075,96764.925,223,0,0.0,204,93536.70153846154,124674.15288461538,4553.837589110411
817,Customer,120031.2875,93912.3975,397,0,0.0,204,93536.70153846154,124674.15288461538,4658.041051254915
926,Customer,120495.855,91230.2475,442,0,0.0,204,93536.70153846154,124674.15288461538,4772.620186450725
960,Customer,124655.96,95037.5875,359,0,0.0,204,93536.70153846154,124674.15288461538,1500.9962193802646
1484,Customer,123041.69,92397.5925,329,0,0.0,204,93536.70153846154,124674.15288461538,1990.6040468037672
1562,Customer,124538.92,89464.97,358,0,0.0,204,93536.70153846154,124674.15288461538,4073.976638909917
1931,Customer,123798.0925,90567.615,279,0,0.0,204,93536.70153846154,124674.15288461538,3095.6350996792135
1964,Customer,126078.8225,88193.905,408,0,0.0,204,93536.70153846154,124674.15288461538,5524.361644550559
2271,Customer,128425.0475,91874.2725,282,0,0.0,204,93536.70153846154,124674.15288461538,4102.7893832905265
2467,Customer,127781.1375,97570.9275,396,0,0.0,204,93536.70153846154,124674.15288461538,5091.987088454533
213,Customer,167060.7075,39014.185,304,0,0.0,312,41887.66321428571,165772.23107142857,3149.1345723799705
1043,Customer,165338.28,44632.13,328,0,0.0,312,41887.66321428571,165772.23107142857,2778.5628426009916
1153,Customer,162968.9375,44523.8825,286,0,0.0,312,41887.66321428571,165772.23107142857,3848.1303213358947
1348,Customer,166846.0975,37793.0825,322,0,0.0,312,41887.66321428571,165772.23107142857,4233.0580355356915
1518,Customer,164785.045,44174.795,374,0,0.0,312,41887.66321428571,165772.23107142857,2491.085736149434
1538,Customer,168706.785,39102.045,395,0,0.0,312,41887.66321428571,165772.23107142857,4046.1432989273085
2483,Customer,164699.765,43973.5225,184,0,0.0,312,41887.66321428571,165772.23107142857,2345.4194580428284
219,Customer,170366.685,62149.055,305,0,0.0,73,58351.659499999994,170633.31975,3806.744892073523
779,Customer,170652.335,54559.5125,359,0,0.0,73,58351.659499999994,170633.31975,3792.194674504665
804,Customer,169238.8725,59937.8325,262,0,0.0,73,58351.659499999994,170633.31975,2111.9725185147563
831,Customer,170737.7375,60500.69,382,0,0.0,73,58351.659499999994,170633.31975,2151.565745322542
855,Customer,168143.2675,58985.1425,299,0,0.0,73,58351.659499999994,170633.31975,2569.3697513240695
1490,Customer,170337.765,57392.295,347,0,0.0,73,58351.659499999994,170633.31975,1003.8589811859999
1638,Customer,171372.83,55360.06,277,0,0.0,73,58351.659499999994,170633.31975,3081.646147476261
2452,Customer,171020.845,53339.9025,338,0,0.0,73,58351.659499999994,170633.31975,5026.717024702758
2511,Customer,174822.285,61021.15,314,0,0.0,73,58351.659499999994,170633.31975,4967.253707562955
2686,Customer,169640.575,60270.955,345,0,0.0,73,58351.659499999994,170633.31975,2160.841816277353
220,Customer,68686.6625,58820.4275,293,0,0.0,243,58234.389444444445,71704.4725,3074.1857131050688
788,Customer,74029.355,60029.0575,322,0,0.0,243,58234.389444444445,71704.4725,2936.9903078556085
846,Customer,70252.9025,58697.425,395,0,0.0,243,58234.389444444445,71704.4725,1523.6329579687704
915,Customer,74716.8925,55690.4725,315,0,0.0,243,58234.389444444445,71704.4725,3942.8654144709953
1241,Customer,73612.215,56810.8725,254,0,0.0,243,58234.389444444445,71704.4725,2380.311311031958
1272,Customer,70144.25,59602.29,344,0,0.0,243,58234.389444444445,71704.4725,2074.956910250297
1644,Customer,69212.5375,60853.42,291,0,0.0,243,58234.389444444445,71704.4725,3615.1156406342825
1930,Customer,70130.7625,59851.27,377,0,0.0,243,58234.389444444445,71704.4725,2256.294726987955
2959,Customer,74554.675,53754.27,263,0,0.0,243,58234.389444444445,71704.4725,5309.908146803999
222,Customer,91040.9,159038.035,239,0,0.0,281,158357.9375,93016.13249999999,2089.037107990784
323,Customer,92343.0175,156785.8775,288,0,0.0,281,158357.9375,93016.13249999999,1710.1042210417995
1266,Customer,94404.35,157667.68,248,0,0.0,281,158357.9375,93016.13249999999,1550.3558441895032
1388,Customer,90555.87,159077.785,378,0,0.0,281,158357.9375,93016.13249999999,2563.4102270535027
1920,Customer,96161.33,154065.89,303,0,0.0,281,158357.9375,93016.13249999999,5321.084387252512
2552,Customer,92516.0575,159281.22,309,0,0.0,281,158357.9375,93016.13249999999,1050.0121810870812
2894,Customer,94091.4025,162589.075,279,0,0.0,281,158357.9375,93016.13249999999,4365.630552028694
225,Customer,190103.4225,166264.925,288,0,0.0,6,164057.75374999997,189364.40791666665,2327.605525256797
439,Customer,185767.8,162930.4275,431,0,0.0,6,164057.75374999997,189364.40791666665,3769.14486059747
1171,Customer,188246.1475,164262.8675,233,0,0.0,6,164057.75374999997,189364.40791666665,1136.9160082972512
1228,Customer,192160.1425,163837.8775,325,0,0.0,6,164057.75374999997,189364.40791666665,2804.367562528151
2763,Customer,191613.2275,163558.1175,392,0,0.0,6,164057.75374999997,189364.40791666665,2303.6549005217053
2939,Customer,188295.7075,163492.3075,305,0,0.0,6,164057.75374999997,189364.40791666665,1209.069907913736
227,Customer,145266.3075,29678.065,352,0,0.0,300,33200.35750000001,149005.52270833333,5136.951900669078
448,Customer,150917.565,36308.095,295,0,0.0,300,33200.35750000001,149005.52270833333,3648.826947667992
750,Customer,146437.9675,32079.19,386,0,0.0,300,33200.35750000001,149005.52270833333,2801.670271622965
929,Customer,149761.485,36737.7225,313,0,0.0,300,33200.35750000001,149005.52270833333,3617.240678977117
1095,Customer,149341.1025,32746.01,271,0,0.0,300,33200.35750000001,149005.52270833333,564.8410814833798
1155,Customer,146739.3475,33070.355,351,0,0.0,300,33200.35750000001,149005.52270833333,2269.9010385633223
1600,Customer,150870.6725,30097.4425,355,0,0.0,300,33200.35750000001,149005.52270833333,3620.340487106046
1635,Customer,146113.47,27486.1075,324,0,0.0,300,33200.35750000001,149005.52270833333,6404.42206059831
1714,Customer,151553.6275,38063.96,333,0,0.0,300,33200.35750000001,149005.52270833333,5490.670934168316
1871,Customer,150818.4325,30778.33,267,0,0.0,300,33200.35750000001,149005.52270833333,3025.369254070844
2066,Customer,148810.795,34563.92,303,0,0.0,300,33200.35750000001,149005.52270833333,1377.3966646536342
2597,Customer,151435.5,36795.0925,281,0,0.0,300,33200.35750000001,149005.52270833333,4338.998658474163
233,Customer,26317.9475,117593.685,308,0,0.0,310,113347.174375,24169.566250000003,4759.032935753796
931,Customer,22450.0475,110750.0875,315,0,0.0,310,113347.174375,24169.566250000003,3114.739951889865
1186,Customer,25872.0525,110920.5,415,0,0.0,310,113347.174375,24169.566250000003,2964.322511758919
1257,Customer,25800.7475,114751.44,359,0,0.0,310,113347.174375,24169.566250000003,2152.374088282099
1597,Customer,22722.7225,116054.4575,271,0,0.0,310,113347.174375,24169.566250000003,3069.6479856530536
2043,Customer,24500.245,111880.8,377,0,0.0,310,113347.174375,24169.566250000003,1503.1973401247749
2223,Customer,24516.085,114915.5775,373,0,0.0,310,113347.174375,24169.566250000003,1606.2265116138867
2647,Customer,21176.6825,109910.8475,208,0,0.0,310,113347.174375,24169.566250000003,4556.939272457045
241,Customer,63411.99,39205.5625,421,0,0.0,266,37540.60694444445,69955.99111111111,6752.48306508049
469,Customer,68751.7875,35483.3025,349,0,0.0,266,37540.60694444445,69955.99111111111,2383.822123008328
626,Customer,73377.3325,34903.0925,352,0,0.0,266,37540.60694444445,69955.99111111111,4319.960572039667
792,Customer,69316.6675,37505.59,305,0,0.0,266,37540.60694444445,69955.99111111111,640.2818645896402
1052,Customer,65951.8325,35886.6125,322,0,0.0,266,37540.60694444445,69955.99111111111,4332.318525361259
1791,Customer,74066.6275,35860.79,244,0,0.0,266,37540.60694444445,69955.99111111111,4440.62118272885
2345,Customer,74302.56,41468.7675,296,0,0.0,266,37540.60694444445,69955.99111111111,5858.592532006236
2696,Customer,72018.8575,36667.9775,320,0,0.0,266,37540.60694444445,69955.99111111111,2239.8437190390973
2909,Customer,68406.265,40883.7675,370,0,0.0,266,37540.60694444445,69955.99111111111,3684.8844649028115
253,Customer,173076.6475,75051.84,354,0,0.0,230,75297.6075,170141.76089285713,2945.1589194545686
421,Customer,168400.02,72460.765,435,0,0.0,230,75297.6075,170141.76089285713,3328.8641768112175
431,Customer,168948.77,76462.7725,201,0,0.0,230,75297.6075,170141.76089285713,1667.5841051248633
598,Customer,172088.275,79784.3925,322,0,0.0,230,75297.6075,170141.76089285713,4890.823734866267
902,Customer,174758.0025,75227.23,383,0,0.0,230,75297.6075,170141.76089285713,4616.778050548161
911,Customer,172885.3525,79806.1625,337,0,0.0,230,75297.6075,170141.76089285713,5277.723287063269
1051,Customer,169128.71,70040.5275,330,0,0.0,230,75297.6075,170141.76089285713,5353.798860427861
1326,Customer,170766.645,77270.1125,331,0,0.0,230,75297.6075,170141.76089285713,2069.1196491224837
1392,Customer,165439.4025,77258.7425,334,0,0.0,230,75297.6075,170141.76089285713,5094.921485469515
1455,Customer,170247.23,79628.8275,336,0,0.0,230,75297.6075,170141.76089285713,4332.5039435598355
1604,Customer,165304.785,77481.7375,377,0,0.0,230,75297.6075,170141.76089285713,5307.236535616346
1879,Customer,172674.4875,71847.6375,397,0,0.0,230,75297.6075,170141.76089285713,4279.836102869991
2174,Customer,168641.27,71866.2325,413,0,0.0,230,75297.6075,170141.76089285713,3745.1044458295437
2870,Customer,169625.055,69979.525,337,0,0.0,230,75297.6075,170141.76089285713,5343.125158230863
289,Customer,110865.65,2293.7325,477,0,0.0,145,5851.62117647058,112265.65838235294,3823.4271674527918
524,Customer,116467.1375,6751.3975,403,0,0.0,145,5851.62117647058,112265.65838235294,4296.745769580561
639,Customer,109517.745,5802.3025,362,0,0.0,145,5851.62117647058,112265.65838235294,2748.355924687192
948,Customer,113045.505,6446.8175,309,0,0.0,145,5851.62117647058,112265.65838235294,981.0297704955291
1405,Customer,110384.8375,2208.7225,345,0,0.0,145,5851.62117647058,112265.65838235294,4099.780232954689
1461,Customer,112100.6175,5157.8225,322,0,0.0,145,5851.62117647058,112265.65838235294,713.1585351940807
1505,Customer,111288.4525,5009.5075,343,0,0.0,145,5851.62117647058,112265.65838235294,1289.9948761929172
1590,Customer,116671.37,5182.66,330,0,0.0,145,5851.62117647058,112265.65838235294,4456.209590391274
1652,Customer,114959.005,6338.3725,385,0,0.0,145,5851.62117647058,112265.65838235294,2736.976955282698
1688,Customer,111892.47,7564.1425,256,0,0.0,145,5851.62117647058,112265.65838235294,1752.7118565999817
2219,Customer,108494.9575,9923.455,297,0,0.0,145,5851.62117647058,112265.65838235294,5549.596006072459
2274,Customer,115325.26,9726.435,295,0,0.0,145,5851.62117647058,112265.65838235294,4937.1392755039
2305,Customer,110343.1125,6921.6925,439,0,0.0,145,5851.62117647058,112265.65838235294,2200.280733722909
2406,Customer,110783.01,7239.0025,356,0,0.0,145,5851.62117647058,112265.65838235294,2030.5351911680914
2407,Customer,111163.4,3602.4825,402,0,0.0,145,5851.62117647058,112265.65838235294,2504.7152188348996
2731,Customer,112305.3475,6122.12,308,0,0.0,145,5851.62117647058,112265.65838235294,273.39502480916286
2974,Customer,112908.315,3186.895,412,0,0.0,145,5851.62117647058,112265.65838235294,2741.126250972962
295,Customer,178523.1825,33525.5525,339,0,0.0,70,36636.28520833334,176073.23895833333,3959.65671997575
303,Customer,181738.6475,35498.2,334,0,0.0,70,36636.28520833334,176073.23895833333,5778.589091241629
399,Customer,178027.7825,38063.315,299,0,0.0,70,36636.28520833334,176073.23895833333,2420.052578473264
470,Customer,174257.9175,35407.1425,344,0,0.0,70,36636.28520833334,176073.23895833333,2192.3010273533196
1311,Customer,174975.4175,37626.195,398,0,0.0,70,36636.28520833334,176073.23895833333,1478.2196555365572
1843,Customer,177949.8275,35760.4,415,0,0.0,70,36636.28520833334,176073.23895833333,2070.9320251741337
1856,Customer,174028.15,39845.7675,251,0,0.0,70,36636.28520833334,176073.23895833333,3805.675423366895
1899,Customer,171442.035,40018.1575,304,0,0.0,70,36636.28520833334,176073.23895833333,5734.554062943775
1919,Customer,171972.77,35680.66,290,0,0.0,70,36636.28520833334,176073.23895833333,4210.352148818128
2197,Customer,179394.8975,35373.8725,273,0,0.0,70,36636.28520833334,176073.23895833333,3553.4632844013795
2769,Customer,175134.3875,35018.395,427,0,0.0,70,36636.28520833334,176073.23895833333,1870.5642964184656
2842,Customer,175433.8525,37817.765,297,0,0.0,70,36636.28520833334,176073.23895833333,1343.3947823393964
306,Customer,41927.745,88360.02,352,0,0.0,220,89252.34125,46122.621875,4288.732820963702
611,Customer,50847.77,87792.855,492,0,0.0,220,89252.34125,46122.621875,4945.414534407614
2321,Customer,44838.385,86863.135,406,0,0.0,220,89252.34125,46122.621875,2712.4842591522684
2942,Customer,46876.5875,93993.355,368,0,0.0,220,89252.34125,46122.621875,4800.591165822257
319,Customer,178919.8075,30245.405,313,0,0.0,194,28766.401499999993,176551.07724999997,2792.54979369705
562,Customer,178735.7675,31367.79,279,0,0.0,194,28766.401499999993,176551.07724999997,3397.0713293037306
576,Customer,179968.4425,31359.3775,342,0,0.0,194,28766.401499999993,176551.07724999997,4289.744722997373
768,Customer,171696.02,25718.3425,252,0,0.0,194,28766.401499999993,176551.07724999997,5732.560036166945
848,Customer,175977.2775,30379.65,394,0,0.0,194,28766.401499999993,176551.07724999997,1712.2549097176839
1363,Customer,176457.27,30705.9925,394,0,0.0,194,28766.401499999993,176551.07724999997,1941.8581429737828
1378,Customer,176682.84,25643.8175,343,0,0.0,194,28766.401499999993,176551.07724999997,3125.362740442062
1447,Customer,177300.635,29187.05,392,0,0.0,194,28766.401499999993,176551.07724999997,859.5242760605267
2017,Customer,175558.7525,27252.165,399,0,0.0,194,28766.401499999993,176551.07724999997,1810.4200030365134
2277,Customer,174213.96,25804.425,480,0,0.0,194,28766.401499999993,176551.07724999997,3772.9857973228163
322,Customer,78801.8875,23176.9025,365,0,0.0,251,20341.610833333354,79082.42916666667,2849.1371433831405
358,Customer,79073.5475,17779.115,442,0,0.0,251,20341.610833333354,79082.42916666667,2562.511225312695
1167,Customer,82057.7575,18725.345,379,0,0.0,251,20341.610833333354,79082.42916666667,3385.9849283682433
2228,Customer,76133.8625,18377.8575,279,0,0.0,251,20341.610833333354,79082.42916666667,3542.650496726376
2377,Customer,81410.2225,22356.9875,378,0,0.0,251,20341.610833333354,79082.42916666667,3079.0201219309165
2765,Customer,77017.2975,21633.4575,295,0,0.0,251,20341.610833333354,79082.42916666667,2435.9057064769922
326,Customer,100824.41,12165.2125,249,0,0.0,72,11814.753611111111,100706.61972222223,369.72419766658544
467,Customer,105026.4375,6834.075,316,0,0.0,72,11814.753611111111,100706.61972222223,6593.025486101553
605,Customer,105181.925,10409.48,273,0,0.0,72,11814.753611111111,100706.61972222223,4690.7516723219205
1094,Customer,100171.5075,13805.435,284,0,0.0,72,11814.753611111111,100706.61972222223,2061.3484621577677
1611,Customer,98210.51,9053.9375,220,0,0.0,72,11814.753611111111,100706.61972222223,3721.917428522968
1744,Customer,100221.4475,12523.7325,308,0,0.0,72,11814.753611111111,100706.61972222223,859.0943778806732
1776,Customer,100408.0175,11377.5725,240,0,0.0,72,11814.753611111111,100706.61972222223,529.4247926083514
1873,Customer,99007.1425,14948.195,374,0,0.0,72,11814.753611111111,100706.61972222223,3564.642726340761
2857,Customer,97308.18,15215.1425,200,0,0.0,72,11814.753611111111,100706.61972222223,4807.498012610815
352,Customer,76115.15,140007.0475,396,0,0.0,304,139548.48125,71687.55875,4451.274792990833
769,Customer,70047.7325,139488.12,377,0,0.0,304,139548.48125,71687.55875,1640.9368088657836
1200,Customer,72059.2925,138383.5675,350,0,0.0,304,139548.48125,71687.55875,1222.7878089955514
1618,Customer,72868.215,140335.14,398,0,0.0,304,139548.48125,71687.55875,1418.7251917181243
2065,Customer,71344.115,141709.145,331,0,0.0,304,139548.48125,71687.55875,2187.7891694534974
2301,Customer,67690.8475,137367.8675,363,0,0.0,304,139548.48125,71687.55875,4552.886682376979
369,Customer,21183.705,119765.5975,210,0,0.0,144,124491.43409090908,18980.654318181812,5214.111984857512
458,Customer,20283.9875,125297.1225,314,0,0.0,144,124491.43409090908,18980.654318181812,1532.256896010512
484,Customer,15710.7125,126006.2125,224,0,0.0,144,124491.43409090908,18980.654318181812,3603.758194294142
593,Customer,16621.1125,124573.0925,200,0,0.0,144,124491.43409090908,18980.654318181812,2360.9544018307506
850,Customer,24269.1875,123187.7475,261,0,0.0,144,124491.43409090908,18980.654318181812,5446.850644409864
1174,Customer,23593.9575,122834.34,321,0,0.0,144,124491.43409090908,18980.654318181812,4901.890153144971
1394,Customer,18456.2,128498.1675,304,0,0.0,144,124491.43409090908,18980.654318181812,4040.9114000909303
1841,Customer,14202.73,125533.99,263,0,0.0,144,124491.43409090908,18980.654318181812,4890.345960548552
2422,Customer,13845.7475,123410.8075,317,0,0.0,144,124491.43409090908,18980.654318181812,5247.3823817585335
2487,Customer,18316.4825,123118.015,312,0,0.0,144,124491.43409090908,18980.654318181812,1525.5832338291048
2628,Customer,22303.375,127180.6825,355,0,0.0,144,124491.43409090908,18980.654318181812,4274.637965393131
374,Customer,131704.4475,143165.92,212,0,0.0,345,142881.12,130677.251,1065.9473202800743
653,Customer,131039.6725,144905.695,359,0,0.0,345,142881.12,130677.251,2056.757952284929
1574,Customer,129693.0025,143703.025,323,0,0.0,345,142881.12,130677.251,1282.2920645380486
1766,Customer,129210.3275,139200.89,382,0,0.0,345,142881.12,130677.251,3961.812389267332
2074,Customer,131738.805,143430.07,334,0,0.0,345,142881.12,130677.251,1195.0912088271714
392,Customer,156263.6175,78363.585,249,0,0.0,249,76802.27916666667,153823.625,2896.763591537443
522,Customer,151124.8275,75375.0,251,0,0.0,249,76802.27916666667,153823.625,3052.971301143673
672,Customer,152710.1075,80752.435,246,0,0.0,249,76802.27916666667,153823.625,4104.101890843294
675,Customer,157224.9525,75059.4525,209,0,0.0,249,76802.27916666667,153823.625,3821.8416440638694
1118,Customer,154726.825,76185.9775,324,0,0.0,249,76802.27916666667,153823.625,1093.4340329147203
1755,Customer,152642.535,80538.135,427,0,0.0,249,76802.27916666667,153823.625,3918.11081971281
1808,Customer,155958.3975,74540.7425,280,0,0.0,249,76802.27916666667,153823.625,3109.9520448769076
1962,Customer,152020.1575,74216.065,315,0,0.0,249,76802.27916666667,153823.625,3152.934940563099
2150,Customer,157411.015,79429.3025,309,0,0.0,249,76802.27916666667,153823.625,4446.4163779360415
2160,Customer,152751.915,77976.7625,431,0,0.0,249,76802.27916666667,153823.625,1589.96019584697
2612,Customer,149508.555,75869.1025,363,0,0.0,249,76802.27916666667,153823.625,4414.821377599687
2779,Customer,153540.595,73320.79,489,0,0.0,249,76802.27916666667,153823.625,3492.974777824406
395,Customer,55475.7225,159250.4125,279,0,0.0,233,154500.73125,54619.8259375,4826.181814053511
554,Customer,54214.8625,156252.6325,343,0,0.0,233,154500.73125,54619.8259375,1798.0971540668647
726,Customer,53310.5925,154049.6825,350,0,0.0,233,154500.73125,54619.8259375,1384.7516632034212
755,Customer,53900.335,155115.0975,282,0,0.0,233,154500.73125,54619.8259375,946.1041688332631
780,Customer,55797.525,152208.875,393,0,0.0,233,154500.73125,54619.8259375,2576.7382778383803
1425,Customer,53991.74,153802.495,378,0,0.0,233,154500.73125,54619.8259375,939.1622893298788
1680,Customer,57044.0175,151034.08,258,0,0.0,233,154500.73125,54619.8259375,4230.174419669116
2616,Customer,53223.8125,154292.575,209,0,0.0,233,154500.73125,54619.8259375,1411.446967510513
422,Customer,11008.1775,87404.39,319,0,0.0,213,89150.3651923077,15644.327115384614,4954.0198453765615
465,Customer,20722.0375,88316.5375,255,0,0.0,213,89150.3651923077,15644.327115384614,5145.717770193977
537,Customer,14471.5075,88336.85,333,0,0.0,213,89150.3651923077,15644.327115384614,1427.3446739825447
550,Customer,18222.1125,87117.62,331,0,0.0,213,89150.3651923077,15644.327115384614,3282.8387876937795
607,Customer,17003.835,89050.38,280,0,0.0,213,89150.3651923077,15644.327115384614,1363.1796385701352
728,Customer,14857.0125,90981.455,279,0,0.0,213,89150.3651923077,15644.327115384614,1993.1769082128312
889,Customer,18776.4975,91219.6975,351,0,0.0,213,89150.3651923077,15644.327115384614,3754.0148531832992
1125,Customer,12566.6,84883.73,358,0,0.0,213,89150.3651923077,15644.327115384614,5260.8535487135805
1199,Customer,12658.745,87044.2825,292,0,0.0,213,89150.3651923077,15644.327115384614,3653.66731853661
1499,Customer,19585.18,94614.5225,281,0,0.0,213,89150.3651923077,15644.327115384614,6737.012434409534
2102,Customer,14870.7575,88994.9425,310,0,0.0,213,89150.3651923077,15644.327115384614,789.0286199691825
2209,Customer,16035.315,90201.705,344,0,0.0,213,89150.3651923077,15644.327115384614,1121.6893140056677
2676,Customer,12598.475,90788.635,382,0,0.0,213,89150.3651923077,15644.327115384614,3458.4885530516194
425,Customer,162672.665,151115.9625,402,0,0.0,306,152043.4578125,162312.0759375,995.1241262798056
450,Customer,160398.1175,153248.7675,207,0,0.0,306,152043.4578125,162312.0759375,2261.859487956474
512,Customer,165946.0225,147681.2975,327,0,0.0,306,152043.4578125,162312.0759375,5677.500348838025
888,Customer,161019.605,155023.31,381,0,0.0,306,152043.4578125,162312.0759375,3248.0763820499246
914,Customer,163783.1325,152427.87,337,0,0.0,306,152043.4578125,162312.0759375,1520.4539256330286
1556,Customer,165193.9775,149637.905,332,0,0.0,306,152043.4578125,162312.0759375,3753.9367269130635
1828,Customer,160701.1425,155203.0975,267,0,0.0,306,152043.4578125,162312.0759375,3546.608167655489
1950,Customer,158781.945,152009.4525,381,0,0.0,306,152043.4578125,162312.0759375,3530.294718174778
459,Customer,131015.8325,66775.195,232,0,0.0,10,66148.40464285715,135138.36,4169.903972523033
1131,Customer,137664.69,64215.9575,305,0,0.0,10,66148.40464285715,135138.36,3180.6752787477126
1426,Customer,136663.3775,70632.0925,409,0,0.0,10,66148.40464285715,135138.36,4735.9407909724305
1712,Customer,132294.5275,63768.02,271,0,0.0,10,66148.40464285715,135138.36,3708.586568492954
1818,Customer,135882.6025,67487.56,398,0,0.0,10,66148.40464285715,135138.36,1532.0685263299038
2263,Customer,136669.485,65469.9025,282,0,0.0,10,66148.40464285715,135138.36,1674.726521998963
2996,Customer,135778.005,64690.105,302,0,0.0,10,66148.40464285715,135138.36,1592.414385259783
466,Customer,109121.9925,37877.8525,289,0,0.0,239,32930.481,109907.5165,5009.3445393173215
767,Customer,110656.7275,29366.455,358,0,0.0,239,32930.481,109907.5165,3641.9223565580005
2188,Customer,110558.655,33306.6325,349,0,0.0,239,32930.481,109907.5165,751.9782557591018
2913,Customer,107741.2975,31281.385,554,0,0.0,239,32930.481,109907.5165,2722.502961096093
2940,Customer,111458.91,32820.08,266,0,0.0,239,32930.481,109907.5165,1555.3167435102303
494,Customer,131170.115,49124.71,213,0,0.0,173,44890.58392857144,131305.46285714285,4236.28878042848
968,Customer,127306.4175,42923.9625,313,0,0.0,173,44890.58392857144,131305.46285714285,4456.451908391042
1344,Customer,135905.755,43708.155,245,0,0.0,173,44890.58392857144,131305.46285714285,4749.823783126685
2044,Customer,129140.975,46114.5725,424,0,0.0,173,44890.58392857144,131305.46285714285,2486.5952036281546
2339,Customer,130913.65,45485.97,356,0,0.0,173,44890.58392857144,131305.46285714285,712.7425124640614
2356,Customer,134874.4275,44773.565,239,0,0.0,173,44890.58392857144,131305.46285714285,3570.882531197074
2880,Customer,129826.9,42103.1525,279,0,0.0,173,44890.58392857144,131305.46285714285,3155.3006340934094
528,Customer,189786.01,195637.3525,444,0,0.0,94,195511.69673076924,194336.62576923077,4552.35029973668
744,Customer,197606.3375,195305.155,418,0,0.0,94,195511.69673076924,194336.62576923077,3276.2286685881727
1313,Customer,196203.17,195003.245,277,0,0.0,94,195511.69673076924,194336.62576923077,1934.5569332382504
1385,Customer,189775.4125,199548.505,303,0,0.0,94,195511.69673076924,194336.62576923077,6091.016950389867
1672,Customer,188763.5475,199946.755,350,0,0.0,94,195511.69673076924,194336.62576923077,7122.425376684868
2050,Customer,190194.23,199195.585,331,0,0.0,94,195511.69673076924,194336.62576923077,5543.507507807385
2179,Customer,197206.7275,198300.01,312,0,0.0,94,195511.69673076924,194336.62576923077,4001.521564646748
2315,Customer,193215.425,192532.275,379,0,0.0,94,195511.69673076924,194336.62576923077,3183.4014850005487
2431,Customer,197134.74,197199.3875,322,0,0.0,94,195511.69673076924,194336.62576923077,3267.681652330897
2558,Customer,193422.45,198354.295,220,0,0.0,94,195511.69673076924,194336.62576923077,2985.9809539383264
2666,Customer,196659.105,188869.74,341,0,0.0,94,195511.69673076924,194336.62576923077,7036.2986712308775
2838,Customer,198806.11,190970.0375,370,0,0.0,94,195511.69673076924,194336.62576923077,6372.045029464723
2846,Customer,197602.87,190789.715,316,0,0.0,94,195511.69673076924,194336.62576923077,5741.555785738891
536,Customer,29430.01,41012.565,364,0,0.0,211,41393.63208333334,30295.59583333334,945.7541735924567
688,Customer,33456.3775,44230.1975,364,0,0.0,211,41393.63208333334,30295.59583333334,4246.957040913578
722,Customer,31306.055,39667.9425,415,0,0.0,211,41393.63208333334,30295.59583333334,1999.7580517467302
1343,Customer,31610.0675,38339.0575,297,0,0.0,211,41393.63208333334,30295.59583333334,3325.396464726491
1798,Customer,28087.4375,42131.0825,305,0,0.0,211,41393.63208333334,30295.59583333334,2328.0456056768526
2011,Customer,32897.89,43421.23,371,0,0.0,211,41393.63208333334,30295.59583333334,3298.952597649491
2352,Customer,27588.1025,46819.015,307,0,0.0,211,41393.63208333334,30295.59583333334,6063.439613165363
2615,Customer,28954.255,44262.6375,400,0,0.0,211,41393.63208333334,30295.59583333334,3167.0786715883787
2780,Customer,26622.5775,42185.0675,428,0,0.0,211,41393.63208333334,30295.59583333334,3757.3173536124364
2891,Customer,34004.965,36704.885,416,0,0.0,211,41393.63208333334,30295.59583333334,5978.609271902968
2927,Customer,27509.6975,39983.3825,399,0,0.0,211,41393.63208333334,30295.59583333334,3122.504349230173
2948,Customer,32079.715,37966.5225,300,0,0.0,211,41393.63208333334,30295.59583333334,3863.6978785928054
566,Customer,80016.64,160564.335,430,0,0.0,51,158127.89678571429,82567.9992857143,3527.8414614084168
1480,Customer,82373.2525,154021.015,382,0,0.0,51,158127.89678571429,82567.9992857143,4111.496602501052
1482,Customer,86138.7975,159819.525,425,0,0.0,51,158127.89678571429,82567.9992857143,3951.228404245122
2417,Customer,85877.6675,155106.745,291,0,0.0,51,158127.89678571429,82567.9992857143,4481.212090604255
2526,Customer,78226.3325,159404.725,230,0,0.0,51,158127.89678571429,82567.9992857143,4525.523258913903
2632,Customer,82683.6125,160757.3325,306,0,0.0,51,158127.89678571429,82567.9992857143,2631.9761759709463
2852,Customer,82659.6925,157221.6,356,0,0.0,51,158127.89678571429,82567.9992857143,910.9234376950018
583,Customer,51779.81,183339.5625,352,0,0.0,106,182791.88535714286,52087.4475,628.164854329188
1583,Customer,54225.5125,180432.04,318,0,0.0,106,182791.88535714286,52087.4475,3184.366821497433
2098,Customer,49181.3425,182846.0575,380,0,0.0,106,182791.88535714286,52087.4475,2906.609862380356
2404,Customer,50717.91,186342.3725,384,0,0.0,106,182791.88535714286,52087.4475,3805.468685392125
2471,Customer,54791.575,183937.8625,286,0,0.0,106,182791.88535714286,52087.4475,2936.9319277448712
2683,Customer,49254.2725,180673.815,363,0,0.0,106,182791.88535714286,52087.4475,3537.386410675585
2703,Customer,54661.71,181971.4875,434,0,0.0,106,182791.88535714286,52087.4475,2701.8290217759627
609,Customer,36641.7075,18642.9675,318,0,0.0,228,19071.5285,35896.010500000004,860.074733107531
1370,Customer,38487.3675,20756.025,209,0,0.0,228,19071.5285,35896.010500000004,3090.737704814376
1504,Customer,35188.74,20914.955,334,0,0.0,228,19071.5285,35896.010500000004,1974.450004703212
1517,Customer,35443.945,17425.1475,379,0,0.0,228,19071.5285,35896.010500000004,1707.3176662388455
2747,Customer,33718.2925,17618.5475,356,0,0.0,228,19071.5285,35896.010500000004,2617.9399293881825
616,Customer,48214.97,40826.2225,379,0,0.0,218,42327.7705,50817.561499999996,3004.684494614403
1230,Customer,52211.18,42488.2275,378,0,0.0,218,42327.7705,50817.561499999996,1402.8253534889018
1543,Customer,53827.715,43057.135,296,0,0.0,218,42327.7705,50817.561499999996,3097.256312839237
2486,Customer,49656.865,41215.2125,460,0,0.0,218,42327.7705,50817.561499999996,1607.7940379526974
2689,Customer,50177.0775,44052.055,293,0,0.0,218,42327.7705,50817.561499999996,1839.3957679619282
656,Customer,4093.1075,84967.735,376,0,0.0,9,88899.106,5187.009999999995,4080.723051022604
706,Customer,5510.86,95055.0175,325,0,0.0,9,88899.106,5187.009999999995,6164.424159508517
1526,Customer,5564.3325,88433.735,380,0,0.0,9,88899.106,5187.009999999995,599.1180490080845
2221,Customer,7743.12,89126.0875,374,0,0.0,9,88899.106,5187.009999999995,2566.1681420831087
2484,Customer,3023.63,86912.955,411,0,0.0,9,88899.106,5187.009999999995,2936.8365325977834
695,Customer,62146.905,54241.23,332,0,0.0,297,54162.038888888885,61934.91166666667,226.30158076511688
1062,Customer,63141.8975,58002.7825,236,0,0.0,297,54162.038888888885,61934.91166666667,4025.931729197381
1242,Customer,62159.265,56865.29,407,0,0.0,297,54162.038888888885,61934.91166666667,2712.545112602049
1259,Customer,63273.6675,50978.8025,299,0,0.0,297,54162.038888888885,61934.91166666667,3453.297133006425
1639,Customer,59862.365,52211.5125,244,0,0.0,297,54162.038888888885,61934.91166666667,2846.0503999864522
1720,Customer,60647.93,55800.105,233,0,0.0,297,54162.038888888885,61934.91166666667,2083.1664347110664
2208,Customer,62792.1325,58155.39,393,0,0.0,297,54162.038888888885,61934.91166666667,4084.3213210658473
2522,Customer,61662.32,51169.485,345,0,0.0,297,54162.038888888885,61934.91166666667,3004.943426196256
2553,Customer,61727.7225,50033.7525,336,0,0.0,297,54162.038888888885,61934.91166666667,4133.482292144147
703,Customer,184798.755,43880.66,341,0,0.0,179,43218.64333333334,185326.52222222224,846.6429635900897
708,Customer,186574.7,42571.9625,303,0,0.0,179,43218.64333333334,185326.52222222224,1405.753842299201
955,Customer,182865.685,44889.4125,292,0,0.0,179,43218.64333333334,185326.52222222224,2974.422539344144
1013,Customer,186141.0875,40711.225,307,0,0.0,179,43218.64333333334,185326.52222222224,2636.411062428868
1402,Customer,189939.1675,40611.245,279,0,0.0,179,43218.64333333334,185326.52222222224,5298.586842477442
1760,Customer,186634.0175,45480.36,309,0,0.0,179,43218.64333333334,185326.52222222224,2612.4521395977504
2415,Customer,188107.9275,44767.895,296,0,0.0,179,43218.64333333334,185326.52222222224,3183.770727599486
2542,Customer,179776.255,44280.1175,253,0,0.0,179,43218.64333333334,185326.52222222224,5650.857779538887
2690,Customer,183101.105,41774.9125,402,0,0.0,179,43218.64333333334,185326.52222222224,2652.704380831131
710,Customer,48850.4175,156633.2625,232,0,0.0,60,155957.6197222222,45374.76055555556,3540.718056924077
1111,Customer,45643.9325,156855.985,365,0,0.0,60,155957.6197222222,45374.76055555556,937.823921636009
1123,Customer,45871.92,158407.4425,409,0,0.0,60,155957.6197222222,45374.76055555556,2499.7598196065182
1390,Customer,43231.2575,159257.5525,328,0,0.0,60,155957.6197222222,45374.76055555556,3934.991955141482
1493,Customer,42552.9075,154161.1375,445,0,0.0,60,155957.6197222222,45374.76055555556,3345.17608533671
2006,Customer,42040.875,152830.7075,325,0,0.0,60,155957.6197222222,45374.76055555556,4570.817535520828
2040,Customer,49609.4225,158744.2075,368,0,0.0,60,155957.6197222222,45374.76055555556,5069.263578369791
2722,Customer,42078.23,155295.725,278,0,0.0,60,155957.6197222222,45374.76055555556,3362.323352537203
2778,Customer,48493.8825,151432.5575,228,0,0.0,60,155957.6197222222,45374.76055555556,5495.917559361452
719,Customer,147829.33,171207.985,238,0,0.0,212,166432.80525,151196.64075000002,5843.04058961391
795,Customer,151079.075,162453.315,501,0,0.0,212,166432.80525,151196.64075000002,3981.2264888370955
958,Customer,148451.51,164188.5175,334,0,0.0,212,166432.80525,151196.64075000002,3545.7820490543077
1021,Customer,151100.4675,169827.375,316,0,0.0,212,166432.80525,151196.64075000002,3395.9318429012374
1050,Customer,153628.435,165036.0275,440,0,0.0,212,166432.80525,151196.64075000002,2804.3914415124073
1087,Customer,152981.8625,168236.635,305,0,0.0,212,166432.80525,151196.64075000002,2537.8767628980777
1211,Customer,152562.16,169020.5075,271,0,0.0,212,166432.80525,151196.64075000002,2925.892300952923
1535,Customer,154221.2625,161660.925,260,0,0.0,212,166432.80525,151196.64075000002,5649.705996856229
2533,Customer,153168.56,164113.2625,417,0,0.0,212,166432.80525,151196.64075000002,3044.461216307083
2541,Customer,146943.745,168583.5025,367,0,0.0,212,166432.80525,151196.64075000002,4765.7760041283755
864,Customer,22782.065,177552.78,476,0,0.0,68,179958.75833333333,23028.582916666666,2418.5745437565315
1018,Customer,24555.945,181657.8775,426,0,0.0,68,179958.75833333333,23028.582916666666,2284.697108182698
1119,Customer,21940.005,179145.3075,429,0,0.0,68,179958.75833333333,23028.582916666666,1358.9349281349112
1452,Customer,21947.645,182433.1525,325,0,0.0,68,179958.75833333333,23028.582916666666,2700.1950432740396
2028,Customer,20687.3575,183950.435,323,0,0.0,68,179958.75833333333,23028.582916666666,4627.614835188547
2095,Customer,23738.7225,182111.205,275,0,0.0,68,179958.75833333333,23028.582916666666,2266.566760689223
2363,Customer,20549.22,176156.0275,301,0,0.0,68,179958.75833333333,23028.582916666666,4539.603756202283
2413,Customer,20724.975,177840.2725,232,0,0.0,68,179958.75833333333,23028.582916666666,3129.631233829858
2822,Customer,23142.0075,176990.8075,414,0,0.0,68,179958.75833333333,23028.582916666666,2970.1173857590857
2855,Customer,23450.8325,179377.7075,203,0,0.0,68,179958.75833333333,23028.582916666666,718.2720804420462
2944,Customer,27384.64,179684.2325,394,0,0.0,68,179958.75833333333,23028.582916666666,4364.699044198335
2964,Customer,25439.58,182605.295,309,0,0.0,68,179958.75833333333,23028.582916666666,3580.0926334178894
1031,Customer,193577.185,185393.9675,343,0,0.0,315,182143.82374999998,190262.9825,4641.914756506234
1040,Customer,188197.285,180670.485,306,0,0.0,315,182143.82374999998,190262.9825,2537.2885594188606
1072,Customer,190664.635,178829.305,347,0,0.0,315,182143.82374999998,190262.9825,3338.7661306024015
1788,Customer,188612.825,183681.5375,363,0,0.0,315,182143.82374999998,190262.9825,2255.567190696254
1034,Customer,49107.7925,169500.7025,265,0,0.0,295,167177.05625,49833.18916666667,2434.2416106767764
1412,Customer,48949.03,166811.585,379,0,0.0,295,167177.05625,49833.18916666667,956.7166072444168
1642,Customer,55412.095,164907.055,420,0,0.0,295,167177.05625,49833.18916666667,6023.047067075122
1661,Customer,45395.5775,165980.9025,292,0,0.0,295,167177.05625,49833.18916666667,4595.9962029765875
2395,Customer,51619.4425,168003.47,283,0,0.0,295,167177.05625,49833.18916666667,1968.1617456483334
2972,Customer,48515.1975,167858.6225,398,0,0.0,295,167177.05625,49833.18916666667,1483.7906141170492
1177,Customer,9060.5725,35800.11,290,0,0.0,7,40101.233636363635,10994.163863636364,4715.765059543898
1248,Customer,8350.0225,37758.5075,342,0,0.0,7,40101.233636363635,10994.163863636364,3532.68301732466
1330,Customer,9126.515,43299.345,214,0,0.0,7,40101.233636363635,10994.163863636364,3703.515704308848
1503,Customer,10395.8325,39356.6825,216,0,0.0,7,40101.233636363635,10994.163863636364,955.1737095268728
1997,Customer,12993.4775,40216.7225,340,0,0.0,7,40101.233636363635,10994.163863636364,2002.6464226551846
2002,Customer,6256.05,39405.6375,387,0,0.0,7,40101.233636363635,10994.163863636364,4788.901436624807
2129,Customer,10677.6125,39782.5425,339,0,0.0,7,40101.233636363635,10994.163863636364,449.18682774184845
2495,Customer,11934.9125,39437.185,276,0,0.0,7,40101.233636363635,10994.163863636364,1151.507094323108
2646,Customer,11285.615,39228.44,449,0,0.0,7,40101.233636363635,10994.163863636364,920.1698194162356
2674,Customer,16094.8325,44299.2225,244,0,0.0,7,40101.233636363635,10994.163863636364,6606.052606299669
2699,Customer,14760.36,42529.175,407,0,0.0,7,40101.233636363635,10994.163863636364,4480.974514859107
1214,Customer,77527.3225,173974.76,423,0,0.0,16,177540.57374999998,75340.432,4183.003437564818
1303,Customer,75857.43,178396.7375,391,0,0.0,16,177540.57374999998,75340.432,1000.1516379120051
1430,Customer,71030.55,177731.9225,344,0,0.0,16,177540.57374999998,75340.432,4314.127628855055
1470,Customer,74699.815,183377.08,360,0,0.0,16,177540.57374999998,75340.432,5871.558170279685
1707,Customer,75438.8075,176028.7875,280,0,0.0,16,177540.57374999998,75340.432,1514.9836318222178
1860,Customer,73714.1125,173234.4325,379,0,0.0,16,177540.57374999998,75340.432,4603.017225802189
2070,Customer,76467.0925,178467.055,275,0,0.0,16,177540.57374999998,75340.432,1458.674531505171
2536,Customer,77110.34,173552.6975,303,0,0.0,16,177540.57374999998,75340.432,4362.995681155074
2630,Customer,76977.3425,181756.28,295,0,0.0,16,177540.57374999998,75340.432,4522.350624542446
2692,Customer,74581.5075,178885.985,370,0,0.0,16,177540.57374999998,75340.432,1544.6999152996725
